user_id,day_of_week,study_importance,sleep_duration_prev_night,hour_of_alarm,snooze_count_last_7_days,snooze_probability,did_snooze
103,Monday,8,7.5,6,1,0.24192585631003874,0
436,Tuesday,8,6.7,7,2,0.3497531441436594,1
349,Tuesday,8,8.5,6,2,0.2202428218767696,0
271,Thursday,6,6.8,7,0,0.47558759209683643,0
107,Monday,6,5.9,8,2,0.5317012290658746,0
72,Friday,7,6.1,7,3,0.6796333063690511,1
189,Sunday,9,6.7,5,0,0.42789995496023936,1
21,Friday,9,7.6,5,2,0.23083707699330397,0
103,Thursday,3,6.6,8,3,0.5240127582899698,0
122,Saturday,5,7.5,7,0,0.7551360714509566,1
467,Friday,4,7.2,8,2,0.40882296171675647,1
215,Monday,8,7.3,5,2,0.37002438780652275,0
331,Wednesday,5,8.0,8,2,0.21168827227704168,0
459,Saturday,6,7.8,7,2,0.4574540688128839,0
88,Wednesday,10,5.5,6,1,0.6301181264464283,0
373,Monday,9,6.1,5,1,0.33135830243313935,1
100,Friday,9,6.1,6,0,0.28999713044688435,0
360,Saturday,5,6.5,7,0,0.328279427454146,0
152,Tuesday,1,7.9,10,0,0.21863076995291067,0
131,Thursday,6,6.5,8,2,0.46271362477366745,1
150,Tuesday,4,6.9,8,0,0.25433377431661275,0
309,Friday,3,7.1,9,0,0.17669499007693437,0
258,Tuesday,9,7.0,6,0,0.10945646720136412,1
344,Tuesday,5,7.1,7,2,0.8830358530478779,1
492,Saturday,5,10.0,7,1,0.40835476651636293,1
414,Wednesday,6,7.5,8,0,0.4030349920960596,0
294,Friday,10,5.6,7,1,0.283917089318817,0
386,Wednesday,6,7.1,7,1,0.208263202290317,0
192,Tuesday,8,6.8,6,0,0.3515411051101433,1
444,Thursday,6,5.0,7,4,0.8523038913917572,1
277,Monday,3,3.8,8,3,0.8977904168019006,1
161,Wednesday,4,6.9,8,1,0.41314098241529484,1
460,Tuesday,6,6.4,7,1,0.4217233499245236,0
314,Friday,7,5.3,6,1,0.5136258988483746,0
22,Sunday,8,6.8,7,1,0.4972898246224951,0
253,Sunday,8,7.1,5,2,0.7015021668011548,0
236,Wednesday,8,6.0,6,4,0.705500428657048,0
345,Tuesday,5,7.0,8,1,0.1487865383938111,0
49,Wednesday,10,6.9,6,2,0.4362233318194096,1
475,Saturday,10,8.4,5,0,0.08420355898733303,0
59,Tuesday,5,8.1,8,2,0.4641904065447355,1
170,Sunday,5,8.2,8,2,0.21951175091465755,0
476,Wednesday,3,5.9,9,3,0.5504865096182312,1
188,Sunday,7,7.6,7,1,0.21692122178229645,0
464,Saturday,7,5.5,7,4,0.6199867146530001,1
271,Saturday,5,6.8,7,2,0.8021904719583931,0
190,Tuesday,7,3.7,8,6,0.960851634063169,1
446,Monday,4,6.3,7,2,0.8961330540672219,1
175,Wednesday,8,6.1,5,0,0.1808382619916046,0
446,Tuesday,5,7.5,7,6,0.9066312582754577,1
51,Monday,7,5.5,7,3,0.6913110362504765,0
364,Thursday,7,6.9,8,1,0.2153465272739833,0
55,Wednesday,3,6.2,9,0,0.3970784786257958,1
244,Thursday,8,6.2,6,2,0.6634397409417246,1
320,Thursday,5,5.8,8,1,0.2699144063675997,0
131,Monday,7,7.1,7,0,0.2668965080853865,0
485,Sunday,4,7.2,10,1,0.30182629253455046,0
307,Tuesday,6,5.6,8,1,0.178301176588795,1
135,Wednesday,7,6.9,8,0,0.09917317193810161,0
21,Thursday,4,7.1,8,0,0.16305788426044301,0
329,Saturday,4,9.2,7,1,0.26103814428333133,1
167,Monday,7,6.0,7,2,0.5569634661974285,1
274,Wednesday,6,6.2,7,0,0.5055081699951578,1
388,Thursday,7,5.2,8,2,0.8420562760291471,1
89,Tuesday,6,6.2,6,4,0.6748703215229201,1
316,Thursday,8,5.4,6,2,0.574967508126856,1
14,Sunday,5,8.7,7,2,0.5558910905839881,1
242,Sunday,8,8.0,6,2,0.7307495446291634,1
265,Monday,5,5.4,6,3,0.7989527658889292,1
346,Tuesday,5,5.5,8,2,0.32900414394643845,0
53,Tuesday,8,6.0,5,1,0.1772186650483936,1
386,Wednesday,5,8.3,7,2,0.17066287693828694,0
340,Tuesday,4,6.0,9,1,0.2542884709695073,1
92,Tuesday,10,6.5,6,1,0.23979121505767337,1
367,Sunday,6,9.2,8,1,0.28875196670860964,0
444,Sunday,7,7.9,8,1,0.42497155493899047,0
455,Monday,2,5.0,10,7,0.9550407303257085,1
428,Wednesday,9,4.5,6,4,0.8173769210567119,1
264,Wednesday,10,6.8,6,2,0.13641721123718317,0
431,Tuesday,9,9.5,6,1,0.12382165652704752,0
35,Thursday,9,8.3,7,1,0.17530748424616574,0
206,Friday,6,7.2,7,0,0.2626993551582104,0
81,Saturday,7,8.3,7,4,0.10613837454569906,0
420,Friday,7,7.7,7,0,0.22195189806715396,0
50,Thursday,5,4.7,7,3,0.7345640417112006,1
360,Friday,6,6.9,8,4,0.4068274672994258,0
388,Tuesday,4,8.3,8,0,0.40072528372425015,0
2,Thursday,6,9.2,8,0,0.10964289745533175,0
390,Thursday,8,7.3,6,1,0.33247682597869016,1
54,Monday,3,5.1,9,2,0.5739244121944692,1
106,Tuesday,8,7.4,6,1,0.27449679058140664,1
260,Tuesday,3,7.4,8,2,0.5924449836905143,0
310,Sunday,7,8.4,8,0,0.05516806532984341,0
477,Tuesday,7,7.2,6,1,0.6257494134621596,0
191,Tuesday,8,8.9,5,3,0.8066321968025798,1
402,Wednesday,6,6.9,6,1,0.23626953760326255,0
218,Friday,4,6.8,7,1,0.22209486596908531,0
44,Monday,7,6.4,7,1,0.3979033969455982,1
162,Sunday,10,7.5,5,3,0.6719411925685903,0
202,Saturday,6,7.7,7,1,0.10980103574404187,0
446,Thursday,5,6.8,7,3,0.812636382176238,0
484,Friday,6,7.6,8,1,0.139640219062786,0
270,Monday,7,4.2,7,3,0.508653461319659,1
351,Wednesday,6,6.5,7,1,0.48054940663655693,0
304,Friday,6,7.3,6,0,0.18931446990643144,0
271,Monday,9,7.0,7,1,0.11453880666246732,1
456,Tuesday,8,5.2,6,3,0.8251380394983676,1
462,Thursday,6,7.3,7,2,0.40510937578929196,1
215,Tuesday,6,6.8,7,1,0.6095384406352828,0
252,Sunday,7,8.3,6,1,0.2458433479355882,0
190,Monday,8,7.4,5,1,0.49455474890367157,0
296,Friday,9,7.1,7,3,0.11973992501874797,0
213,Thursday,6,6.7,7,0,0.21238897459176612,0
208,Friday,5,7.0,8,1,0.6404417857784785,0
237,Tuesday,5,7.0,8,1,0.10336545472940804,0
338,Thursday,5,8.3,7,1,0.3920617352793441,1
367,Saturday,3,10.0,10,0,0.3970794778301173,0
53,Wednesday,9,5.4,5,3,0.2986875006368553,0
280,Wednesday,8,3.5,5,4,0.9057805329005361,1
410,Thursday,2,6.1,8,1,0.2910875794082115,0
217,Friday,7,5.6,6,1,0.5430418181502068,1
252,Wednesday,6,7.7,7,1,0.5162256817056798,0
188,Sunday,6,9.2,7,0,0.08177067341910402,1
380,Tuesday,2,7.7,7,0,0.5478748447177642,1
493,Wednesday,6,6.3,7,1,0.3069654678127935,0
41,Friday,7,7.6,7,3,0.17268610243713783,0
157,Friday,4,8.2,7,2,0.36538188454688947,0
15,Saturday,10,8.2,7,2,0.16303799919768525,0
301,Sunday,8,8.1,6,0,0.6203275688003079,0
65,Wednesday,4,6.6,9,1,0.20465604857835754,0
345,Monday,9,5.2,7,1,0.6810255217015942,1
327,Monday,6,8.0,7,2,0.40396517815263216,0
9,Friday,9,8.7,7,3,0.2714017193928137,0
344,Saturday,4,5.7,8,2,0.9559364229662498,1
129,Tuesday,7,7.6,7,3,0.29516695874943105,0
492,Monday,4,5.7,9,2,0.8330065201317097,1
136,Monday,5,7.3,7,1,0.1910685748494229,0
472,Saturday,3,5.7,9,4,0.9434067581904173,1
63,Tuesday,4,7.6,9,0,0.0643336983353724,0
139,Wednesday,4,7.2,9,2,0.7267520914755532,1
499,Thursday,4,7.7,7,3,0.741005029593331,1
81,Saturday,7,8.2,7,1,0.0677826090614311,0
392,Friday,3,6.9,9,1,0.48935871996329583,0
163,Thursday,7,7.6,7,3,0.436229011746231,0
419,Tuesday,9,6.2,5,2,0.39772273723194684,0
289,Thursday,5,7.4,8,1,0.6020646283688591,0
379,Friday,6,6.0,8,2,0.6763080640903331,0
261,Sunday,6,8.2,8,2,0.19600331586178305,0
490,Tuesday,6,6.5,6,1,0.6794157614699375,0
231,Monday,1,7.3,8,0,0.5150201047580664,1
41,Monday,4,6.4,8,0,0.13012876261575052,0
28,Wednesday,9,6.4,6,1,0.3438076567525259,0
135,Saturday,7,7.1,6,0,0.31937220482027545,0
201,Monday,6,5.1,7,2,0.5703462959022181,1
328,Wednesday,2,7.7,9,1,0.6393320149434546,0
268,Wednesday,8,6.8,7,1,0.4149215852074335,1
418,Monday,5,5.2,7,1,0.7125029071107147,1
33,Wednesday,4,6.0,10,2,0.24146625281470643,1
48,Tuesday,4,6.0,10,4,0.36102731673846894,0
407,Wednesday,8,7.2,6,2,0.4323589223296661,1
62,Friday,6,6.4,7,1,0.7117570819932695,0
216,Thursday,8,7.8,5,1,0.5775751255762762,1
293,Monday,9,5.3,6,2,0.3777968899802947,1
99,Sunday,5,7.9,6,3,0.799628298591989,1
172,Thursday,6,7.1,6,1,0.5274684032267907,0
360,Friday,6,6.2,8,2,0.4587585724383684,0
214,Monday,4,7.0,10,1,0.19056650363581087,0
475,Monday,4,6.7,8,2,0.29158071347913406,1
35,Monday,6,8.1,7,0,0.14862050209022812,1
449,Tuesday,6,6.8,7,1,0.35071432060303115,0
227,Wednesday,6,8.1,7,2,0.2512892231406977,0
101,Sunday,6,8.4,6,1,0.6626316979020234,1
431,Wednesday,5,5.2,8,1,0.40589378333637666,0
462,Tuesday,10,6.6,6,2,0.31266781800596877,0
131,Thursday,7,7.7,6,1,0.5064058934643137,0
257,Monday,5,7.0,7,2,0.49527183084595955,1
5,Thursday,7,6.8,8,1,0.37452300738648087,1
218,Thursday,5,6.9,8,1,0.04116623783480704,0
255,Friday,7,7.4,7,2,0.3946845503197458,0
398,Sunday,7,6.9,6,0,0.6330587360909041,0
359,Tuesday,8,6.4,6,4,0.8608372011937264,1
283,Thursday,4,7.7,10,1,0.10840315948845737,0
393,Sunday,10,7.6,6,2,0.6916266334133229,1
207,Friday,9,6.5,7,2,0.707962787067019,0
15,Thursday,10,6.7,5,0,0.11264381459626245,0
346,Sunday,6,8.0,8,0,0.090826083916357,0
42,Monday,7,6.7,6,2,0.4668191979716133,1
380,Sunday,7,7.6,8,0,0.2727407936690745,0
461,Monday,5,4.6,6,2,0.8534822648023458,1
179,Thursday,8,7.0,6,4,0.8475180243760676,1
63,Saturday,5,7.2,8,3,0.5507754864501191,1
352,Tuesday,8,7.8,6,0,0.557719387113941,0
231,Wednesday,6,6.6,8,2,0.7743055862050889,1
241,Wednesday,7,8.5,7,1,0.1898998470028168,0
52,Sunday,9,8.1,7,1,0.6720784083201449,1
96,Saturday,6,6.5,6,3,0.5499338456679392,1
388,Friday,8,5.2,6,1,0.6726897899877546,0
222,Thursday,5,6.6,8,0,0.20190092110610178,0
485,Saturday,4,7.4,9,3,0.6117083356039108,1
407,Wednesday,10,4.7,7,2,0.42787379642633044,0
231,Wednesday,8,6.6,6,1,0.5459218193916127,0
237,Friday,6,6.3,7,2,0.39637864955352287,1
143,Wednesday,8,6.9,6,2,0.49103273426493493,0
171,Monday,4,9.1,10,1,0.32706973736912553,1
29,Monday,7,4.7,8,3,0.3251703142191083,1
36,Monday,7,7.8,7,1,0.22377609723780148,0
13,Saturday,8,8.0,6,1,0.0939638560148277,0
160,Wednesday,10,6.1,5,1,0.33183365747295934,1
327,Friday,9,6.7,6,1,0.2944959884692304,1
187,Wednesday,4,7.8,8,1,0.18894765648671977,0
243,Tuesday,3,6.8,8,1,0.45799242871219803,1
86,Wednesday,7,4.4,8,4,0.8116401686561465,0
284,Friday,7,7.1,7,2,0.6669572345642668,1
66,Thursday,4,7.6,9,1,0.11273675543933857,0
170,Sunday,5,6.9,6,2,0.46113434925638347,0
45,Friday,5,7.7,8,2,0.7259322414071777,1
62,Thursday,9,7.8,6,1,0.21079891443243454,0
441,Thursday,6,8.3,7,0,0.11165665774964635,0
134,Sunday,3,8.6,9,1,0.5838742226342102,1
284,Friday,6,9.8,6,0,0.35383270495627434,0
28,Monday,6,8.1,7,0,0.16528532075533592,1
108,Thursday,4,6.9,10,0,0.10289228239033373,0
44,Friday,8,7.7,5,2,0.3495982687363782,1
340,Friday,9,6.9,7,3,0.5999300901780019,0
286,Tuesday,6,6.4,7,2,0.7610696615997213,1
446,Saturday,3,6.2,9,1,0.8233673531223004,1
331,Sunday,6,7.3,7,4,0.9465297485868494,1
128,Tuesday,7,7.8,8,2,0.18681949435082618,1
348,Saturday,2,6.4,9,0,0.4698240403853254,1
473,Monday,7,7.2,8,3,0.4770295985042472,1
231,Monday,6,6.3,7,2,0.8114513574233888,1
190,Monday,7,6.8,8,2,0.6177676630668356,1
225,Monday,6,6.7,8,1,0.6433855481464013,1
385,Saturday,5,7.7,7,0,0.19042810922183578,1
377,Monday,6,9.5,8,1,0.06969099782229554,0
283,Tuesday,5,6.1,7,2,0.32664892325316536,0
446,Monday,6,6.7,6,0,0.5978666046363522,0
121,Tuesday,5,6.5,7,3,0.4592482577702777,1
116,Monday,8,5.0,5,3,0.9220239126427942,1
461,Friday,9,7.8,6,2,0.603194758618163,0
233,Monday,5,5.8,6,5,0.9402585757140012,1
259,Saturday,6,9.1,6,0,0.27670099897069816,1
359,Saturday,4,6.5,7,0,0.7620086601360302,1
198,Monday,7,7.2,6,1,0.39771130271446653,1
456,Saturday,7,9.6,7,0,0.13250205352474578,0
411,Monday,5,7.3,8,1,0.3997172533914507,1
137,Tuesday,6,6.1,8,2,0.5619168595738274,1
318,Monday,8,5.7,7,2,0.5326314279947452,0
165,Wednesday,3,4.1,7,3,0.9660478381929959,1
225,Thursday,4,6.3,7,2,0.7289550585033004,0
307,Friday,8,5.1,5,4,0.6674182535766012,0
234,Wednesday,7,6.7,7,1,0.27124158485184546,0
172,Friday,6,6.3,8,1,0.41452198190502604,1
152,Tuesday,8,6.9,7,1,0.3916800681416813,1
463,Friday,8,5.4,5,2,0.7198640782220488,0
315,Tuesday,10,6.1,6,0,0.30748024909676025,0
374,Monday,8,7.4,7,0,0.24964441054736955,0
160,Tuesday,8,7.1,7,1,0.13191784532589498,0
96,Tuesday,6,4.6,6,2,0.684751821337278,0
472,Thursday,6,7.7,6,0,0.2700310013900083,0
233,Saturday,6,6.2,7,0,0.8129174085782626,1
180,Monday,7,4.9,6,6,0.9707692266744092,1
113,Friday,4,6.4,10,0,0.10553846762559951,0
318,Friday,7,9.6,7,1,0.2119331002844921,0
497,Saturday,6,7.0,6,1,0.19716634907390498,0
442,Tuesday,7,6.8,6,1,0.40148079066439585,1
52,Wednesday,5,7.5,6,2,0.7462899822882308,1
268,Sunday,5,6.4,7,2,0.8803653874898381,1
295,Friday,7,7.1,6,0,0.42691402998082756,0
386,Wednesday,7,5.7,6,2,0.38296008758676375,0
387,Monday,5,7.4,8,2,0.231017950371319,0
113,Tuesday,9,7.2,5,1,0.19533567723258272,1
101,Thursday,9,7.1,5,2,0.6501583437874309,1
113,Friday,3,6.9,7,2,0.4229829944847614,0
440,Monday,5,9.1,6,3,0.567277060379096,0
81,Thursday,7,7.0,7,0,0.04014878321727075,0
187,Thursday,7,7.3,6,1,0.4495130646273677,1
113,Thursday,10,7.1,6,1,0.15218497779703571,0
2,Friday,7,5.5,7,1,0.6283915045157653,1
130,Saturday,6,6.5,7,1,0.6957688393145691,0
220,Wednesday,4,5.4,10,1,0.3717474118089524,0
54,Saturday,3,6.5,8,0,0.3623949938487504,1
343,Tuesday,6,6.1,7,0,0.8414071864531724,1
485,Tuesday,10,6.5,7,2,0.24180955030117066,0
224,Tuesday,6,6.4,8,1,0.2882750233284281,0
225,Monday,5,7.4,7,2,0.5147783014251648,0
385,Tuesday,7,8.3,6,0,0.08393131043719092,0
403,Monday,2,8.1,7,2,0.7264589829583269,0
126,Saturday,7,7.7,7,2,0.1289243881654191,0
130,Monday,8,5.7,7,2,0.7746388720302315,1
53,Friday,5,8.0,7,2,0.08861610482652651,0
172,Monday,9,6.0,6,4,0.5786573224324053,0
218,Sunday,8,7.9,6,0,0.1464245738482278,1
160,Friday,9,7.0,6,2,0.18964091661264634,0
198,Monday,4,5.4,8,5,0.847465061128911,1
416,Friday,6,6.1,8,1,0.22382915994817937,0
247,Thursday,8,7.3,7,2,0.49424708559954944,0
324,Friday,4,6.5,9,0,0.3428488058771984,0
439,Thursday,8,10.0,6,0,0.033053834860409144,0
203,Friday,6,6.2,7,2,0.4987890865365916,0
184,Friday,8,5.5,5,3,0.6968097802221611,1
123,Wednesday,7,6.8,6,2,0.40935519768681217,1
401,Monday,9,6.3,5,4,0.8554883166817798,1
255,Saturday,4,5.3,8,3,0.9031696719169503,1
294,Wednesday,7,7.7,6,0,0.40385487395011666,1
280,Thursday,3,7.9,8,1,0.10246671729505882,0
325,Monday,7,7.7,8,1,0.3768738469907857,0
372,Thursday,7,7.1,8,2,0.3750768141407927,0
98,Sunday,6,7.2,6,1,0.4780574421602508,1
198,Tuesday,5,6.9,6,0,0.4069579142815607,0
470,Wednesday,6,6.6,8,0,0.2570611880047325,1
395,Friday,7,5.9,8,1,0.2666328799582441,0
240,Saturday,7,9.2,7,1,0.3158576839401452,1
144,Wednesday,10,8.2,6,2,0.19659329100126255,0
97,Tuesday,8,7.5,5,0,0.22239597527735044,0
201,Sunday,5,6.9,8,2,0.4733743375279808,1
124,Friday,8,7.4,7,0,0.16515753648727866,0
187,Monday,8,6.4,6,0,0.4886606651568004,1
326,Monday,5,6.4,8,0,0.24786108189346326,0
464,Thursday,8,6.7,5,1,0.0936229679987417,0
349,Tuesday,4,7.2,8,1,0.12159477744468639,0
259,Tuesday,5,6.2,7,0,0.300176026512298,1
148,Saturday,4,7.2,8,4,0.7610421477679629,0
252,Monday,6,8.3,8,3,0.2935403060017072,0
443,Friday,6,4.7,8,3,0.897106682314233,1
420,Tuesday,6,7.9,8,1,0.2970213435868012,0
403,Friday,8,6.5,5,1,0.5317723846470692,0
346,Friday,7,6.1,8,2,0.17013692549201045,0
451,Monday,8,6.3,5,1,0.19072732881902474,0
147,Thursday,10,6.7,5,0,0.4813956211175013,1
148,Monday,10,7.8,6,1,0.13597917232586498,0
352,Saturday,6,7.6,6,0,0.688081745123908,1
199,Saturday,8,6.8,7,1,0.4793889769481752,1
308,Wednesday,6,7.5,7,1,0.10231205523562815,0
489,Wednesday,9,6.6,6,0,0.18966903462238768,0
417,Tuesday,8,7.3,7,2,0.266841683796814,0
424,Friday,5,7.0,7,0,0.3277266317493032,0
128,Wednesday,5,5.4,7,2,0.4429163674773835,1
39,Tuesday,9,7.4,6,0,0.17755549222713662,1
338,Wednesday,5,4.7,7,3,0.8153659437525954,1
360,Monday,6,6.6,7,1,0.3944353614888222,0
129,Friday,8,5.5,7,3,0.3461407219371788,0
267,Monday,6,4.3,8,4,0.7833219606035238,1
476,Friday,10,7.0,6,3,0.6057254478538386,1
441,Tuesday,9,7.7,6,1,0.18662176471440717,0
473,Tuesday,5,6.7,8,0,0.477115964196271,1
434,Thursday,5,8.2,7,4,0.6567359478213713,0
151,Sunday,8,7.4,7,1,0.5273296784968594,1
415,Friday,6,6.9,8,2,0.12319259308553641,0
478,Tuesday,3,5.7,10,2,0.28888996891797986,0
298,Tuesday,5,7.4,8,2,0.28250899597668744,1
99,Saturday,7,8.0,8,2,0.34991862429031795,0
263,Wednesday,8,6.2,6,1,0.5269677552945066,1
252,Monday,8,5.2,6,4,0.8525424692642578,1
144,Saturday,10,5.6,6,1,0.5472438245379765,0
346,Saturday,5,8.6,6,0,0.14586107458814548,1
112,Sunday,5,6.0,7,2,0.5139487899553431,0
500,Sunday,6,9.2,8,2,0.45274324298288837,0
60,Saturday,3,6.5,8,2,0.7229420436789137,1
369,Monday,6,6.3,7,2,0.5531292563473309,1
2,Monday,6,10.0,7,2,0.3699968992671744,0
385,Thursday,8,6.1,5,0,0.12362699067230393,0
304,Thursday,8,5.5,7,3,0.4614288887918618,0
254,Wednesday,7,6.3,8,0,0.20422471059403446,0
140,Wednesday,7,4.9,8,4,0.45467857993141053,0
453,Wednesday,7,6.4,6,3,0.5106492267894422,1
37,Thursday,5,6.8,7,1,0.11593253982370161,1
160,Monday,6,7.9,6,1,0.23589153560381876,0
9,Tuesday,7,7.3,6,2,0.4162457082210986,1
233,Thursday,6,6.9,8,1,0.20300150365184272,0
99,Friday,6,9.3,7,2,0.08683266874212689,0
147,Tuesday,5,7.4,7,1,0.558685342453532,1
304,Thursday,4,8.4,8,1,0.2587658697833179,0
208,Friday,6,7.8,6,0,0.4581654021541023,0
131,Wednesday,8,8.4,7,0,0.24899454622423042,0
404,Monday,3,8.1,7,1,0.4639119876944149,1
152,Wednesday,6,7.7,7,2,0.3523767173344245,0
54,Tuesday,10,7.4,5,1,0.3205816289722201,0
120,Sunday,6,9.2,7,1,0.34381321785938707,1
161,Monday,7,6.0,7,1,0.34230439524292544,0
408,Friday,10,5.8,6,2,0.276481268940412,1
116,Monday,7,4.8,8,3,0.8048315224638403,1
75,Wednesday,7,7.3,6,2,0.4341400174230162,1
113,Thursday,5,8.1,6,1,0.271105586012036,0
456,Tuesday,7,5.5,8,2,0.5539577852623152,0
420,Wednesday,6,5.8,8,2,0.37088723934830176,0
422,Tuesday,8,8.4,6,3,0.5722437226664115,0
104,Tuesday,9,7.5,5,0,0.05007914933571277,0
340,Thursday,7,7.5,7,3,0.5759229709891271,0
254,Tuesday,7,7.2,7,1,0.15277788316010074,0
227,Saturday,3,7.1,10,4,0.7515126959591606,0
112,Thursday,2,4.8,9,3,0.5563070606719467,0
473,Wednesday,9,7.4,5,0,0.2696037527731755,0
99,Monday,2,9.3,9,0,0.29946472635159194,0
153,Thursday,7,7.1,8,1,0.18150478824382027,0
349,Friday,6,5.3,7,2,0.4088582074483178,0
402,Tuesday,9,6.5,7,2,0.13630428565846478,0
384,Saturday,6,8.5,7,2,0.4120941516774317,0
366,Tuesday,10,8.0,5,2,0.2498455219218689,1
338,Saturday,6,9.3,6,0,0.3347540781369975,1
194,Monday,9,8.0,5,0,0.15600549076238537,0
310,Saturday,4,5.0,9,3,0.7566014479327761,0
163,Thursday,2,7.0,9,1,0.47722486717160734,1
208,Tuesday,6,5.0,7,3,0.9476281538479284,0
445,Tuesday,4,7.5,8,1,0.21179156096077037,0
169,Wednesday,6,7.6,8,1,0.15117622132094177,1
484,Sunday,6,6.4,6,3,0.856399055036782,1
161,Tuesday,8,6.3,5,0,0.47400343054292665,1
68,Monday,4,5.9,7,3,0.8624249028520999,1
289,Thursday,7,7.7,7,0,0.5906798822192826,1
398,Thursday,8,6.6,7,2,0.39693212785453763,1
277,Thursday,6,5.9,6,2,0.38808574487752545,1
304,Friday,7,7.6,6,3,0.3224806447035655,0
404,Tuesday,5,7.4,7,1,0.35045794703258876,0
384,Sunday,6,8.4,7,3,0.4478771754806459,0
392,Wednesday,4,4.9,8,2,0.7411750249411181,1
135,Monday,10,6.0,5,4,0.3907610766569634,0
195,Friday,9,7.5,5,0,0.1781085240776185,1
401,Friday,10,4.7,7,5,0.8214516100830092,1
128,Tuesday,9,4.7,6,2,0.5585674073097506,1
33,Thursday,5,5.8,8,2,0.39891326389610576,0
176,Tuesday,3,7.6,8,1,0.5073867325415092,0
460,Wednesday,6,6.7,7,1,0.43037302298847996,0
443,Saturday,7,8.0,8,2,0.33017083960683336,1
371,Monday,6,5.5,6,1,0.5263320821232484,1
470,Wednesday,2,5.5,9,3,0.6466154458064894,1
375,Saturday,8,9.1,6,2,0.244086743597485,0
22,Sunday,3,7.9,8,0,0.2773332578339012,0
238,Wednesday,6,5.4,7,3,0.8928925107692501,1
158,Thursday,10,4.3,6,4,0.7541991039609671,1
38,Thursday,7,5.0,8,5,0.673086925823598,1
230,Sunday,9,6.1,7,3,0.5497630962471345,1
365,Saturday,7,5.9,7,2,0.578382133961213,1
51,Tuesday,4,6.7,8,3,0.43096704930441576,1
438,Wednesday,8,7.5,7,0,0.08691477536521768,0
264,Wednesday,6,6.6,6,1,0.21346295752808522,0
283,Friday,4,6.2,7,1,0.315149366101603,0
27,Thursday,3,7.1,9,0,0.10244726708456545,0
226,Friday,7,6.3,7,0,0.27238541156912155,0
277,Sunday,10,5.3,7,1,0.3894806532555415,0
286,Monday,4,6.9,10,2,0.47459243395523687,0
97,Tuesday,5,7.2,8,2,0.46497852005238194,1
284,Wednesday,7,8.1,8,0,0.14647526849313652,0
367,Wednesday,4,7.8,8,0,0.4011785431256266,0
448,Monday,10,6.0,6,3,0.4914992680672891,0
481,Monday,5,6.4,7,0,0.24137065534789434,0
453,Friday,6,6.7,7,0,0.15368484181227515,1
317,Saturday,5,7.7,7,1,0.2957165992653751,1
304,Thursday,8,8.5,6,3,0.38484096003789864,0
147,Thursday,10,6.6,7,0,0.2189283595560473,1
4,Tuesday,5,6.1,6,2,0.7500852679066229,1
35,Friday,8,8.2,5,0,0.29396640769364696,0
192,Friday,4,8.2,8,0,0.16977730202862296,0
49,Thursday,8,7.8,7,3,0.24359142749129342,1
17,Tuesday,10,4.8,5,4,0.7070903803795803,1
172,Monday,9,6.8,7,0,0.2413613861396682,0
220,Monday,7,6.4,8,2,0.3434233694522981,0
158,Thursday,4,7.2,8,1,0.4302966527376256,1
477,Saturday,7,6.4,8,3,0.8130176607087342,1
46,Saturday,6,8.4,6,3,0.5255685041991638,1
373,Wednesday,6,7.1,7,1,0.3506975492432815,0
6,Friday,7,7.8,7,1,0.15923306624684774,0
99,Sunday,6,6.5,8,0,0.34168355744913426,1
380,Tuesday,8,7.0,6,2,0.65815205038288,1
233,Wednesday,8,7.6,6,0,0.5885901806080005,1
37,Sunday,6,4.3,7,2,0.8540029747279771,0
280,Wednesday,7,7.5,7,0,0.073682472957203,0
349,Sunday,9,7.0,6,1,0.2026999928058595,0
497,Sunday,5,7.4,8,2,0.3528287862814884,0
302,Friday,7,8.2,6,0,0.1791255741658282,0
181,Saturday,4,8.7,8,2,0.19204251048479232,0
95,Friday,7,6.0,6,5,0.9110369273812836,1
99,Friday,7,4.7,8,5,0.7732891560585631,1
188,Tuesday,7,6.6,6,3,0.520791825342643,1
481,Monday,5,8.0,6,1,0.4050505787015962,1
116,Wednesday,8,8.3,7,1,0.21645972072910405,1
191,Friday,7,4.2,7,4,0.901153903818487,1
253,Monday,9,7.4,6,2,0.25164427325874894,0
469,Monday,6,7.3,8,2,0.3611927557091928,0
416,Monday,8,7.6,6,2,0.3605418115417045,0
471,Friday,7,6.7,7,3,0.7614539094642837,1
161,Sunday,10,5.3,5,2,0.5745882940092445,1
256,Sunday,6,6.9,7,0,0.4717946948130815,0
323,Thursday,5,5.6,7,3,0.922110933089942,1
128,Saturday,6,6.2,7,4,0.7875027213143195,1
18,Friday,4,7.6,8,1,0.05225496705478019,0
281,Thursday,5,6.5,7,1,0.5749182541657096,0
490,Thursday,2,7.2,8,5,0.8431852707799687,1
223,Monday,9,8.0,6,1,0.2235377991471996,0
54,Sunday,10,5.3,5,4,0.9097053507085363,0
58,Wednesday,6,8.6,7,1,0.25692428835932885,0
323,Wednesday,7,8.8,8,0,0.1761097643423032,0
360,Friday,7,4.6,6,2,0.5321107476675475,1
174,Wednesday,4,7.5,10,1,0.2669311518504499,0
280,Tuesday,9,9.1,6,3,0.21348133269702269,0
114,Thursday,9,5.0,5,5,0.9494650287933077,0
288,Monday,4,5.3,10,2,0.21411797938207205,1
431,Friday,7,7.7,7,2,0.250902131001268,0
342,Thursday,6,7.3,7,0,0.16488013979538277,0
151,Thursday,9,7.0,5,0,0.2746610265855965,0
450,Thursday,6,6.4,7,2,0.23438717443480403,0
127,Thursday,6,6.9,8,1,0.25106603565152913,0
155,Thursday,10,3.7,5,3,0.9180741300962753,1
490,Friday,4,5.3,9,2,0.5242203055138773,1
386,Friday,7,6.6,7,3,0.46225034250183333,1
474,Friday,7,4.2,6,3,0.8386451033903751,1
273,Saturday,5,7.2,8,2,0.6834864068333736,1
104,Tuesday,10,6.7,5,0,0.2488560723984243,0
417,Wednesday,7,5.8,6,6,0.8916348405467602,1
393,Sunday,8,6.6,7,3,0.5719417695858835,1
299,Wednesday,8,5.4,5,2,0.38965733919428786,0
246,Monday,6,6.1,8,1,0.3698891067822476,0
176,Thursday,9,7.1,6,1,0.31786123630973184,0
39,Monday,9,7.2,6,1,0.42222221157580614,0
477,Tuesday,6,7.9,7,0,0.3294708880314127,1
170,Sunday,8,7.2,5,1,0.19689045824158338,0
247,Thursday,9,7.2,6,4,0.6772995072612225,0
26,Tuesday,8,5.0,7,2,0.451599834292262,0
355,Sunday,5,7.6,6,2,0.6634183756643409,1
306,Sunday,6,7.1,7,0,0.20906436900086403,0
409,Wednesday,7,7.3,7,2,0.42786386211912075,0
408,Tuesday,7,6.4,6,2,0.656461137399723,1
13,Saturday,5,6.9,8,1,0.2594393250314224,0
316,Friday,6,5.7,7,2,0.5666855936103116,1
391,Friday,7,7.9,6,0,0.22752892586615667,0
313,Saturday,3,6.7,9,0,0.6086790638381306,0
36,Friday,7,8.9,7,1,0.17631451119111938,0
173,Tuesday,8,5.1,5,4,0.9248711247734143,1
20,Friday,7,8.1,8,1,0.45895042696002786,1
321,Tuesday,5,4.1,6,2,0.7788388622692393,0
264,Friday,5,6.5,7,0,0.15559879941219043,0
494,Thursday,9,6.0,6,3,0.6990903484022819,1
400,Monday,5,7.2,7,2,0.3637149548084947,0
142,Thursday,9,7.7,5,3,0.5020622490696177,1
460,Wednesday,5,9.0,8,0,0.10018911750375785,0
371,Wednesday,9,6.1,7,1,0.270578205994561,1
471,Thursday,8,5.8,6,2,0.5101949546603068,0
143,Wednesday,6,7.8,7,1,0.12252133232042259,0
92,Friday,3,6.5,10,2,0.4317112375485444,1
354,Monday,7,5.9,8,4,0.5613902106226307,0
322,Friday,7,6.2,8,2,0.17345548547831033,0
288,Saturday,7,6.5,7,1,0.21018404019364792,0
215,Friday,8,4.7,5,2,0.7789369338707447,1
447,Thursday,4,8.6,8,0,0.07937319819814546,0
342,Sunday,7,8.0,6,1,0.4345359158022427,0
51,Tuesday,8,4.8,5,7,0.9780644635057737,1
153,Monday,8,8.5,7,2,0.12178706731007667,0
186,Wednesday,4,6.9,9,2,0.32436375249296623,0
63,Monday,9,6.4,5,1,0.2112276910816293,0
190,Sunday,7,8.0,7,1,0.41827933959787006,0
125,Tuesday,8,6.2,5,0,0.504116952035519,1
150,Friday,5,5.1,7,1,0.4616106866164161,0
314,Friday,8,6.1,6,1,0.4616420938560341,1
58,Tuesday,3,6.6,8,2,0.6027947217661535,0
342,Thursday,5,5.6,6,1,0.39827662539141584,0
305,Monday,9,7.3,6,3,0.057710411938757436,0
180,Thursday,8,8.2,6,0,0.2509037973572184,1
170,Monday,7,6.3,7,0,0.09050411008674182,0
326,Sunday,8,4.7,7,3,0.8849485880433365,1
271,Sunday,9,7.2,6,0,0.33642684774354287,0
54,Tuesday,8,5.7,6,1,0.4573197673377122,0
491,Tuesday,6,6.4,8,2,0.217048728097949,1
444,Friday,5,6.4,6,0,0.4333284086481978,1
101,Tuesday,5,5.7,7,4,0.9147885343270885,1
481,Saturday,9,5.8,7,2,0.5738040468082894,0
264,Thursday,4,6.7,10,2,0.10736891899305204,0
53,Wednesday,7,5.8,6,2,0.17399992967934214,0
60,Saturday,7,9.5,8,2,0.19933781351460333,0
492,Thursday,9,7.0,5,3,0.7851176276605577,1
108,Sunday,7,6.5,8,1,0.4600019349366941,1
5,Sunday,6,6.8,7,0,0.4606365127090732,1
103,Tuesday,6,6.5,6,1,0.3893000501333509,0
196,Monday,6,6.8,7,3,0.3379256137734189,1
262,Sunday,9,8.1,7,2,0.24608926668264927,0
365,Sunday,8,8.8,7,1,0.3369857701704428,0
480,Monday,4,6.6,10,0,0.08053176993403101,0
372,Saturday,7,7.9,7,1,0.38819988113769505,1
350,Wednesday,8,7.2,6,1,0.15594166268136425,0
47,Tuesday,6,6.8,6,2,0.5621321782492804,0
355,Saturday,2,7.2,8,1,0.46860142555553097,0
311,Tuesday,6,6.9,7,0,0.34638793310368193,0
424,Sunday,4,6.6,9,3,0.578135017054497,1
308,Tuesday,3,5.3,10,2,0.32994701371952306,0
144,Thursday,9,8.4,5,0,0.22505589478726162,0
269,Tuesday,10,7.0,6,1,0.2879211921563068,0
370,Thursday,9,7.0,7,0,0.08847950661515097,1
124,Friday,1,6.4,8,2,0.7979380752207625,0
106,Tuesday,6,7.3,7,1,0.2913189170839262,0
158,Thursday,5,6.5,7,2,0.45432473243898824,1
147,Wednesday,4,4.9,10,3,0.7274299259026702,1
145,Monday,7,6.1,6,0,0.21458661437933535,1
120,Saturday,6,8.1,7,3,0.7850407625595169,1
319,Wednesday,4,6.0,8,2,0.5763619536555487,0
275,Thursday,2,4.5,10,3,0.8516896880953265,1
92,Thursday,5,6.3,7,0,0.18099087999558214,0
58,Thursday,7,4.6,7,4,0.6349813399837094,1
439,Monday,6,6.3,8,1,0.24524006475773433,0
346,Wednesday,9,8.1,6,1,0.13143122138566168,0
229,Wednesday,7,5.2,7,1,0.551551083633446,0
474,Friday,6,7.5,6,1,0.3534736965171752,1
117,Saturday,5,9.5,6,1,0.2118094802769017,0
318,Thursday,3,8.2,10,1,0.553309286456555,0
279,Monday,4,6.4,9,1,0.32245690966299495,0
127,Tuesday,9,5.6,7,2,0.4871414572878578,0
393,Tuesday,8,6.9,6,2,0.25156361725961535,0
396,Monday,7,6.9,7,4,0.5338317515583314,1
129,Wednesday,6,7.8,7,2,0.3459230283582993,0
58,Tuesday,9,6.8,5,4,0.5999923388837926,0
122,Tuesday,4,7.2,9,2,0.5561799931826952,0
1,Monday,5,5.6,7,1,0.7162812033578367,0
239,Monday,6,7.6,7,1,0.23475038308504428,0
290,Monday,2,5.2,10,3,0.8777566518035941,1
96,Tuesday,4,5.9,8,1,0.2183495033637345,1
126,Wednesday,6,7.4,8,1,0.11202452898988506,0
118,Thursday,6,8.2,6,1,0.5838585532759178,0
48,Monday,5,7.5,8,3,0.40351032601521336,0
89,Wednesday,10,6.7,7,1,0.11252413727131735,0
488,Wednesday,9,6.7,6,0,0.2576021615675916,1
237,Tuesday,10,5.6,6,2,0.12559255212303164,0
373,Monday,6,6.3,8,0,0.1456543153248592,0
385,Wednesday,6,4.4,7,3,0.7406280139054223,0
272,Friday,10,8.7,5,1,0.13175634550168294,0
189,Tuesday,7,9.4,8,1,0.08194955731848007,0
487,Monday,4,4.4,9,4,0.6745389899128829,0
192,Saturday,5,5.7,7,1,0.806767007146942,1
447,Tuesday,6,8.3,6,0,0.05944531564791532,0
69,Tuesday,6,5.8,6,2,0.6729193379288815,0
278,Saturday,7,9.1,8,0,0.193472019933085,0
349,Saturday,6,8.3,7,2,0.4347082602845305,0
247,Wednesday,10,6.3,7,0,0.3041870602614344,1
451,Thursday,4,7.8,9,1,0.057114857992107276,0
76,Tuesday,8,6.7,7,1,0.28938864314522345,1
154,Monday,6,6.6,7,0,0.6038920500710832,1
144,Thursday,6,7.3,6,3,0.6870186474654976,1
435,Monday,8,7.7,6,0,0.2962614934146215,1
485,Wednesday,3,7.9,8,2,0.5095790814514839,0
86,Sunday,5,10.0,7,3,0.31629112376749746,0
185,Sunday,6,7.8,8,1,0.1460908085704115,0
285,Tuesday,9,8.3,6,3,0.10295790923990185,0
462,Thursday,9,8.2,5,1,0.3699101440813645,1
220,Wednesday,9,7.5,5,2,0.23204447768256503,0
69,Saturday,2,6.8,8,3,0.7660235922717957,1
47,Tuesday,4,8.0,9,2,0.2353462602833877,0
497,Monday,4,7.2,8,0,0.08187582592688071,0
94,Tuesday,6,5.2,8,2,0.6925776561085673,0
238,Wednesday,3,7.9,9,1,0.4620722483293595,1
446,Tuesday,9,4.7,7,2,0.8319580447120887,1
500,Friday,3,7.5,8,0,0.49944566500422116,1
453,Friday,9,6.0,7,2,0.2731593789363167,0
204,Tuesday,8,6.9,6,3,0.2855210846991073,0
400,Wednesday,4,5.0,8,6,0.9078513688602091,1
218,Monday,9,5.8,5,2,0.19651148268806118,0
474,Saturday,6,6.8,8,1,0.5824525605539606,1
432,Sunday,5,7.2,7,3,0.6053398484366663,1
341,Sunday,6,6.7,6,0,0.4855408341409699,0
39,Saturday,6,7.8,7,3,0.7345027163323242,0
100,Tuesday,6,7.3,6,1,0.26561027664432774,0
289,Monday,6,6.2,7,0,0.6746058685355272,1
254,Thursday,5,6.7,7,0,0.34017742980655546,0
222,Sunday,5,8.0,7,0,0.2292269807253285,0
357,Tuesday,5,4.0,8,4,0.6817602275769685,0
23,Monday,10,7.2,6,1,0.5091040510963424,1
250,Saturday,5,6.6,6,1,0.8276577987983846,1
10,Monday,5,3.5,6,6,0.983376952750622,1
246,Wednesday,10,6.2,7,1,0.336219482092263,1
325,Friday,6,5.5,6,1,0.6705480692523413,0
100,Tuesday,5,6.1,8,0,0.2565098260501628,0
290,Monday,4,7.3,8,1,0.5615948734176051,1
180,Friday,4,7.7,9,1,0.4631110726183884,1
223,Thursday,8,8.2,6,2,0.3220707501089643,1
394,Sunday,3,9.0,7,1,0.3876011136627601,0
250,Wednesday,9,5.5,6,2,0.43125989989166874,1
147,Monday,6,8.2,7,0,0.38620231211164663,1
442,Friday,6,5.2,8,1,0.4484923643636172,1
96,Thursday,6,8.0,8,1,0.23700426695130739,0
257,Tuesday,7,7.4,6,1,0.1961530968507711,0
325,Friday,6,6.9,7,2,0.7830111269902086,1
493,Tuesday,6,5.6,6,1,0.5924252022708025,1
4,Tuesday,9,8.1,6,0,0.16709288677558604,1
16,Monday,7,5.5,6,2,0.45762094661022024,0
280,Wednesday,4,6.7,8,0,0.118441324003861,0
336,Wednesday,5,6.8,6,1,0.46226979887594205,0
247,Thursday,3,4.7,9,4,0.8358276230760296,1
258,Friday,8,6.9,6,2,0.3429697052445513,1
497,Sunday,8,6.1,7,0,0.3553552231455203,0
476,Monday,5,8.4,7,0,0.2070376512634053,1
384,Monday,10,9.9,6,3,0.19324289058252153,0
160,Monday,10,5.8,5,1,0.2176069785253158,0
475,Monday,7,6.2,6,0,0.42561002077859655,0
340,Friday,5,6.9,8,2,0.5939667820860802,0
152,Friday,7,4.2,7,5,0.8622126212445073,1
396,Friday,5,8.7,7,1,0.21925647808406173,0
178,Tuesday,8,6.3,5,0,0.45582520864034753,1
163,Tuesday,7,6.2,6,1,0.7083628133042935,1
380,Thursday,7,7.5,8,1,0.37760837285427573,1
33,Monday,10,6.8,6,1,0.12579604329684355,0
417,Thursday,5,6.9,7,3,0.3626401034765008,0
445,Sunday,5,8.4,8,1,0.2579840975641306,0
179,Wednesday,8,6.5,6,0,0.5193007007710947,0
427,Friday,6,5.4,8,2,0.3445002326301482,0
101,Thursday,10,8.2,6,2,0.7030850773233547,1
268,Monday,9,6.0,6,4,0.8064449626907708,1
323,Thursday,6,6.1,6,3,0.7898451684948495,1
65,Tuesday,3,7.0,9,1,0.2822664896715842,0
417,Monday,4,5.1,7,2,0.41180430468035784,0
168,Thursday,6,7.0,8,1,0.13212719955417715,0
330,Saturday,7,8.5,6,2,0.375731846721223,1
43,Wednesday,9,8.6,5,1,0.1655127926874376,0
44,Wednesday,6,7.6,8,1,0.20399973273520697,1
285,Saturday,5,8.7,7,2,0.5936035516417172,0
397,Saturday,6,6.6,6,1,0.8613545576529561,1
12,Friday,7,7.7,8,0,0.09236300759464731,0
95,Tuesday,9,6.5,6,1,0.317262921450234,1
302,Sunday,9,8.8,5,1,0.24258522932664575,0
386,Monday,4,6.8,8,2,0.3493687386847841,0
253,Thursday,7,8.0,7,2,0.387010309836984,0
499,Monday,5,6.9,7,2,0.5059668151885254,1
242,Friday,5,5.8,8,2,0.6439431051264899,0
35,Tuesday,9,6.7,5,1,0.3038612704319223,0
215,Wednesday,6,6.3,6,1,0.558343479127494,0
337,Wednesday,8,8.3,5,2,0.5656591671101142,1
90,Tuesday,8,5.1,5,1,0.5049352417648924,0
264,Thursday,6,4.7,7,3,0.474985546493812,0
93,Saturday,7,7.8,8,1,0.08401742650194279,0
410,Sunday,7,7.0,7,2,0.7758004320358192,0
458,Tuesday,4,5.3,8,3,0.8854501027005891,1
90,Friday,7,6.7,8,0,0.14850051692498673,0
418,Friday,5,7.0,7,0,0.2997563802297917,0
115,Wednesday,4,8.2,8,2,0.32828736142220843,0
105,Monday,8,4.5,5,4,0.4978090673253114,1
391,Friday,5,6.9,7,1,0.4513043526858619,0
196,Sunday,9,9.4,5,2,0.3351727745504832,0
314,Thursday,9,8.6,5,3,0.3039487764715095,0
114,Wednesday,6,6.8,7,1,0.46921771800719697,1
493,Thursday,9,6.0,5,4,0.5605506830411454,1
75,Tuesday,6,6.4,6,1,0.7347326013354492,1
413,Friday,6,5.5,7,3,0.5747246394347044,1
376,Friday,7,6.2,8,0,0.2689418213977497,0
420,Monday,10,6.8,6,1,0.286621995989214,1
217,Saturday,8,8.0,5,2,0.6835665364205368,1
277,Tuesday,6,7.7,7,1,0.33110296145434226,0
249,Sunday,7,7.3,8,1,0.25157618972180773,1
164,Wednesday,3,6.5,9,1,0.8542490774381886,1
394,Tuesday,9,7.8,6,2,0.18681573916625788,0
357,Wednesday,8,6.3,5,0,0.40572369771213607,0
457,Wednesday,7,7.5,6,2,0.547381193537101,1
408,Monday,8,4.7,7,6,0.8328978805949236,0
192,Thursday,2,7.3,10,1,0.20408502272097157,0
227,Thursday,4,9.2,8,3,0.40670502694003613,0
177,Friday,10,5.6,7,2,0.166812887244091,1
99,Monday,6,8.4,7,1,0.38592108151349847,1
496,Thursday,8,7.5,7,2,0.3385478990017805,1
36,Monday,5,7.7,7,0,0.2414637425447302,0
466,Friday,6,7.5,7,0,0.24300775487642728,0
497,Monday,10,5.9,6,2,0.2629920645445204,1
487,Sunday,6,5.8,6,2,0.8425113330868643,0
96,Friday,8,7.3,5,0,0.204081044535128,0
152,Thursday,7,6.6,7,1,0.1994726503510371,1
151,Wednesday,7,5.0,6,2,0.6252108941391457,1
190,Monday,7,6.2,7,1,0.5224516746561548,0
224,Tuesday,3,5.4,8,2,0.6843747998019439,0
37,Saturday,7,9.7,6,0,0.07404874237331392,0
268,Sunday,5,8.4,7,1,0.6399551603986225,1
369,Monday,10,5.5,5,1,0.5256734264671169,1
183,Thursday,5,7.3,6,1,0.20722165646500526,0
13,Friday,6,5.3,8,3,0.24521263458091083,0
279,Thursday,10,4.5,6,4,0.8259769370202238,1
217,Monday,8,5.9,5,1,0.8199299633532522,1
355,Tuesday,5,6.5,6,3,0.6712727160577662,1
361,Tuesday,7,7.2,7,1,0.09325171812646145,0
286,Saturday,4,8.4,8,1,0.7654693815740408,1
273,Wednesday,7,6.3,8,1,0.4247721195651114,0
369,Thursday,5,7.5,8,3,0.33078447376040826,0
62,Sunday,10,5.5,5,2,0.7718239576058902,1
84,Thursday,7,8.5,8,1,0.04883123296869774,0
368,Saturday,8,5.5,6,1,0.8036182315829177,0
217,Wednesday,8,6.1,6,0,0.608470460514794,1
342,Monday,9,5.9,5,7,0.78734399060841,0
397,Sunday,5,5.7,6,2,0.6379736912389579,0
187,Wednesday,7,7.1,8,0,0.12199322688652084,1
19,Tuesday,6,8.7,7,1,0.2425485955615849,0
177,Tuesday,10,4.5,6,5,0.8945648774332394,1
100,Monday,2,3.9,7,4,0.8911391701590283,1
396,Wednesday,5,5.7,8,1,0.21195072613340604,0
445,Saturday,6,7.1,7,1,0.48714727804826213,1
233,Sunday,7,8.3,7,0,0.28025297810459693,1
403,Sunday,7,6.8,7,0,0.5864789116680599,1
76,Monday,6,4.5,8,5,0.761325740203688,1
265,Wednesday,6,8.2,7,1,0.16663906680601895,0
455,Monday,7,5.6,6,2,0.4217208467097225,1
284,Saturday,7,8.2,7,2,0.48134531787856416,0
206,Wednesday,10,5.3,7,1,0.13746793558086604,0
223,Thursday,10,6.5,6,2,0.4186244882548552,1
384,Friday,7,7.1,7,1,0.353138754708096,1
52,Wednesday,6,5.7,7,4,0.9720045852615503,1
339,Tuesday,6,7.2,8,1,0.19351433388489447,0
367,Sunday,4,7.0,9,6,0.9285340140282327,1
144,Sunday,8,6.9,6,3,0.7490965860144552,1
373,Tuesday,6,8.5,7,0,0.1487553085792522,1
69,Wednesday,7,7.1,6,1,0.3438452513038604,1
99,Sunday,7,8.0,8,0,0.37347795382077986,1
396,Monday,5,7.6,7,0,0.19748996578151504,0
25,Wednesday,5,7.4,7,2,0.575817645412622,1
436,Monday,6,7.1,6,0,0.20562985385339458,0
379,Thursday,7,8.2,8,1,0.3861556262953929,1
469,Monday,6,5.6,7,4,0.8565259843495894,1
484,Wednesday,3,6.9,7,2,0.7307936714336768,1
53,Tuesday,4,6.3,10,3,0.12320991915888334,0
151,Thursday,6,6.9,6,0,0.49097861122124625,1
144,Sunday,6,6.6,7,1,0.7866846375656532,1
57,Saturday,8,5.5,6,2,0.8817416258444641,1
39,Saturday,7,8.4,8,1,0.3069862494745587,0
109,Thursday,6,9.6,6,0,0.22238457028936046,1
181,Monday,6,8.0,7,1,0.21341632113007683,0
42,Tuesday,7,7.7,7,1,0.2790153465490186,0
186,Sunday,7,7.7,7,0,0.2296079373423566,0
423,Wednesday,6,6.5,8,5,0.49275908719762745,1
398,Monday,4,6.6,9,3,0.8181348957505494,1
223,Friday,6,6.6,8,3,0.7275862296679297,0
122,Tuesday,5,5.9,8,2,0.6599299308270977,1
133,Tuesday,7,4.7,8,3,0.730475109497201,0
163,Sunday,9,7.6,6,1,0.5069089340727009,1
215,Saturday,4,7.1,8,1,0.49452575668182347,0
221,Wednesday,9,8.1,6,1,0.07491392265980004,0
235,Sunday,7,8.3,7,2,0.5408063243290995,0
331,Friday,9,4.3,6,3,0.9059599285561005,1
146,Friday,6,8.8,7,2,0.2440529858030276,0
239,Monday,4,6.1,9,0,0.3558919763881098,0
76,Monday,7,6.3,8,3,0.3632546518553748,1
9,Thursday,9,4.7,7,3,0.7038078045835181,0
74,Saturday,4,7.7,8,1,0.6570919423670153,1
442,Thursday,5,7.2,7,0,0.3086293771815052,1
492,Monday,8,8.8,6,2,0.5416502255914546,1
401,Monday,5,7.7,6,0,0.46855896538386943,0
253,Saturday,10,6.8,7,0,0.11742888360701463,0
230,Monday,8,4.6,5,3,0.8346268325183506,1
7,Thursday,5,6.0,7,3,0.2593129987163717,1
174,Monday,5,8.0,8,2,0.5051154576742117,1
141,Monday,5,6.2,8,0,0.4994539021409415,0
168,Friday,6,5.4,7,1,0.1776645448806438,0
170,Friday,7,6.9,8,1,0.08409786223005326,0
393,Wednesday,7,6.3,8,1,0.2308451141695631,0
434,Tuesday,4,6.2,10,0,0.20279752532254336,0
283,Saturday,8,6.5,6,3,0.6630889970373923,1
122,Tuesday,6,6.8,7,0,0.29374755410310405,0
194,Thursday,5,7.9,8,1,0.10899920319795689,0
5,Sunday,6,8.0,6,4,0.7956327437606878,1
29,Monday,9,4.4,7,5,0.24517618382813974,0
165,Sunday,7,9.3,8,3,0.7275488465661973,0
422,Tuesday,7,7.6,7,0,0.40239671144881795,1
339,Thursday,4,7.1,7,1,0.5195930212155226,0
136,Wednesday,7,7.2,6,0,0.18869113184579323,0
496,Sunday,8,8.1,5,0,0.34752246212880633,0
365,Tuesday,3,7.2,8,1,0.30820464487618193,1
321,Wednesday,6,5.5,7,3,0.6695679360041664,0
342,Sunday,8,8.0,7,0,0.07112844814576731,0
500,Thursday,7,6.9,8,1,0.2539320638118121,1
145,Thursday,4,7.2,8,1,0.17074890811550666,1
327,Tuesday,7,5.9,8,1,0.44075877701187477,0
217,Friday,4,8.0,9,0,0.23257969195907033,0
301,Monday,5,6.0,6,3,0.9394853560626476,1
132,Monday,5,6.6,8,1,0.4755983316525635,0
292,Thursday,10,6.1,5,1,0.1183109261087752,0
70,Wednesday,3,5.5,10,2,0.5206237454269323,1
252,Sunday,3,8.3,9,2,0.5175208193935102,1
415,Sunday,7,6.8,7,1,0.15153635421942233,0
275,Friday,7,6.9,8,1,0.6415055462800591,0
445,Saturday,6,5.7,7,5,0.8039263471351279,1
364,Friday,7,4.5,8,2,0.5864179726296503,0
182,Monday,4,8.8,9,1,0.270762769502187,0
167,Friday,7,8.6,8,3,0.17694447410317948,0
91,Tuesday,7,6.0,7,1,0.2887947073968921,1
202,Wednesday,9,7.2,6,1,0.1522297550297222,1
346,Saturday,10,6.9,7,2,0.3448865240517162,0
19,Thursday,6,7.5,7,2,0.4243248403697568,0
39,Saturday,4,6.1,10,4,0.8816755450200008,1
126,Tuesday,7,5.3,8,2,0.24691801518941586,1
451,Thursday,6,6.7,7,2,0.09482765329606262,0
173,Monday,6,7.2,8,1,0.14889806816278675,1
141,Friday,3,5.9,8,3,0.8733811711314139,1
242,Friday,7,5.1,6,2,0.7537016882141221,1
220,Thursday,7,8.2,7,0,0.16596582183537495,0
126,Tuesday,8,6.1,7,1,0.17910979373895367,0
58,Monday,5,6.2,6,1,0.5839103786014321,1
148,Monday,5,8.2,8,0,0.08374635793301671,0
476,Thursday,5,9.4,7,1,0.04518934315988948,0
456,Sunday,8,7.8,5,2,0.5789304591866009,0
317,Tuesday,9,7.8,6,1,0.20872714214546606,0
383,Friday,9,5.3,5,3,0.6031401267199422,1
361,Saturday,8,8.3,6,4,0.4077741801813299,0
423,Thursday,6,7.7,8,1,0.3922982351116736,0
1,Friday,7,5.6,6,2,0.7674789282510037,1
387,Saturday,7,6.8,7,0,0.26619212012969395,0
461,Tuesday,6,8.2,7,2,0.278806056723487,0
348,Tuesday,8,6.4,7,1,0.09585359884913382,0
190,Monday,3,8.4,9,0,0.19164506117607966,0
191,Sunday,4,7.4,7,1,0.865674964065053,1
369,Sunday,3,7.4,10,0,0.16226773419562607,0
409,Friday,5,7.9,7,2,0.474479033338514,1
312,Monday,9,9.2,6,0,0.28570030618878794,0
417,Wednesday,4,7.5,7,2,0.6132487516565962,0
422,Monday,4,6.9,10,0,0.18221282750617682,0
117,Monday,5,8.2,7,1,0.16983892300967873,0
134,Thursday,9,8.3,7,3,0.18803448381127333,1
58,Sunday,9,8.0,5,1,0.4041879638767234,0
44,Sunday,9,7.9,6,0,0.3223686157204041,0
173,Friday,9,7.5,5,0,0.5330390644005186,0
160,Monday,10,5.0,6,2,0.25990335221951366,1
173,Tuesday,3,5.4,10,1,0.3114893624164149,0
317,Wednesday,4,7.0,7,2,0.7847308293720603,1
303,Friday,5,5.8,7,4,0.4445939206449679,0
149,Saturday,7,7.4,7,1,0.301437100147088,0
80,Wednesday,7,6.9,6,1,0.5778114263332804,0
374,Wednesday,7,5.5,7,2,0.5958255967282872,1
213,Monday,8,7.4,6,1,0.22697443581921395,1
203,Tuesday,3,4.4,10,4,0.8417730811911092,1
252,Wednesday,6,6.3,6,2,0.5836693491292577,0
229,Monday,7,4.9,8,5,0.8135744461029799,0
164,Wednesday,6,6.3,8,1,0.5598221792423909,0
227,Saturday,7,8.5,7,0,0.3388250371228692,0
147,Thursday,9,5.8,5,1,0.5148969584147195,1
20,Monday,7,4.3,8,2,0.8676621307966074,1
441,Tuesday,10,6.4,6,0,0.04834483636674938,0
402,Wednesday,8,5.7,6,1,0.16943749386651605,0
47,Wednesday,7,6.7,6,1,0.3987086715956798,1
233,Wednesday,8,6.4,5,2,0.7940821187718631,1
305,Thursday,8,6.9,6,1,0.10667858876085676,1
14,Thursday,10,8.1,6,1,0.4850656493803008,0
143,Friday,9,6.2,7,4,0.53100437541238,1
415,Wednesday,8,6.8,7,0,0.06620182283512166,0
1,Saturday,5,7.0,7,0,0.6645893719811439,0
373,Wednesday,7,7.9,6,2,0.20642906826586424,0
54,Monday,8,6.9,7,1,0.18137778760580725,1
374,Thursday,8,7.3,6,0,0.31777359627394486,0
259,Thursday,5,7.6,8,1,0.17326457368549072,0
144,Sunday,8,5.1,7,1,0.4529513441704053,0
471,Friday,8,7.6,6,0,0.3791592884469523,1
441,Sunday,4,7.9,8,2,0.5821229938796711,1
459,Sunday,4,6.6,8,2,0.7601664575528231,1
12,Thursday,9,8.2,6,0,0.38893178717270316,1
330,Thursday,5,7.9,8,0,0.2946716043024895,0
224,Thursday,10,6.5,6,0,0.12399762136481016,0
272,Sunday,6,4.9,7,2,0.6786954988100421,1
456,Friday,7,6.6,8,0,0.2035309924049868,0
358,Monday,7,5.5,6,2,0.6364245048069063,1
460,Friday,5,4.1,6,5,0.9435736764210179,0
408,Tuesday,9,7.4,6,4,0.4389343428527375,0
156,Wednesday,6,8.5,8,0,0.07700327589897794,0
373,Tuesday,7,6.6,7,0,0.2135790455579672,0
8,Friday,3,7.0,8,3,0.742565504906551,1
122,Saturday,4,9.0,9,0,0.47082584621732904,0
348,Tuesday,9,6.9,5,1,0.1305607866716036,0
164,Monday,6,6.0,7,3,0.7746515847523712,1
90,Tuesday,5,4.0,7,4,0.8540085660217962,1
136,Friday,5,7.7,6,0,0.1959045783906406,0
186,Wednesday,8,7.2,5,1,0.22701631955575516,0
316,Tuesday,9,7.8,5,0,0.2886839010262922,1
178,Tuesday,5,3.8,7,3,0.8629934599429733,1
28,Thursday,9,9.2,7,3,0.2123135837858733,0
220,Tuesday,6,5.8,8,2,0.34896403357188394,1
357,Friday,8,8.0,7,1,0.09315959801428725,1
41,Monday,3,4.4,7,3,0.6658736814933417,1
228,Friday,3,5.8,10,1,0.23766796577729532,0
192,Tuesday,8,6.0,6,1,0.4675348799783927,1
411,Thursday,7,5.5,8,3,0.6121392574183725,1
447,Tuesday,7,5.7,8,3,0.25711844984694343,0
145,Friday,4,8.6,9,2,0.1179810439812054,1
201,Sunday,6,7.0,6,0,0.40631431969772386,0
417,Sunday,3,10.0,9,0,0.06552429233542208,0
212,Thursday,5,8.0,7,1,0.24632077566734398,0
461,Wednesday,6,4.3,6,2,0.8347375559693145,0
220,Saturday,7,7.0,6,1,0.4739005234870539,0
240,Friday,5,6.2,7,1,0.6880187564357885,0
413,Tuesday,8,5.6,5,2,0.5677476751090961,0
397,Saturday,6,8.9,8,0,0.2940838768473852,0
46,Wednesday,6,7.7,6,1,0.4546205097477961,0
35,Tuesday,7,9.3,7,2,0.20369884256485304,0
253,Tuesday,10,6.1,5,1,0.44799156891332026,0
390,Tuesday,6,7.2,8,1,0.2556805753114636,0
82,Thursday,8,6.3,6,3,0.7842461501022295,1
371,Tuesday,8,6.2,5,0,0.3706960691870946,1
256,Monday,6,7.7,8,3,0.49904336291715884,0
197,Monday,3,9.3,7,1,0.31795794471390104,1
303,Thursday,5,7.9,8,4,0.1682130031566718,1
409,Friday,7,7.8,7,1,0.2324951321748661,1
450,Wednesday,6,6.6,6,1,0.567762769312046,1
10,Monday,9,7.7,6,2,0.48865397247554604,0
312,Monday,5,8.1,6,1,0.547247258056187,0
286,Sunday,6,6.4,7,0,0.8516680374217533,1
242,Thursday,8,6.7,6,1,0.3798079877075822,0
251,Wednesday,6,6.3,8,3,0.39427890227975354,1
365,Monday,8,5.9,7,2,0.22819247804492102,0
5,Friday,4,7.9,9,3,0.3267792231908139,1
119,Thursday,3,6.4,8,2,0.27347985197506025,0
289,Tuesday,6,7.3,8,2,0.5314534320957948,0
374,Monday,6,7.3,8,3,0.5844533807783183,0
65,Wednesday,7,6.4,8,1,0.28155252524171137,0
146,Saturday,7,5.7,8,3,0.7988835351957669,1
224,Saturday,6,7.0,8,0,0.36775336018423155,0
239,Thursday,3,7.3,8,4,0.7669377594600966,1
177,Friday,6,7.1,6,1,0.36576519015762754,0
267,Monday,4,4.4,8,3,0.7882930219610536,1
341,Thursday,7,7.7,8,1,0.21674918168784824,0
282,Friday,4,6.0,7,3,0.9148584032498305,1
63,Tuesday,7,7.4,8,0,0.05150464621000527,0
217,Saturday,10,8.4,7,1,0.12678413489446058,1
342,Tuesday,5,7.3,8,1,0.14245679156283295,0
315,Tuesday,4,9.0,9,2,0.09302471423142344,0
283,Thursday,9,7.9,6,0,0.08899664288342876,0
177,Thursday,10,6.2,5,1,0.3371113091283325,0
461,Friday,4,6.3,10,3,0.4343998437292942,0
417,Monday,6,6.6,8,0,0.16987309340742007,0
98,Saturday,7,7.0,8,0,0.2088716338616972,1
105,Thursday,6,7.1,8,2,0.11157684024456456,0
99,Wednesday,3,5.3,7,2,0.8584848646717388,1
385,Sunday,4,9.1,9,4,0.49425088000416884,1
405,Friday,4,6.7,8,0,0.4202439128569494,1
496,Monday,4,8.3,9,1,0.2579275836468182,0
311,Friday,7,5.3,6,2,0.49563752902238517,0
6,Monday,9,5.3,5,2,0.6809932643354129,1
476,Monday,4,8.0,10,0,0.06207262113984733,0
465,Wednesday,5,5.9,8,2,0.6080187263973905,1
197,Sunday,4,6.2,10,1,0.6138962578253602,0
351,Tuesday,7,8.1,7,2,0.2271106852545111,0
133,Friday,5,5.7,7,2,0.7176359076640851,1
358,Tuesday,4,6.7,9,1,0.2592169150546702,0
259,Friday,3,6.1,10,0,0.3012582905665162,0
437,Thursday,9,7.6,6,2,0.25287089389371575,0
23,Friday,10,7.0,7,2,0.37442953137583135,0
485,Tuesday,7,7.8,6,0,0.10463287969485706,0
53,Friday,9,5.3,6,1,0.1684141177503581,0
165,Sunday,5,7.7,8,1,0.7883201267994265,1
202,Friday,6,6.8,6,4,0.39147645442951795,1
458,Thursday,8,5.8,6,1,0.7370877621879497,0
83,Sunday,5,6.2,7,2,0.8535777487535766,1
145,Monday,6,6.6,7,2,0.3621749371239083,0
85,Friday,6,6.4,6,1,0.5433029897681027,0
78,Saturday,7,8.8,7,0,0.4339800042451409,0
457,Monday,7,7.7,8,1,0.21778523757911064,1
366,Wednesday,5,5.9,7,1,0.4236246210767589,1
1,Tuesday,6,6.4,7,0,0.6276082251689309,0
51,Thursday,9,7.4,5,1,0.30160254176683177,1
173,Friday,8,7.5,6,1,0.31041225013075574,0
205,Tuesday,7,8.1,7,1,0.13643200646366657,1
260,Wednesday,10,6.6,6,0,0.155731654366889,0
446,Tuesday,4,6.9,8,0,0.6190269129057733,0
449,Wednesday,8,4.6,6,6,0.9221517789510018,1
369,Monday,7,5.4,7,1,0.4879944283003212,1
488,Saturday,7,8.5,8,1,0.2868974514453461,0
288,Monday,7,5.4,6,5,0.6482854780901554,1
34,Saturday,5,5.4,7,2,0.5931362182176318,1
348,Thursday,4,7.6,9,0,0.050177441993471114,0
95,Wednesday,6,6.2,6,1,0.3388960147720707,1
72,Friday,5,5.7,7,2,0.6562268730340469,1
39,Thursday,6,4.9,8,4,0.7302340338582215,0
154,Thursday,8,4.9,6,4,0.9289994122125487,1
250,Monday,4,6.2,7,2,0.5119303867350782,1
162,Wednesday,6,6.5,8,1,0.3745631217552928,0
438,Tuesday,9,8.2,5,1,0.18427081790593194,0
118,Monday,5,6.5,6,0,0.6395062124320012,1
259,Wednesday,9,6.3,6,0,0.11894620769758377,0
379,Monday,3,6.4,8,3,0.9001752848212806,1
306,Tuesday,10,4.0,5,5,0.8676444964672239,0
268,Monday,7,6.1,7,2,0.451576795078275,0
449,Monday,4,7.5,9,1,0.4235602858833677,0
54,Tuesday,8,6.8,6,1,0.4903229973203143,1
236,Sunday,7,8.3,7,1,0.3397875205986205,0
389,Monday,9,8.0,7,1,0.07268725425862552,0
478,Thursday,3,4.7,10,3,0.6400857703028149,0
222,Monday,4,5.9,8,1,0.2810775469718752,0
251,Sunday,8,8.6,6,2,0.3308545660207365,0
313,Monday,10,6.8,5,0,0.11353458157201249,0
401,Sunday,8,7.2,7,0,0.42628056270085163,0
112,Thursday,8,7.9,7,0,0.04457406436075073,0
255,Monday,5,5.7,7,1,0.27913511512145156,0
303,Saturday,6,6.5,7,3,0.3439795199917549,0
407,Thursday,5,5.7,8,1,0.4356935483955339,1
207,Tuesday,8,5.1,6,1,0.8300819020547336,1
229,Friday,8,6.4,6,0,0.30900367179677873,0
341,Sunday,7,7.6,8,2,0.4550799249802816,0
398,Thursday,8,5.4,7,2,0.502926709073762,1
66,Tuesday,6,6.6,7,0,0.2527434165047404,0
75,Friday,9,6.0,7,3,0.4397434013771376,1
435,Friday,5,6.6,7,0,0.5309602774008831,0
103,Saturday,9,9.1,5,1,0.09502783373741927,0
422,Friday,5,6.8,7,3,0.5796690170416732,1
192,Tuesday,7,6.8,7,0,0.266079238686831,0
252,Sunday,4,9.8,8,1,0.47707335552638547,1
226,Monday,8,6.1,7,3,0.5479913167195419,0
294,Tuesday,7,7.4,8,0,0.1845754753303229,1
306,Thursday,8,6.1,7,1,0.5031021347360662,0
98,Thursday,3,7.6,8,5,0.8471061258562034,0
338,Monday,7,5.6,7,2,0.7123397839619393,0
286,Friday,7,6.3,8,2,0.7725066740830303,1
335,Wednesday,5,6.0,8,2,0.725973174992668,0
347,Wednesday,8,5.4,7,3,0.37490096935669825,0
435,Saturday,2,4.8,8,3,0.9468647329695074,1
447,Wednesday,6,7.2,8,1,0.18456448628471103,0
482,Monday,9,5.9,7,3,0.7783465970106657,1
308,Tuesday,6,6.4,6,2,0.23010539774460273,0
249,Sunday,5,7.2,7,4,0.5398680395542882,0
166,Monday,6,4.9,8,2,0.5316899088786043,1
481,Wednesday,7,6.2,7,0,0.16172865999326422,0
472,Thursday,8,4.6,5,2,0.7881718150723879,1
335,Thursday,7,6.1,7,1,0.427360406601493,0
30,Monday,8,8.5,6,0,0.06727978707134817,0
247,Thursday,7,6.1,6,1,0.6665452888171703,1
106,Wednesday,5,5.3,6,2,0.7782888780837834,1
51,Sunday,4,6.8,8,1,0.5308156412245302,0
81,Monday,7,8.6,8,3,0.055596560351170624,1
133,Wednesday,2,6.2,7,1,0.661308939787711,1
285,Wednesday,3,4.8,8,4,0.7152322639822404,1
388,Wednesday,4,4.5,8,2,0.8234025023548098,1
138,Friday,8,6.2,7,0,0.34111042905819167,1
184,Tuesday,4,7.7,8,3,0.3814809295798611,0
401,Tuesday,7,7.2,7,1,0.4402142458758637,1
330,Friday,4,8.0,7,2,0.5621417443581653,0
273,Thursday,6,7.5,8,1,0.5256793087773709,1
340,Wednesday,6,6.7,7,5,0.8845813054263942,1
472,Tuesday,6,3.5,7,5,0.96674657464139,1
69,Tuesday,5,8.4,8,1,0.2720156182218053,0
34,Monday,3,5.0,7,2,0.7657938829662299,1
262,Monday,7,9.5,7,1,0.04549611926053201,0
53,Thursday,8,5.8,6,1,0.12090415591257721,0
450,Saturday,8,6.5,6,1,0.37230354035352015,1
205,Tuesday,7,6.1,7,0,0.1927573762165275,0
126,Wednesday,7,6.7,7,0,0.08751376537803446,0
235,Monday,5,5.1,8,2,0.7134077487962462,1
43,Wednesday,7,5.6,7,2,0.6635674378857787,0
240,Monday,7,7.8,6,1,0.629529147033865,1
459,Sunday,6,9.0,8,0,0.21896232730915605,0
371,Friday,7,5.4,8,3,0.543360636698573,0
111,Sunday,6,7.8,7,2,0.5760439673550528,0
249,Saturday,7,6.8,7,0,0.40088228414216476,0
151,Wednesday,3,7.3,9,0,0.5128445609362694,0
183,Thursday,3,5.6,10,2,0.07899495001795463,0
336,Tuesday,3,7.6,8,1,0.6934269574213038,0
95,Wednesday,6,6.5,7,2,0.40708478610602444,0
459,Sunday,7,6.8,8,2,0.36479864505486354,0
374,Monday,2,6.7,8,0,0.5792665673829345,1
400,Saturday,7,9.1,7,1,0.1330523224494492,0
8,Wednesday,9,6.6,6,2,0.3230706548988871,0
388,Saturday,7,7.7,8,2,0.40777672470772836,0
360,Sunday,2,7.5,9,3,0.6742962118164655,1
388,Friday,8,6.8,5,2,0.6581703359277601,1
184,Friday,7,8.2,6,2,0.1555399555043654,0
281,Wednesday,6,7.7,8,1,0.37402183564127417,1
195,Saturday,7,5.8,8,2,0.653863885574143,1
352,Sunday,4,8.1,8,2,0.8132302368932439,1
195,Friday,7,8.6,7,2,0.25445430137138403,0
155,Thursday,7,6.4,8,0,0.25483664888233404,1
93,Thursday,5,7.7,6,1,0.19466343485140503,0
160,Saturday,6,4.1,7,3,0.8064365925741059,0
434,Thursday,5,5.5,7,2,0.771578412134556,0
61,Saturday,6,10.0,8,1,0.27581696284019264,0
122,Thursday,5,7.6,7,0,0.33388001090412034,1
51,Monday,5,7.0,7,0,0.27934391900299294,0
403,Wednesday,8,8.9,7,2,0.29360877670108887,0
277,Wednesday,3,5.4,7,3,0.7844425594545579,0
5,Monday,7,8.2,7,1,0.37888810964523023,1
466,Monday,8,5.7,6,2,0.5579633653225559,1
92,Thursday,4,6.8,8,2,0.647398248080804,0
170,Monday,6,4.8,7,5,0.6803348969946296,1
317,Tuesday,5,6.2,6,3,0.9003271735888304,0
22,Friday,9,8.3,6,2,0.21604737227021611,0
405,Sunday,6,6.8,7,1,0.7538975591538286,1
326,Friday,9,7.3,7,0,0.3057354967650019,1
1,Sunday,9,6.8,7,2,0.6098190155938136,0
133,Friday,7,7.2,6,3,0.5613986181226915,1
233,Tuesday,10,7.6,7,0,0.08816713507060435,0
12,Friday,3,5.9,10,3,0.681476694993151,0
346,Friday,9,5.7,5,2,0.5157469958670304,0
46,Wednesday,6,6.2,8,1,0.6158754632949686,1
34,Monday,6,6.2,7,1,0.3587430700243832,0
433,Friday,6,4.3,8,2,0.38590491915986463,0
78,Monday,4,7.1,10,0,0.37285004293069546,0
218,Thursday,8,7.2,7,1,0.08531009579911111,0
301,Tuesday,4,4.5,8,4,0.9210596233977143,1
411,Thursday,5,7.7,7,0,0.304456542205274,1
73,Thursday,5,6.2,7,1,0.786317699642056,1
282,Monday,8,7.1,6,1,0.23326727172780293,0
249,Wednesday,6,6.4,7,0,0.32648196566055143,0
47,Thursday,2,7.1,8,2,0.3639742301217269,0
121,Saturday,5,7.5,8,2,0.33151184794146316,1
214,Saturday,3,8.5,10,3,0.6294694841507813,1
239,Thursday,8,6.7,7,0,0.22446623266788027,1
56,Friday,4,7.6,8,1,0.5438708437445539,1
350,Tuesday,5,8.4,7,1,0.17188866557696175,1
107,Wednesday,10,6.6,6,1,0.6009909245692626,1
319,Tuesday,8,6.4,5,2,0.5006341539695635,0
48,Thursday,4,7.4,8,1,0.4035782451561691,0
61,Tuesday,8,4.2,6,2,0.9191417054190603,0
337,Monday,5,5.7,8,4,0.9243940296326708,1
26,Friday,8,5.6,7,2,0.2957790873784342,0
292,Friday,6,7.4,8,1,0.042550252315167375,0
257,Wednesday,5,6.9,7,0,0.3301531940423195,1
8,Monday,4,8.2,8,1,0.17194972089300584,0
113,Wednesday,7,8.1,8,2,0.05535058359978701,0
355,Wednesday,8,4.3,5,5,0.953530366064001,1
253,Friday,7,4.7,7,3,0.5716373974853995,1
180,Tuesday,6,6.7,6,0,0.5902331933337909,1
207,Friday,3,4.8,10,2,0.7631202160590521,1
303,Saturday,5,5.0,6,3,0.6906036505861718,1
127,Tuesday,4,5.8,8,4,0.6702967302367361,0
56,Sunday,9,4.9,7,2,0.8142857201716854,1
214,Wednesday,6,5.5,6,3,0.7802333795334463,1
14,Tuesday,7,7.6,8,0,0.27834787297307434,1
474,Wednesday,6,6.1,7,0,0.5211418792341176,1
28,Monday,7,8.5,8,0,0.08473256085205738,0
471,Monday,8,6.0,6,2,0.38928794683759943,0
78,Wednesday,10,7.4,6,0,0.36056635420776995,0
216,Friday,6,6.1,8,1,0.6238784919382752,1
386,Sunday,9,7.1,6,1,0.22736674050534927,0
365,Friday,7,6.2,7,2,0.4634631560740804,0
154,Monday,5,7.4,6,2,0.7476686079898132,1
14,Friday,5,7.6,6,3,0.794997939356568,1
187,Thursday,7,9.2,8,2,0.13034597377534818,0
312,Saturday,6,7.4,6,2,0.7262838046734018,0
371,Saturday,7,8.1,7,2,0.28651264274774,0
7,Saturday,8,6.2,6,1,0.24706625809082436,0
3,Wednesday,10,7.5,6,0,0.08883712013585604,1
111,Friday,7,6.7,7,1,0.493514504439666,1
407,Tuesday,4,3.5,10,4,0.8818779034332945,1
238,Sunday,7,6.4,6,1,0.36676157600014586,1
363,Tuesday,6,4.2,8,3,0.7556214552506508,0
239,Monday,10,5.8,7,3,0.4307852274368009,0
493,Monday,6,7.1,6,2,0.5302946819035295,1
274,Friday,7,6.3,8,0,0.2810561961613566,0
294,Wednesday,8,7.4,6,0,0.28457092302615256,1
227,Wednesday,7,3.9,8,4,0.795047491314057,1
371,Sunday,9,8.5,6,1,0.27968873990965454,0
15,Sunday,8,7.7,5,2,0.6819827971746428,1
192,Tuesday,10,5.2,7,2,0.6550505635740007,0
473,Tuesday,7,6.7,8,2,0.5086770639928567,0
119,Saturday,9,10.0,5,0,0.021539304525218513,0
485,Sunday,6,9.2,8,0,0.16985911022192632,1
28,Thursday,10,8.7,7,1,0.08239321268962274,0
202,Thursday,6,6.4,7,0,0.11929669964979477,0
39,Tuesday,9,8.1,5,2,0.3494093449634119,0
441,Saturday,8,9.0,6,2,0.46465707949925944,1
273,Thursday,7,5.4,8,1,0.35406160868266545,1
231,Thursday,9,8.2,5,1,0.3594623289304287,0
86,Monday,6,8.0,7,2,0.21338222225336673,0
474,Sunday,9,6.6,6,2,0.4203693910488906,0
126,Thursday,7,6.8,6,0,0.12436079310955947,0
300,Tuesday,6,8.3,7,5,0.64593232247539,0
25,Thursday,7,6.6,6,2,0.7766849736978846,1
145,Friday,7,7.8,7,2,0.1757511381057477,0
13,Thursday,6,6.1,7,1,0.24244886597984983,0
212,Friday,7,5.4,7,2,0.41669736303134036,1
25,Thursday,7,5.3,8,2,0.42884845695765766,1
68,Sunday,2,7.1,8,0,0.46968448297628657,0
394,Monday,8,7.2,6,2,0.37719234086937126,0
67,Monday,8,4.6,7,2,0.47420057389293907,1
233,Tuesday,9,9.0,5,2,0.20580430315547002,0
109,Friday,4,8.0,7,1,0.4671295792749325,0
146,Friday,4,7.3,7,1,0.2539760498346879,0
111,Saturday,7,8.4,7,1,0.596526656887294,0
228,Friday,5,5.9,8,3,0.39892704782270433,0
111,Thursday,4,4.9,9,3,0.7898497118547672,1
470,Sunday,6,7.9,8,1,0.35074671466742596,0
34,Tuesday,6,8.0,8,0,0.08470597564456157,0
111,Saturday,4,6.8,7,1,0.7820558556012381,1
264,Wednesday,4,5.6,8,2,0.3649892127964936,1
424,Friday,6,6.0,6,3,0.534919389255272,1
369,Friday,4,7.3,7,2,0.29651868719378854,0
236,Thursday,4,7.4,8,0,0.3215591130124794,0
83,Monday,7,8.9,7,2,0.2617222684426517,0
42,Wednesday,10,7.2,6,1,0.2133870095302947,0
425,Thursday,8,5.7,5,3,0.7468527030320385,1
101,Saturday,9,7.0,6,1,0.5067321343162839,0
6,Wednesday,3,5.4,7,2,0.7814839430440775,1
180,Sunday,4,8.7,8,1,0.6048405593800057,0
282,Wednesday,7,5.4,7,1,0.3101119456031575,1
320,Thursday,8,6.0,5,2,0.4115985269351954,1
226,Friday,8,7.3,6,2,0.30754421595834036,0
443,Thursday,4,8.6,7,1,0.3239354101161403,1
440,Sunday,9,10.0,6,2,0.2718388217525088,0
315,Friday,6,5.1,6,1,0.5898734651109108,1
365,Thursday,8,7.5,7,2,0.3729433096022983,0
454,Monday,5,6.7,6,3,0.7833717041304282,1
229,Wednesday,3,6.4,10,0,0.2703633227343669,1
377,Tuesday,8,6.4,6,0,0.3097449402467047,0
289,Friday,7,5.2,7,2,0.9157027028183864,1
437,Tuesday,4,8.7,9,2,0.2910814479566559,1
150,Tuesday,5,4.2,7,5,0.8546930287042616,1
277,Tuesday,8,6.5,5,0,0.3920941855316809,1
198,Monday,7,8.5,6,1,0.17409783783899,0
70,Tuesday,8,7.0,7,0,0.1919552383630438,0
112,Saturday,5,6.6,6,0,0.31161636337576004,0
4,Friday,9,5.9,6,2,0.63697802831184,0
350,Friday,6,7.8,8,0,0.09823951191147295,0
331,Friday,2,6.3,9,1,0.654910141385258,1
446,Tuesday,7,6.7,7,0,0.4751489662986947,0
318,Saturday,8,8.1,5,0,0.2616480331105275,0
350,Monday,7,7.8,6,2,0.4692853124220424,0
95,Wednesday,6,6.0,7,1,0.4368335491411329,1
152,Thursday,3,5.1,9,1,0.5694896850818065,0
311,Monday,5,5.5,7,3,0.63404817302817,1
137,Friday,5,8.4,6,1,0.6122029425725876,0
247,Wednesday,5,6.8,6,1,0.7765073290806286,1
387,Friday,8,5.2,7,1,0.2447219353154594,1
243,Thursday,6,5.6,6,2,0.5328691908504666,1
31,Tuesday,9,8.1,6,0,0.014892936312448288,0
40,Friday,6,6.8,6,0,0.40560481996736225,0
229,Tuesday,9,4.7,5,4,0.6676674879662228,0
36,Thursday,7,5.4,8,3,0.5510130877767858,1
408,Monday,7,8.1,6,1,0.23662712367436237,0
223,Thursday,5,6.0,7,3,0.8870998174599051,1
6,Friday,4,9.2,8,1,0.14917723727925997,0
322,Wednesday,6,9.0,7,0,0.03692736366500484,0
468,Sunday,10,9.2,7,0,0.10134288875714863,0
220,Saturday,6,8.0,7,2,0.3939931733096021,0
75,Friday,5,7.9,6,0,0.2923528632965685,0
4,Friday,6,6.6,6,0,0.45274816740016705,0
335,Tuesday,10,6.7,6,0,0.21863376379185642,0
134,Friday,8,5.3,6,2,0.7927664421777858,0
118,Tuesday,9,6.6,7,1,0.369637540729564,1
369,Monday,3,5.2,7,4,0.7109408693898123,1
94,Sunday,5,7.4,8,0,0.21139664963981208,0
486,Thursday,5,5.2,6,1,0.7361363297229584,1
435,Wednesday,9,5.7,5,1,0.655218517499744,0
62,Tuesday,8,3.6,6,3,0.8947107574357148,1
441,Thursday,9,5.8,7,2,0.32131366662685995,0
194,Monday,3,5.8,8,3,0.5688210984107485,1
335,Monday,9,6.3,5,0,0.4631551033013872,0
203,Monday,8,8.1,6,1,0.24684923826798574,0
392,Thursday,5,6.6,8,0,0.10789997798384114,0
26,Thursday,6,7.8,8,0,0.02378287985030369,0
435,Monday,5,7.9,6,2,0.7346040575572624,1
173,Friday,6,8.4,8,1,0.1455248529853116,0
300,Tuesday,7,5.6,7,3,0.6555653509128889,1
133,Friday,9,5.3,6,4,0.6822586824032009,0
326,Sunday,5,7.3,6,1,0.5896094873492157,0
410,Friday,6,5.4,6,2,0.49469159593031997,0
118,Saturday,4,7.1,10,2,0.6904840367910257,1
324,Sunday,8,6.3,6,2,0.5813242808355871,0
275,Thursday,3,5.2,7,1,0.7522189407178421,0
212,Friday,7,7.1,8,1,0.22109396766183323,0
225,Saturday,4,9.6,9,2,0.4130123488075499,0
20,Wednesday,7,6.4,7,4,0.8927801659245694,1
113,Tuesday,9,7.0,6,2,0.17488715825660017,0
140,Sunday,5,7.5,7,1,0.3237028207465066,1
47,Friday,7,6.7,7,2,0.3878014460958119,0
1,Tuesday,5,8.4,8,2,0.36163536772453814,0
90,Wednesday,6,6.4,7,3,0.2635736924642462,0
142,Friday,3,3.5,10,6,0.9778968056566391,1
320,Thursday,8,5.6,6,2,0.6148566697786516,0
38,Friday,6,6.8,7,1,0.5399727753732554,0
293,Friday,6,6.6,6,1,0.15305926697739183,0
382,Thursday,7,6.4,7,0,0.16671012545719802,0
139,Thursday,3,6.1,9,0,0.5766739108738117,1
356,Friday,5,6.8,6,0,0.4783310443781879,1
333,Friday,7,9.2,7,0,0.03873928238303604,0
491,Thursday,6,6.3,6,1,0.5219965606397011,0
259,Wednesday,10,9.3,7,1,0.06217243090055496,0
161,Wednesday,9,7.3,7,2,0.3137153018976732,0
390,Sunday,7,6.6,7,1,0.4484651515946343,0
178,Monday,4,7.7,7,3,0.4262931698701545,0
10,Tuesday,6,3.8,7,6,0.932922741370872,1
261,Thursday,8,6.7,6,2,0.22270811968387824,0
407,Saturday,7,8.0,8,2,0.4218618083297734,0
138,Tuesday,9,7.3,5,0,0.3905261500286664,0
172,Tuesday,7,7.5,8,1,0.15243638465436504,0
386,Monday,7,7.6,6,2,0.3381338571079429,0
13,Friday,10,7.1,7,2,0.0883015616257976,0
168,Tuesday,4,7.6,10,1,0.09590439065641414,0
130,Wednesday,10,6.0,7,1,0.8723246077259141,1
84,Wednesday,8,8.1,6,3,0.32501386838413454,0
321,Saturday,10,6.8,6,2,0.4206272205031815,0
319,Wednesday,5,8.1,8,1,0.2623188653574304,1
101,Monday,10,6.7,6,3,0.7950658545657487,1
329,Thursday,7,7.0,6,3,0.4852675835252359,0
273,Sunday,6,8.5,8,2,0.37068888112570586,1
265,Thursday,7,8.5,7,3,0.41694549786829194,1
459,Sunday,7,7.4,7,1,0.28335242546571016,0
399,Saturday,5,7.7,6,1,0.5673387678138421,0
408,Monday,6,3.6,6,6,0.9361967191095235,1
38,Friday,7,5.7,7,2,0.49075224151719604,0
419,Tuesday,6,4.9,7,3,0.67504799530909,1
94,Thursday,8,6.2,6,2,0.5165840511303399,1
95,Tuesday,6,5.9,7,3,0.7850395152296121,1
305,Wednesday,7,5.8,7,1,0.049019118215458055,0
69,Sunday,7,6.2,8,1,0.4299253257146185,0
318,Tuesday,7,7.3,7,0,0.3991867572804435,0
444,Saturday,4,5.3,10,5,0.9152255653809678,1
236,Monday,9,5.4,5,1,0.6340964800566945,1
434,Monday,5,6.7,8,0,0.2002829584989791,1
334,Saturday,6,8.6,7,2,0.29951936179375266,0
373,Thursday,5,5.6,7,2,0.7673261994734146,1
376,Friday,7,8.0,6,1,0.3476660269558074,1
459,Tuesday,6,3.5,8,4,0.8139257332563247,1
137,Thursday,8,6.7,7,2,0.517626459770669,0
418,Friday,7,7.1,8,2,0.31927789014208907,0
76,Thursday,6,5.5,7,2,0.24502704844145565,0
483,Wednesday,3,5.1,7,1,0.6675955664844391,1
35,Sunday,8,7.6,6,2,0.5760145821056644,0
1,Friday,8,6.7,6,1,0.5746545575722274,0
296,Sunday,8,6.4,5,3,0.643621902938549,1
320,Friday,6,6.4,7,2,0.482011975943452,0
406,Friday,7,6.0,7,4,0.5191652802913846,1
60,Monday,5,8.2,8,2,0.2578042945438495,1
320,Wednesday,5,7.5,6,0,0.4328018050122176,1
349,Saturday,6,7.6,7,2,0.4523283244760046,1
328,Tuesday,8,9.0,6,4,0.6844863951473571,1
267,Monday,6,7.9,8,2,0.20969622692846343,0
361,Wednesday,6,8.2,8,3,0.08479250893023567,0
229,Tuesday,7,8.6,7,1,0.23609828262441865,1
270,Sunday,7,7.2,7,0,0.14612847083695116,0
316,Saturday,9,5.9,6,3,0.6569159392856543,1
286,Thursday,5,4.6,7,3,0.955725773813694,1
291,Monday,7,7.6,7,0,0.29352118261285437,0
213,Friday,7,5.5,7,1,0.3618897721580081,0
165,Thursday,3,10.0,7,1,0.2000077256202376,0
5,Sunday,7,6.4,8,0,0.1443187687759667,0
339,Thursday,9,5.5,6,1,0.39515250652135736,1
379,Wednesday,6,7.6,7,1,0.6174709403205716,0
78,Thursday,4,7.7,9,1,0.26318447434579373,1
410,Sunday,7,9.6,8,3,0.3682034434264161,0
62,Friday,7,6.4,6,0,0.5881239847080562,1
132,Friday,10,8.1,6,0,0.08437428666900233,0
89,Tuesday,7,6.5,8,1,0.33653885269862727,1
237,Friday,5,7.4,7,1,0.21184163911387527,0
42,Friday,5,6.4,7,2,0.5430086514789415,1
89,Tuesday,8,9.0,5,0,0.1512241477617008,0
402,Thursday,7,9.4,8,1,0.04936792189046302,0
296,Tuesday,6,5.3,6,1,0.46718150528557617,1
328,Tuesday,7,8.2,7,1,0.25719303535664073,0
295,Monday,7,5.6,7,5,0.7911673911970942,1
104,Tuesday,7,8.1,7,1,0.11728065200640293,0
14,Thursday,3,8.7,9,2,0.5339771910639639,1
288,Monday,9,5.5,6,2,0.2358708457861765,1
179,Tuesday,9,5.2,6,3,0.6424984785076606,0
125,Saturday,10,6.8,5,2,0.2682897668189279,0
422,Thursday,10,8.1,6,2,0.23617787576309426,0
353,Thursday,9,7.3,5,0,0.15636284933700076,0
23,Wednesday,6,6.4,6,2,0.5833420553312473,1
63,Friday,7,7.6,8,1,0.1160622299270851,0
143,Tuesday,9,6.3,6,1,0.16164947898693088,0
481,Saturday,3,7.6,7,1,0.5823264346938901,0
153,Monday,6,7.4,6,3,0.4579391501493126,0
145,Friday,3,7.3,7,1,0.19255193622131728,0
225,Wednesday,7,8.7,8,1,0.2796495566088167,0
495,Friday,9,5.3,7,4,0.4482976978343025,0
450,Thursday,7,7.8,7,0,0.08472970742460806,0
462,Wednesday,5,5.6,8,2,0.4557606838788662,0
309,Tuesday,7,6.2,8,1,0.29062335068075945,0
104,Thursday,7,6.5,8,3,0.3918223429385218,0
104,Sunday,7,6.9,8,3,0.527580254238165,0
435,Saturday,4,5.8,10,2,0.6876784645573458,1
39,Monday,7,6.2,6,2,0.5620834886003216,0
435,Wednesday,7,7.0,6,2,0.6589972069431952,0
198,Sunday,8,7.2,7,1,0.3650336932694686,0
134,Thursday,6,8.5,7,3,0.6056386698746008,0
67,Friday,10,6.6,6,0,0.3260731766460704,1
391,Sunday,7,7.4,6,1,0.47150052985830404,1
179,Saturday,6,7.6,8,2,0.7534150618466487,1
456,Thursday,4,6.5,8,1,0.5347709793474572,1
42,Wednesday,5,7.3,6,2,0.4328286625222975,1
448,Wednesday,5,6.1,7,0,0.569563981844312,1
500,Friday,6,5.3,8,2,0.8292751036291209,1
15,Tuesday,10,6.6,6,1,0.2887444214186191,0
111,Tuesday,4,7.2,9,1,0.2939485300111098,1
157,Wednesday,4,6.9,8,1,0.37261490767750577,0
289,Tuesday,6,5.6,6,3,0.8658734194272217,1
500,Friday,4,6.9,8,3,0.6389208814918743,0
478,Thursday,5,7.5,8,2,0.18043003282380715,0
231,Thursday,7,6.9,8,0,0.38689271648224105,1
411,Wednesday,6,5.8,7,1,0.625529936666265,1
420,Sunday,7,7.5,7,1,0.3528556724909183,1
157,Monday,8,8.7,7,0,0.0959543376372039,0
38,Friday,9,5.5,5,2,0.5228143371922873,0
441,Sunday,7,8.7,6,0,0.14107698548235323,0
97,Wednesday,9,4.0,7,4,0.8528877630511906,1
485,Thursday,7,6.0,8,1,0.2389468584860923,0
411,Sunday,7,6.9,8,1,0.6141714547307111,0
439,Tuesday,7,8.0,7,2,0.10372056894807284,0
289,Thursday,7,8.8,8,3,0.21664200325466423,0
254,Wednesday,7,8.0,6,1,0.20086480810768362,0
196,Tuesday,10,7.3,5,1,0.23420981151859654,0
86,Saturday,8,8.7,7,2,0.310061631066117,0
322,Saturday,6,5.8,7,1,0.26485152742080503,0
10,Friday,10,7.8,5,0,0.19233495168412437,0
5,Tuesday,6,5.4,8,2,0.5185160173480725,0
123,Monday,6,5.8,8,2,0.3929200485679887,1
330,Thursday,5,7.2,7,1,0.5361201889875953,1
353,Monday,8,5.2,6,3,0.4291199906040678,0
118,Friday,10,8.2,7,2,0.23658809519869092,0
294,Thursday,4,6.7,9,0,0.30150356966736463,0
397,Friday,6,5.1,8,1,0.5974095878482873,0
159,Thursday,9,8.5,6,1,0.0897111153343506,0
303,Wednesday,4,6.4,8,1,0.13745637339818365,0
228,Tuesday,8,6.5,6,0,0.13818692350129708,0
365,Tuesday,4,6.4,8,0,0.4301848048221243,1
216,Thursday,7,3.5,6,3,0.9465472170408736,1
436,Friday,7,8.2,6,0,0.15948411099882825,1
184,Friday,10,6.7,5,2,0.1687651876835307,1
15,Friday,8,6.9,5,1,0.1857866249645615,0
157,Sunday,2,8.2,8,0,0.5378273131236124,1
136,Tuesday,6,6.3,7,0,0.2626936801926882,0
261,Monday,8,5.4,6,2,0.5611328899832327,1
157,Wednesday,6,5.6,7,3,0.6666198306395621,0
47,Friday,6,7.7,7,1,0.162868170846214,0
324,Wednesday,6,6.7,6,2,0.37633362413076116,0
332,Saturday,8,8.6,6,0,0.31383815771244816,0
173,Thursday,4,8.1,9,2,0.16494271531806293,0
130,Sunday,5,8.5,8,2,0.7887339369464536,1
411,Sunday,9,8.9,6,3,0.5369181809234754,0
95,Monday,6,5.8,8,2,0.5796192577984693,0
115,Wednesday,5,7.4,7,1,0.4634277980486838,1
243,Thursday,4,6.1,9,1,0.3581347989394913,0
420,Tuesday,8,5.4,7,3,0.834978598546699,1
292,Wednesday,7,7.3,7,2,0.09899054173214888,0
282,Friday,8,7.6,6,2,0.4062507113972978,1
299,Tuesday,6,6.3,8,3,0.35499174464356636,0
283,Thursday,7,6.8,8,1,0.1476129486016175,0
69,Friday,7,7.5,8,1,0.10804481487978854,0
148,Monday,4,6.0,10,1,0.33672026344747474,1
11,Thursday,10,7.7,5,2,0.13502204496812686,1
254,Tuesday,8,5.6,6,4,0.6124170290701126,1
330,Friday,7,7.2,7,0,0.18963028080995936,0
360,Tuesday,6,5.2,7,3,0.4619181181300915,1
38,Saturday,9,9.0,5,2,0.49835585655476383,1
134,Wednesday,7,7.5,8,1,0.22469248353620447,1
200,Tuesday,8,9.1,6,0,0.08963871867763869,1
23,Wednesday,5,5.6,7,2,0.7682590133952966,1
303,Wednesday,5,7.5,7,2,0.20851631632172057,1
346,Wednesday,6,6.7,7,2,0.43900216123652935,0
302,Thursday,7,4.9,8,4,0.6459554623770732,1
363,Thursday,7,6.8,7,1,0.2457963577318788,0
396,Monday,9,7.4,6,1,0.24358334805681725,0
218,Monday,9,9.1,5,0,0.03184797825670775,0
141,Friday,9,6.1,6,0,0.4360130745198453,1
104,Thursday,5,7.3,6,0,0.38495056813934747,1
446,Wednesday,6,7.1,6,0,0.5528231218188091,1
210,Saturday,8,7.2,6,2,0.4066800610402126,0
473,Wednesday,9,6.6,5,2,0.4064133968351496,1
481,Friday,8,7.6,7,2,0.22582520253826144,0
111,Tuesday,5,6.6,7,0,0.5336928512711462,0
104,Monday,4,6.4,9,3,0.7061470992846984,1
316,Sunday,7,6.8,6,2,0.5589064172234179,0
171,Wednesday,5,4.9,6,3,0.9321386805734065,1
460,Friday,7,7.8,7,1,0.21998847591372805,0
492,Tuesday,9,6.1,7,0,0.45395491495602935,0
356,Friday,7,8.2,6,1,0.3677868705308885,0
496,Saturday,4,8.9,9,1,0.16693281118687323,0
324,Monday,5,9.6,6,0,0.0958237490609315,1
133,Saturday,8,7.9,7,0,0.29443123269708077,0
376,Thursday,7,7.4,7,0,0.21244842130280492,0
293,Thursday,8,7.4,5,1,0.07004075758155398,0
328,Thursday,10,7.0,6,2,0.27615482164594657,0
127,Saturday,7,8.8,8,0,0.12450541120677386,0
106,Monday,7,6.6,7,1,0.5263506635558493,1
497,Tuesday,8,7.4,5,1,0.26311580571161475,0
92,Saturday,4,7.3,8,1,0.21721114259187316,0
287,Friday,6,5.1,8,2,0.39000279888337486,0
378,Monday,5,7.6,7,4,0.7916319056707967,1
393,Thursday,8,3.5,6,4,0.9056871891617155,1
51,Thursday,5,7.4,6,2,0.49793193439772565,1
29,Wednesday,8,8.0,7,0,0.015777928481380283,0
462,Tuesday,6,7.4,7,0,0.1744563491829936,0
296,Friday,6,5.8,6,1,0.1941305632266663,0
297,Tuesday,8,8.6,5,0,0.15460704307816509,0
214,Friday,4,8.9,10,0,0.052921711402901826,0
267,Saturday,6,8.2,8,0,0.07543964561779483,0
407,Wednesday,10,8.9,5,1,0.10168162643474496,1
257,Tuesday,10,9.2,6,1,0.1566300374422885,0
302,Tuesday,3,5.9,8,1,0.3667058933645432,0
101,Thursday,5,5.6,8,2,0.8527206842422597,1
405,Friday,7,7.6,7,5,0.8434028604599063,1
346,Wednesday,4,3.5,8,5,0.919364831302677,1
110,Thursday,10,6.4,5,0,0.1883639083921539,0
420,Wednesday,7,5.9,7,1,0.5871927130734239,1
182,Tuesday,6,6.5,6,2,0.7954781631492661,1
471,Monday,7,5.2,6,1,0.652672786324994,1
313,Monday,7,6.5,6,0,0.4027321412210174,0
1,Tuesday,5,7.4,8,0,0.2814487709654123,1
319,Wednesday,9,8.8,7,0,0.050980287014600875,0
438,Saturday,7,8.0,6,1,0.3791285053346988,0
55,Friday,9,4.6,6,3,0.9312742858856433,1
371,Tuesday,5,6.8,8,1,0.197160342199491,0
424,Tuesday,3,8.4,7,1,0.34341627062025804,1
399,Tuesday,9,6.5,5,1,0.4240529903024917,1
149,Wednesday,8,7.5,6,2,0.3755687000464685,0
431,Thursday,9,8.2,6,0,0.1736391996164126,0
457,Wednesday,9,6.9,6,2,0.2996098734475512,0
309,Tuesday,7,7.1,7,1,0.14466049801834713,0
137,Monday,6,7.4,6,1,0.5544806645623918,0
202,Monday,6,6.2,7,5,0.7196156150133184,1
436,Monday,8,6.5,5,1,0.37941948487010935,0
313,Friday,7,5.6,7,2,0.5161284127747257,1
117,Tuesday,3,6.1,9,2,0.2628887553471978,0
154,Wednesday,6,7.7,8,1,0.31753117616474114,1
425,Thursday,9,7.3,6,0,0.12083978712289442,0
291,Saturday,6,6.0,6,2,0.9075953923127942,1
63,Saturday,10,6.3,7,1,0.4151590258663668,1
244,Friday,5,6.0,8,4,0.695684680466107,1
25,Monday,7,5.0,8,3,0.6027504997360537,0
90,Thursday,5,7.0,7,0,0.12345182337418585,0
75,Friday,5,5.9,6,4,0.756687578003118,1
294,Monday,5,7.3,8,0,0.3755495775861151,0
386,Thursday,10,7.9,6,1,0.06697210693411698,1
391,Saturday,6,5.4,6,2,0.9405242016500676,0
210,Wednesday,5,6.0,7,1,0.37968140847982423,0
475,Monday,6,4.8,6,5,0.8385414548483336,1
418,Monday,6,4.5,7,3,0.8562028988334189,1
347,Wednesday,8,7.4,6,3,0.20330177804029756,0
17,Monday,2,7.0,10,1,0.3813425316881462,1
128,Friday,5,6.0,7,1,0.5351527276858359,0
427,Friday,8,5.6,6,2,0.4024989146665419,0
443,Tuesday,6,5.4,7,3,0.8431027261652909,1
364,Saturday,5,7.6,7,0,0.3933903009989532,0
251,Wednesday,5,6.4,8,2,0.35366514561432333,0
179,Monday,8,5.6,5,2,0.7901339505823204,1
182,Friday,8,7.2,6,4,0.7259068230410325,0
152,Friday,8,7.0,6,3,0.5801832126344003,0
25,Thursday,4,5.5,9,2,0.7555496456913656,1
455,Saturday,4,6.8,9,0,0.21078779171990691,0
180,Friday,9,7.7,5,1,0.5414427126062785,1
198,Saturday,7,8.3,7,0,0.4303184515808822,0
344,Wednesday,5,5.9,8,5,0.9180862265793082,0
161,Friday,6,8.7,6,1,0.3178263064959716,0
177,Sunday,4,7.2,7,0,0.29825316062929885,1
285,Friday,5,7.6,6,0,0.3046634623721608,0
63,Monday,7,5.4,7,1,0.33284422983778134,0
491,Thursday,7,6.5,7,2,0.3305920633715176,0
150,Thursday,6,5.6,8,2,0.2234749348062771,0
154,Tuesday,6,4.7,7,2,0.8434264485966384,1
156,Sunday,8,7.3,6,0,0.33850537702575934,1
370,Tuesday,6,6.3,7,1,0.486792848335266,1
469,Tuesday,6,8.0,7,0,0.12028496262063046,1
49,Sunday,5,6.7,7,2,0.776793454343495,1
455,Wednesday,3,7.0,8,1,0.2217856892009276,0
337,Monday,8,6.2,5,1,0.6313049007212049,0
84,Thursday,9,5.5,7,1,0.20819460170353432,0
361,Thursday,5,7.7,6,1,0.16616727979101217,0
177,Monday,4,6.0,8,1,0.6098778602865238,1
148,Sunday,5,6.9,6,1,0.43974232500843874,0
118,Thursday,7,5.3,8,2,0.6799041030096962,1
342,Thursday,5,4.7,7,2,0.7421892599046621,0
476,Thursday,5,7.2,6,0,0.29204910000082274,1
63,Thursday,6,6.6,6,0,0.19273120692040654,0
189,Tuesday,7,7.8,6,1,0.36925124884362903,0
360,Tuesday,7,7.3,8,2,0.20303319716538218,1
49,Thursday,6,5.2,8,1,0.5370407293192817,1
327,Saturday,6,7.4,8,1,0.6696485888321984,1
257,Monday,3,6.7,8,2,0.4795240219881793,1
224,Thursday,8,7.9,5,4,0.4838259401276272,1
141,Saturday,7,8.9,7,1,0.36694155053414435,0
478,Monday,10,4.6,5,5,0.8696759993378873,1
215,Monday,8,8.0,6,0,0.2337921032176528,0
435,Tuesday,6,7.9,8,5,0.7316099328746688,1
379,Thursday,4,5.7,8,2,0.6946482674618183,1
440,Monday,3,6.6,8,0,0.23248492969427728,0
211,Wednesday,9,4.2,6,4,0.8955672132313319,1
318,Thursday,8,6.6,7,0,0.16515610336013767,0
32,Thursday,9,5.4,6,3,0.5842642622786918,0
158,Tuesday,8,7.3,7,2,0.675518186206632,1
285,Wednesday,6,7.2,7,3,0.4220520529061134,1
305,Friday,2,6.6,9,2,0.16217128408483164,0
429,Sunday,8,7.6,5,1,0.2923299753643288,0
477,Saturday,4,6.5,10,1,0.5075346011215817,1
286,Thursday,6,5.3,7,1,0.8416914092484277,1
144,Wednesday,7,9.2,7,2,0.2685845192652252,0
424,Wednesday,5,7.9,7,2,0.33287056220223465,0
19,Monday,5,6.9,6,2,0.556339788233366,1
18,Monday,6,6.4,6,0,0.18775083841326173,0
257,Friday,2,9.6,7,1,0.2878031538705904,0
78,Tuesday,4,8.7,10,2,0.1150490669314078,0
371,Tuesday,4,6.4,9,0,0.24771571502142903,1
175,Sunday,6,6.2,8,0,0.5088131553251249,0
498,Tuesday,5,6.8,8,4,0.5560343453416171,0
194,Monday,5,6.2,7,0,0.20688706116367805,0
476,Monday,6,5.6,6,1,0.3828583790568377,1
113,Thursday,10,8.3,5,3,0.09076011300458972,0
114,Thursday,8,7.3,7,1,0.26923551405783513,0
222,Wednesday,6,6.2,6,2,0.559940763255599,0
166,Thursday,7,6.2,7,2,0.5233726730058735,0
435,Friday,8,6.7,6,2,0.8448213154065822,0
319,Saturday,7,6.8,7,2,0.41597978055266727,1
132,Sunday,4,6.7,10,1,0.4483794205155706,1
385,Saturday,6,9.9,6,3,0.2270273885401965,0
264,Thursday,5,5.6,8,2,0.26836686537520826,1
413,Tuesday,6,4.0,7,3,0.8791553227650285,1
55,Monday,6,7.5,8,2,0.612265793269356,1
359,Monday,9,8.0,7,2,0.48481051642610073,0
131,Friday,5,6.9,6,0,0.548821990530445,0
288,Saturday,5,5.5,7,3,0.8224347916884358,1
266,Thursday,5,6.5,8,2,0.7705248907652121,1
458,Monday,5,6.1,6,0,0.5524919766170739,0
467,Thursday,6,8.3,7,0,0.2314189733162119,0
366,Sunday,7,6.4,7,0,0.205302870805843,0
162,Thursday,5,7.0,7,3,0.860919130309221,1
380,Saturday,7,8.1,7,1,0.30078114794768435,0
481,Saturday,7,6.4,8,0,0.36212885963682,0
87,Sunday,8,6.7,6,4,0.8543090009652787,1
55,Friday,6,7.2,8,0,0.5147143618945156,0
476,Friday,8,3.5,7,4,0.874630829035478,1
288,Tuesday,7,8.3,7,2,0.07860377248116428,0
178,Monday,7,5.5,6,3,0.628508944230624,1
391,Thursday,5,6.8,7,1,0.3266002041747118,1
349,Monday,7,5.1,8,2,0.3186261984842216,0
8,Sunday,7,9.0,6,1,0.312876442975653,1
321,Tuesday,5,6.7,7,1,0.2808814737475934,0
313,Saturday,9,7.7,6,1,0.40593892138519694,1
247,Wednesday,10,7.4,7,3,0.43750945499813354,0
323,Wednesday,5,8.0,8,0,0.4212962132437754,0
472,Sunday,6,6.1,8,2,0.8529103987584168,0
471,Wednesday,6,6.4,6,1,0.4992014541504072,0
443,Wednesday,4,8.2,7,2,0.5700527377740798,0
255,Monday,5,6.2,6,1,0.562142731616257,0
328,Friday,8,8.3,6,1,0.27585050249214244,0
54,Tuesday,6,6.9,6,0,0.4345131967342041,0
249,Thursday,10,6.2,6,2,0.2858824846752679,0
239,Thursday,6,7.5,6,3,0.6245070342477894,1
229,Friday,7,6.5,8,0,0.1442920554332204,0
67,Friday,5,7.7,8,0,0.13744086237546999,0
51,Thursday,6,6.1,7,2,0.6113266810272008,1
97,Wednesday,7,7.7,8,2,0.361567377082443,0
92,Saturday,2,7.9,7,2,0.37456741995006904,0
495,Tuesday,5,6.3,6,0,0.20364411856309558,0
264,Thursday,8,4.5,5,3,0.3349480282746087,0
418,Wednesday,8,7.3,7,0,0.4183118863140207,0
291,Saturday,4,8.7,8,3,0.6034667588541981,1
96,Wednesday,6,6.9,8,0,0.11368990909471055,0
88,Wednesday,2,4.0,8,5,0.942415892404497,1
78,Friday,6,8.1,8,2,0.3520754216142915,1
288,Thursday,9,7.2,6,2,0.12376953463369737,0
120,Monday,9,7.4,6,0,0.5050534190033366,0
302,Thursday,9,6.6,7,3,0.27746762362377986,0
491,Friday,8,4.4,7,2,0.4851469804467695,0
400,Sunday,9,8.1,7,1,0.24861036985268103,1
452,Thursday,6,6.4,6,1,0.14494566806653972,0
500,Wednesday,5,5.8,7,1,0.6879597310825364,0
165,Tuesday,9,8.8,7,0,0.18841187676738472,0
182,Saturday,7,8.1,7,1,0.33688019133862857,0
469,Saturday,3,7.7,9,4,0.7561984732823286,1
398,Tuesday,9,5.7,5,2,0.690031651130011,1
223,Tuesday,6,5.5,6,1,0.7666255271511474,1
311,Friday,5,7.3,7,2,0.3709399478899477,0
432,Tuesday,8,4.3,6,2,0.8299045951800444,0
466,Tuesday,8,7.4,5,1,0.32641962156093624,0
7,Monday,5,7.4,7,4,0.3726720084257485,0
330,Tuesday,6,8.4,7,0,0.15338852280685872,0
263,Wednesday,5,7.9,8,3,0.6194339074645707,1
161,Friday,5,8.1,6,1,0.43549698042474855,0
151,Wednesday,1,6.0,10,4,0.9003217226220207,1
85,Wednesday,4,4.9,7,5,0.9418876442775186,1
147,Tuesday,6,6.9,8,1,0.5357499335591269,1
112,Wednesday,1,7.2,8,1,0.48339144691943803,1
381,Tuesday,4,7.9,8,1,0.1963535699704249,1
403,Thursday,8,8.5,6,0,0.2038000061425117,0
36,Friday,4,5.3,9,2,0.5725429928410408,1
285,Monday,6,7.7,8,1,0.11813995836535807,0
188,Monday,3,4.0,10,5,0.8581462967403891,0
82,Monday,7,7.0,6,0,0.41205876489874727,1
2,Thursday,6,7.5,8,2,0.41484566221746766,1
385,Saturday,5,5.6,7,2,0.7582186479872283,1
303,Monday,1,7.4,10,1,0.12448473462646825,0
197,Sunday,5,6.1,7,0,0.5493891380027306,1
404,Monday,8,6.2,5,1,0.4162012060712555,0
11,Saturday,10,8.4,6,1,0.24632195685687513,0
234,Thursday,6,6.3,8,2,0.4614333048199851,0
386,Friday,6,6.3,6,2,0.3633190227005264,0
195,Thursday,5,7.1,7,2,0.5186424083826072,0
471,Wednesday,9,7.7,6,3,0.4784050027374981,0
119,Saturday,6,7.4,6,1,0.21013254931442674,0
396,Friday,8,8.6,6,0,0.13233827744137602,0
20,Thursday,7,6.3,6,2,0.9357110984623307,1
261,Monday,7,8.2,8,2,0.16077029895562578,0
293,Monday,4,7.3,9,1,0.1705833003575346,0
422,Saturday,10,8.2,7,1,0.18314638254576304,0
256,Thursday,9,5.3,6,2,0.5722170618497752,1
222,Thursday,10,8.2,5,1,0.1368394113095909,1
393,Friday,4,6.8,8,0,0.40655675020696835,0
226,Saturday,7,10.0,7,1,0.24691854020227566,1
53,Thursday,5,7.0,8,1,0.06717846832919064,0
428,Friday,7,6.7,8,1,0.22508877838223057,1
355,Friday,7,6.1,7,1,0.27945902913578347,0
500,Wednesday,6,6.7,8,2,0.49227275626882055,0
342,Tuesday,6,8.4,8,1,0.15098377391984324,0
364,Saturday,10,8.3,7,2,0.33221809236479793,0
280,Wednesday,6,7.1,7,2,0.2646463045169605,0
81,Sunday,2,8.4,9,0,0.053362749491974205,0
202,Monday,5,6.2,7,6,0.699672798323297,1
158,Monday,4,6.1,9,1,0.6015668062543037,0
120,Sunday,5,6.6,8,4,0.829665522711996,1
59,Friday,8,7.9,5,3,0.8159908475158231,0
494,Wednesday,8,8.0,6,2,0.27755899614174917,1
215,Friday,5,5.7,8,1,0.3495249646276373,1
128,Friday,5,5.9,7,3,0.6079832312163596,1
224,Thursday,5,6.5,7,1,0.26440986924952353,1
209,Monday,10,5.5,6,3,0.8319428483436653,1
370,Saturday,8,7.7,6,4,0.7618956461372859,1
115,Saturday,8,9.1,6,1,0.25050748282125274,0
209,Tuesday,4,7.1,8,1,0.5493727523115307,1
14,Saturday,3,8.6,10,1,0.6099935024818202,0
9,Saturday,9,5.8,6,3,0.630691771649512,1
40,Thursday,10,6.1,7,0,0.17226866468053054,0
450,Friday,3,4.4,7,4,0.8969928728524543,1
237,Wednesday,10,6.6,7,0,0.07106065434516914,0
281,Tuesday,6,9.3,7,0,0.1318040424790267,0
359,Friday,7,8.8,7,0,0.15167542971878586,0
201,Saturday,4,7.9,7,2,0.5988615467676824,1
246,Friday,3,6.8,8,1,0.790979553781062,1
278,Thursday,2,7.3,8,2,0.6071796578317931,0
235,Monday,9,5.3,5,3,0.6973376566367124,1
494,Monday,6,7.0,7,0,0.2878482073110793,0
4,Wednesday,7,4.1,7,3,0.6653968452115605,1
154,Monday,9,3.6,7,5,0.9331008920989355,1
442,Thursday,6,6.3,7,2,0.6155399136008858,1
29,Wednesday,10,9.5,6,3,0.019965740856099295,0
109,Friday,5,8.7,7,0,0.1877538905835147,0
98,Tuesday,6,8.1,8,0,0.24845521764575473,1
215,Thursday,5,6.7,8,1,0.2199360792602481,0
293,Thursday,8,8.6,6,1,0.05408775624210293,0
75,Monday,9,6.1,6,2,0.5372255044488394,1
326,Monday,6,5.3,8,3,0.670923672169327,0
146,Tuesday,4,6.0,10,1,0.17925089320089224,0
128,Saturday,9,5.5,5,4,0.6384666346641588,0
341,Monday,5,9.4,7,0,0.1484983062928272,0
42,Friday,6,7.4,8,3,0.16752941000425264,1
356,Sunday,4,6.4,8,3,0.6656631303852593,1
41,Friday,7,6.6,8,1,0.07291133372552398,0
422,Tuesday,5,6.6,7,1,0.5411846212651578,1
34,Sunday,8,9.1,6,1,0.18224655493770606,0
17,Monday,5,9.4,7,1,0.07243933719218956,0
165,Wednesday,8,8.0,6,3,0.8635838590643444,1
153,Saturday,5,8.3,6,0,0.44610024031899004,0
486,Friday,9,7.1,7,0,0.4120402540205222,1
378,Wednesday,6,6.8,7,0,0.3876440666089731,0
76,Tuesday,7,6.8,6,2,0.3335743950372966,0
87,Wednesday,4,6.8,7,2,0.7470296200413482,1
117,Thursday,6,6.5,7,0,0.21189311579614242,0
362,Tuesday,4,6.2,9,1,0.3981531640919816,1
342,Sunday,6,6.1,8,1,0.322223525904663,0
469,Sunday,5,7.1,8,1,0.43224809183233404,0
27,Saturday,6,5.8,7,3,0.7371106914900981,0
313,Wednesday,7,6.0,7,1,0.33853444448549824,0
287,Friday,4,6.6,8,1,0.22722937656378359,0
134,Sunday,6,7.7,7,2,0.637596700614039,0
219,Saturday,7,7.7,7,0,0.31386342381230914,0
168,Wednesday,7,7.3,7,0,0.03952573007260537,0
98,Monday,10,7.2,6,0,0.20549994627598095,0
268,Monday,5,8.9,6,0,0.12770676940111492,0
237,Thursday,6,8.7,7,1,0.12781678882555012,0
309,Friday,10,6.2,5,0,0.23380636296740295,0
455,Saturday,4,8.5,8,1,0.23356086465191045,1
394,Tuesday,2,6.5,8,0,0.2723347365016944,1
173,Tuesday,8,4.7,6,6,0.9183426716665645,1
401,Wednesday,9,7.5,5,0,0.29499612038770345,0
410,Wednesday,2,6.1,8,0,0.6202257639775036,1
469,Monday,6,5.9,7,3,0.6222184779940638,0
476,Friday,4,6.0,8,2,0.45448942356582117,1
190,Thursday,7,5.8,8,4,0.6795934133348147,1
122,Friday,6,8.9,8,1,0.13969241441341082,0
46,Wednesday,9,5.3,7,4,0.6947933334994087,1
64,Wednesday,4,6.5,9,4,0.8684466207049157,1
130,Wednesday,7,4.7,8,4,0.9197034812907692,0
310,Saturday,8,6.5,6,1,0.4670049361276027,1
363,Monday,7,5.1,7,2,0.4632675978873824,0
193,Saturday,2,8.0,9,1,0.7663878716698722,1
307,Wednesday,7,4.9,7,4,0.5837422299871804,1
181,Saturday,5,9.1,7,3,0.34566858864634176,1
292,Saturday,3,5.8,10,1,0.1091009531490366,0
371,Wednesday,7,5.5,7,3,0.2995931335407051,1
282,Friday,8,7.5,6,3,0.4506706032168743,0
29,Monday,5,9.0,7,0,0.030481042147303072,0
149,Saturday,8,6.9,7,2,0.39483439021351885,0
267,Wednesday,8,7.4,5,2,0.30048586988266895,0
296,Wednesday,6,5.4,8,5,0.5950399507406493,0
11,Friday,8,6.1,6,2,0.46720008057564083,1
164,Saturday,8,7.3,6,2,0.7166605214805608,1
113,Tuesday,8,5.7,6,3,0.5531227507551407,0
187,Friday,2,8.1,8,2,0.35851509424527306,1
295,Wednesday,1,7.7,9,1,0.6958117055413869,0
232,Wednesday,9,6.1,5,5,0.5873583137070523,0
227,Friday,5,3.8,7,5,0.9416883291254406,1
310,Wednesday,6,5.8,6,3,0.49190705503861787,1
98,Wednesday,10,8.2,6,0,0.2006814819869608,1
55,Saturday,5,7.3,7,0,0.7602083484942768,1
111,Monday,6,7.9,7,4,0.6452962390322692,1
152,Friday,7,8.7,8,4,0.23034236299813124,0
246,Tuesday,6,7.4,8,0,0.1633128208419969,0
406,Monday,9,8.1,7,1,0.03589122614750056,0
69,Tuesday,6,6.0,7,2,0.712842079058405,1
312,Thursday,8,8.1,5,1,0.4084718641622767,0
289,Friday,7,6.4,7,3,0.71266622041136,1
250,Monday,8,5.8,5,2,0.6992516726938927,1
36,Monday,4,9.2,7,2,0.41267635846688583,0
239,Sunday,2,7.4,8,0,0.5822881388994943,1
148,Monday,7,5.8,8,3,0.6531645223994189,1
467,Saturday,5,7.9,8,3,0.6941445929589117,0
227,Tuesday,9,5.4,7,1,0.42175437132877386,1
244,Friday,6,5.2,6,2,0.4851161343439595,0
491,Tuesday,7,6.4,7,1,0.15947353447949794,1
337,Saturday,6,5.7,8,3,0.8923303858996989,1
446,Friday,5,6.1,7,0,0.7846420767783279,1
365,Wednesday,7,5.1,7,3,0.4692265620423896,0
491,Monday,9,7.9,7,1,0.14636080768548945,0
482,Friday,6,8.7,7,0,0.3091660244621973,1
201,Thursday,6,5.0,8,4,0.822012642213933,1
154,Monday,8,9.3,5,0,0.21947703112318892,0
450,Monday,3,7.6,10,0,0.18825931639787832,0
73,Saturday,9,7.7,5,2,0.6230430516307776,0
201,Tuesday,5,4.9,7,2,0.6642859892908318,0
296,Thursday,8,4.7,6,2,0.39262448972529296,0
17,Wednesday,7,6.7,7,0,0.2358151814219232,1
129,Saturday,2,7.2,8,2,0.3614886726748926,1
217,Sunday,7,7.0,8,3,0.40850072002723237,1
61,Sunday,9,7.5,7,4,0.694300417355224,1
427,Monday,6,5.8,7,1,0.4856313191782687,1
104,Saturday,6,7.1,7,3,0.5760313329337311,0
42,Tuesday,5,6.7,7,5,0.3856431044026587,1
25,Thursday,9,9.8,5,0,0.15819085723163215,0
39,Thursday,6,4.0,8,4,0.7112400680788012,1
291,Monday,10,7.2,5,2,0.6156593725791124,0
131,Sunday,9,7.5,7,1,0.366553205755068,0
498,Monday,9,6.7,6,0,0.10694294131871487,0
229,Friday,7,7.1,7,0,0.2987391832059134,1
108,Friday,6,9.1,8,0,0.2240444791328646,0
172,Friday,7,7.1,6,1,0.22022051571653825,0
435,Monday,10,4.9,6,2,0.7025830794872703,0
478,Wednesday,10,7.1,5,1,0.30353792046306444,0
102,Saturday,3,7.2,9,3,0.5890409710620352,1
354,Tuesday,10,6.0,6,2,0.4990119929065761,0
12,Wednesday,7,6.9,6,0,0.39717379430909416,0
275,Tuesday,8,6.6,6,2,0.5537073243549681,1
101,Wednesday,5,6.4,7,1,0.8127973397882383,1
44,Saturday,5,7.3,7,0,0.34456073239392704,0
443,Wednesday,4,5.3,10,3,0.5199746714782854,1
305,Thursday,10,7.6,6,0,0.031111302294741076,0
445,Wednesday,5,6.5,7,2,0.4246169387605228,1
17,Wednesday,6,7.0,7,0,0.3792261762305219,0
330,Monday,6,5.7,7,2,0.693668868895864,1
57,Tuesday,4,5.4,8,1,0.6134566886746529,1
311,Wednesday,6,6.3,8,4,0.5523305606153313,0
497,Thursday,7,6.7,7,1,0.09696736870123572,0
303,Wednesday,9,6.2,5,1,0.35844713005805523,1
12,Wednesday,4,6.8,9,2,0.5060974884686211,0
318,Wednesday,5,4.1,7,4,0.8284108624150955,1
80,Tuesday,8,9.1,5,0,0.09846500382179195,0
216,Sunday,7,6.5,6,0,0.5826337769367181,1
339,Thursday,7,5.3,8,2,0.4852903657480956,1
264,Monday,5,8.1,6,0,0.0751087087436093,0
479,Monday,8,5.3,5,1,0.5841568303318309,0
149,Sunday,9,7.6,7,1,0.2450657740150909,0
81,Tuesday,9,5.3,7,1,0.06113312929119112,0
215,Saturday,6,7.0,7,0,0.6289706167987139,0
485,Monday,1,6.4,10,2,0.5326624876704801,0
374,Sunday,7,6.5,8,1,0.4101485043668557,1
464,Saturday,7,8.5,7,2,0.3003076146474242,0
198,Thursday,4,8.4,8,1,0.24295035118124844,0
200,Monday,5,5.8,7,3,0.7938457789608195,1
25,Tuesday,5,6.9,7,1,0.5197386814428799,0
466,Wednesday,7,5.1,6,2,0.8092294420226819,1
89,Wednesday,5,6.8,8,1,0.4327752060288162,0
268,Tuesday,7,7.7,7,0,0.22339339545602702,0
143,Monday,10,6.8,7,2,0.1480210617805349,0
59,Thursday,6,6.0,8,1,0.43844619833928694,0
410,Thursday,4,6.4,8,3,0.6579071405520297,0
489,Tuesday,4,6.1,10,1,0.480070538237168,1
365,Monday,7,6.4,8,2,0.33238598574222455,0
26,Sunday,10,6.6,6,0,0.17634047466715008,0
47,Thursday,5,6.9,8,0,0.1409916653608381,0
288,Friday,2,5.3,8,4,0.796934719437861,1
266,Wednesday,10,3.5,6,3,0.9069904451119402,1
16,Monday,10,8.0,5,1,0.374813728950104,1
199,Tuesday,8,6.6,7,0,0.42863717931549794,0
401,Wednesday,7,6.8,8,1,0.2749615497019019,0
407,Saturday,7,6.5,6,0,0.5236419057265074,0
282,Friday,8,6.2,5,1,0.5670307453614452,1
469,Tuesday,8,5.4,6,2,0.4762569256866845,0
86,Sunday,7,8.8,7,2,0.46389153695945445,0
250,Wednesday,5,6.1,7,4,0.7322067994358588,1
391,Sunday,7,5.5,8,3,0.8818750051554942,0
270,Sunday,6,8.2,8,4,0.320488567438142,0
335,Tuesday,5,8.1,7,1,0.24447117188576023,1
117,Tuesday,7,6.5,7,0,0.17569867080458262,1
7,Thursday,6,8.5,8,3,0.11517787978780672,0
137,Friday,7,7.1,8,1,0.4391711325476284,0
371,Thursday,7,6.5,6,3,0.5928336184563419,0
176,Sunday,8,7.3,6,2,0.5464540970482558,1
328,Friday,6,7.3,8,1,0.4309100883155212,0
498,Tuesday,7,8.0,7,1,0.1979207007455502,0
315,Monday,8,7.3,7,1,0.19315529755292254,0
215,Friday,8,7.0,7,0,0.4114471301596901,1
477,Monday,7,6.8,7,1,0.3974248960543973,1
82,Friday,8,7.5,7,5,0.7181687540151741,1
223,Tuesday,6,5.9,6,3,0.9142282907166801,1
478,Wednesday,10,4.9,5,3,0.5364958350565489,1
372,Monday,6,6.9,7,1,0.6677931484968832,1
423,Friday,9,5.5,6,2,0.5460425544455436,1
483,Monday,6,4.9,6,4,0.8834809496986217,0
402,Friday,7,8.6,7,2,0.07117438419581028,0
443,Thursday,7,3.5,6,4,0.9010331742183451,1
490,Friday,8,7.4,6,1,0.4101907882108392,0
103,Thursday,5,5.4,8,1,0.3299768599285523,0
273,Monday,7,5.7,7,2,0.5005334169812479,0
14,Friday,6,7.2,8,0,0.24530122145438452,0
159,Monday,8,9.5,5,4,0.36846738813940916,0
152,Wednesday,5,7.5,7,2,0.5937921582545553,1
483,Tuesday,7,5.5,6,4,0.7225241595691388,1
108,Friday,6,6.6,7,2,0.6232839651371503,0
188,Sunday,10,7.1,6,2,0.3387305439588136,0
301,Thursday,9,4.2,6,2,0.8845734551097253,1
98,Thursday,9,6.8,5,1,0.2935097410298064,0
131,Friday,5,5.9,6,2,0.6152346809483034,0
293,Monday,6,7.6,7,3,0.2825657480558974,0
171,Sunday,6,7.0,8,3,0.8153092746163825,1
424,Tuesday,9,8.6,5,1,0.36062226243851103,0
474,Sunday,7,7.8,7,1,0.5151186894534976,0
183,Friday,5,7.0,6,4,0.4194273644638181,0
471,Friday,5,9.1,8,0,0.27189797795579634,0
364,Friday,9,7.1,6,3,0.3393035046248172,0
39,Wednesday,7,8.7,6,1,0.3033571476403329,0
15,Thursday,7,5.3,8,1,0.2719945855164897,0
376,Monday,6,4.3,7,3,0.8508424891514705,1
497,Thursday,8,7.0,7,0,0.07792144877640299,0
4,Thursday,4,8.1,9,1,0.143388102916923,0
349,Saturday,7,6.0,7,2,0.3967011033898325,0
470,Thursday,7,6.2,8,1,0.12453670728766625,0
409,Monday,4,4.7,8,4,0.8363019778413356,1
397,Tuesday,6,6.7,8,0,0.37609859037370336,0
210,Friday,10,6.7,5,3,0.4251989295510432,1
161,Tuesday,5,7.4,8,2,0.44424784645658844,1
16,Tuesday,7,6.1,7,0,0.1395909983376292,0
493,Saturday,2,7.1,9,3,0.7111894730260763,1
426,Thursday,6,7.5,7,2,0.47905889697202314,1
108,Thursday,4,7.0,7,4,0.7028612694270419,1
382,Tuesday,6,7.2,7,2,0.4630339738936172,1
450,Friday,7,7.7,7,3,0.3421098917484621,0
311,Tuesday,4,7.6,8,3,0.17268909045537842,0
227,Friday,7,9.2,6,2,0.38558658555270536,0
170,Monday,5,7.2,7,3,0.28648877594496075,0
34,Saturday,4,7.9,7,0,0.4321623519144749,1
414,Thursday,8,6.3,7,1,0.49444948746147505,0
251,Wednesday,5,6.8,6,1,0.545484045518364,0
247,Thursday,6,5.2,6,4,0.8821680773847171,0
269,Thursday,5,6.0,7,2,0.20419838480105368,1
141,Monday,7,8.1,6,0,0.37084844603697337,1
274,Friday,7,4.8,8,3,0.7166089753126816,1
416,Tuesday,6,8.4,7,3,0.4863990543089893,1
96,Sunday,5,7.0,6,0,0.22487455753128197,0
227,Saturday,6,6.3,8,3,0.8227760316775846,1
379,Wednesday,7,6.4,6,0,0.6523416907201149,1
39,Saturday,7,8.1,6,0,0.3819097550903107,0
302,Wednesday,9,6.8,6,0,0.044229985212997744,0
500,Monday,8,9.0,6,0,0.3685365832207663,0
29,Sunday,9,7.9,7,0,0.016641981459000827,0
446,Friday,9,7.3,7,0,0.44415075467840304,0
497,Wednesday,7,7.3,8,1,0.18456359600859454,1
477,Wednesday,8,6.9,6,1,0.478559000827163,0
318,Wednesday,7,6.4,8,1,0.38104902519218403,1
245,Sunday,9,7.5,7,0,0.2804230980601529,0
236,Monday,3,7.0,7,0,0.43617873337234325,0
185,Tuesday,6,6.6,7,4,0.4798690740497422,1
272,Thursday,7,8.2,7,0,0.10496784735690108,0
440,Wednesday,8,8.1,6,2,0.26544021212998675,1
236,Wednesday,6,5.3,6,1,0.48586576485352007,0
239,Tuesday,3,7.9,9,3,0.28677685191181046,0
377,Monday,6,6.7,7,2,0.439001102541155,0
266,Tuesday,8,6.3,6,1,0.4774736308371225,1
414,Sunday,6,8.3,7,1,0.5818150945497996,1
409,Monday,7,7.0,7,1,0.3026922773772623,0
359,Friday,10,5.6,6,2,0.6643352188768961,1
340,Friday,6,7.7,7,0,0.2899315143828284,1
389,Saturday,6,7.3,8,0,0.1183335849449588,0
65,Saturday,7,8.3,8,1,0.24876580358810604,0
478,Tuesday,7,6.7,7,3,0.3204575546715924,1
177,Tuesday,7,7.7,7,1,0.18702330230519648,0
3,Wednesday,7,7.8,8,1,0.11852299763853086,1
429,Tuesday,4,8.1,7,2,0.2173506307422923,0
142,Friday,6,6.0,6,4,0.8545116965213764,1
376,Thursday,4,8.9,8,1,0.5701512596578131,0
158,Saturday,7,7.2,7,2,0.722257094088278,1
498,Monday,8,5.3,7,1,0.525451334802038,1
324,Sunday,6,7.6,7,0,0.4124481752467483,0
146,Tuesday,5,6.5,7,1,0.6889885240202084,1
446,Thursday,6,6.0,7,2,0.7562562787671144,1
293,Wednesday,10,6.8,7,1,0.023318462188350403,0
153,Friday,9,7.6,5,0,0.15619496222551602,0
432,Wednesday,5,7.1,7,2,0.3624541759696282,1
193,Sunday,5,9.0,7,1,0.4500047151079967,0
437,Sunday,6,7.3,8,2,0.5099252942875644,1
494,Saturday,9,7.9,7,0,0.2792753025598953,0
463,Monday,3,7.0,10,0,0.5031483775563197,1
73,Saturday,5,9.6,7,0,0.42105120188517964,1
399,Friday,7,5.5,6,2,0.4387838944350761,1
305,Monday,7,6.0,8,1,0.029323044535874823,0
377,Monday,6,9.2,8,1,0.07664173250764805,0
344,Monday,6,6.4,6,0,0.5954363396265395,0
452,Monday,7,4.8,7,5,0.7147046122592696,0
140,Thursday,6,9.1,7,0,0.05748251236549052,0
187,Sunday,4,6.2,8,4,0.9199067710798874,1
293,Wednesday,6,6.8,8,1,0.103529676805023,0
61,Thursday,7,8.0,6,2,0.33960923336482723,0
485,Sunday,2,8.5,9,1,0.17784651147227618,0
427,Tuesday,7,5.6,7,1,0.3569160629473128,0
380,Saturday,8,10.0,5,0,0.39412986595060967,0
198,Thursday,6,7.3,7,1,0.4913022052341815,1
295,Thursday,6,6.6,7,0,0.2468614815182433,0
440,Wednesday,5,5.5,8,2,0.3628965045247746,0
319,Thursday,6,7.3,7,1,0.06534976351429804,0
302,Monday,5,8.5,7,2,0.28651661781194804,0
344,Friday,9,6.4,5,2,0.7821701324732332,0
11,Tuesday,7,4.6,6,2,0.6154960474233252,0
62,Saturday,2,6.6,7,3,0.9404317054735466,1
333,Wednesday,8,6.3,5,2,0.2466945322232112,0
226,Monday,10,4.9,6,5,0.7132736528034017,1
153,Friday,8,7.3,6,1,0.26183457155562195,0
199,Tuesday,9,7.6,5,1,0.30809379055507186,0
52,Friday,8,5.8,6,2,0.8609115802259887,1
260,Sunday,8,8.4,5,1,0.2990835145388376,1
59,Friday,8,5.6,7,4,0.801470393038092,1
72,Monday,8,5.1,6,2,0.535938030433276,0
148,Thursday,7,5.4,7,1,0.40659565612795934,1
349,Friday,3,5.7,9,1,0.2508154936451837,1
63,Saturday,4,8.3,8,0,0.16436667286284806,0
310,Monday,4,7.4,9,0,0.11996224730410612,1
373,Thursday,1,5.6,10,4,0.7434510958313091,1
243,Thursday,6,5.9,7,3,0.4701454437912411,0
493,Tuesday,9,8.8,6,1,0.17107510753907568,0
366,Wednesday,4,7.7,9,3,0.24211501784413414,1
330,Wednesday,8,5.0,6,2,0.6354317397163735,0
107,Saturday,8,9.0,7,3,0.6254512368589861,1
226,Sunday,7,10.0,7,1,0.1567349988729483,0
313,Thursday,9,6.7,5,2,0.5151587629736035,0
218,Wednesday,6,6.3,7,1,0.1858893871251459,0
425,Tuesday,10,6.2,7,0,0.1261173278000917,0
241,Sunday,6,7.0,8,1,0.2310980294896675,1
259,Sunday,7,8.3,8,0,0.2532626599307358,0
376,Sunday,6,6.6,6,1,0.570787476029515,0
262,Friday,5,7.6,8,2,0.17515152669385822,0
5,Wednesday,4,6.7,7,0,0.3514886530900205,1
261,Saturday,8,6.7,6,0,0.3109831534962723,1
54,Wednesday,9,7.1,6,1,0.13712076592218314,0
47,Wednesday,7,6.4,8,0,0.178840334839053,0
215,Friday,8,5.9,5,4,0.8699386205304686,1
177,Monday,3,6.7,9,2,0.3759847558453675,1
9,Monday,7,6.7,6,2,0.39658045774073486,0
99,Wednesday,2,6.1,9,1,0.7047173688350454,0
20,Wednesday,4,5.7,8,2,0.8655862326321152,1
378,Saturday,9,7.5,7,3,0.43638543200924695,0
241,Monday,7,6.9,7,0,0.3159077232682904,0
61,Monday,7,7.2,7,1,0.44042752299088855,0
379,Monday,8,7.1,5,1,0.5700943215836201,1
490,Monday,8,8.3,6,1,0.43498146219351586,0
419,Monday,6,5.4,7,5,0.7317548789739019,0
178,Friday,7,8.6,6,2,0.2677701203223802,0
338,Wednesday,6,5.1,7,1,0.5154404195137119,0
62,Friday,3,8.2,9,1,0.3790899725825962,1
145,Sunday,6,8.0,6,3,0.5880063371156683,1
216,Friday,7,6.1,7,1,0.6227484224897105,0
3,Monday,6,3.8,7,3,0.7657865586235841,0
160,Monday,6,4.9,8,4,0.6096177101844745,0
227,Saturday,8,6.6,7,2,0.7151633411675766,1
486,Thursday,7,7.2,7,3,0.7118116953749731,1
269,Saturday,7,6.8,8,0,0.31533410659165256,0
120,Saturday,3,7.4,8,0,0.7130981261837401,1
381,Sunday,7,6.9,6,1,0.39965942320511716,0
495,Sunday,4,7.6,8,1,0.08682933927186223,0
89,Thursday,6,5.0,8,3,0.7424106905501574,1
329,Wednesday,4,6.4,10,1,0.21836629727508458,0
68,Sunday,8,8.0,7,1,0.3366324151215527,0
398,Thursday,10,9.7,6,0,0.09288583493414578,0
357,Monday,6,7.7,7,1,0.3361112747088597,0
98,Friday,6,6.5,6,1,0.3727320369583471,1
267,Thursday,9,5.9,5,2,0.28206692046080667,0
105,Saturday,8,7.9,6,4,0.3878295550239245,1
440,Friday,6,5.7,8,2,0.37644167055780015,0
323,Wednesday,7,6.9,7,2,0.7480968862870717,1
123,Sunday,10,7.8,6,0,0.16010485334833222,0
476,Saturday,5,7.2,7,0,0.4536756549964081,1
29,Thursday,5,7.9,8,2,0.019632111616524343,0
137,Tuesday,8,6.6,5,4,0.8363252820308706,1
195,Wednesday,10,6.2,6,2,0.4534582499973073,0
409,Friday,7,6.1,7,2,0.36402832522194556,0
226,Monday,3,5.2,8,3,0.8444344925408415,0
332,Tuesday,7,5.0,7,4,0.8005405981489189,1
170,Friday,5,7.4,7,1,0.24262949770457878,0
9,Thursday,7,8.5,7,1,0.1385735310281187,0
463,Wednesday,4,9.3,9,1,0.17591138015507363,0
40,Monday,4,8.0,10,1,0.17903026430345725,0
25,Wednesday,6,7.3,8,2,0.2192412238737812,0
261,Friday,10,7.1,6,1,0.2532931068777924,0
395,Tuesday,4,8.3,10,2,0.1405054407371813,1
443,Monday,6,6.3,8,1,0.49508278615599477,0
226,Friday,4,8.9,9,2,0.3238680524249098,1
472,Sunday,7,7.4,6,3,0.6748839239768492,1
124,Thursday,7,7.0,6,3,0.28297049704247873,0
463,Monday,4,6.7,9,0,0.5771508582635763,0
38,Wednesday,9,8.1,6,1,0.11615072002653376,0
328,Saturday,3,7.4,7,3,0.8810882860066999,1
251,Tuesday,10,7.2,6,1,0.14607031705641677,0
389,Thursday,9,5.2,5,1,0.3781183486334895,0
176,Wednesday,7,6.5,8,1,0.4011284226012404,1
90,Tuesday,8,8.0,7,0,0.03471364421483464,0
402,Saturday,6,6.4,7,0,0.4582031071320231,1
454,Friday,3,6.7,7,0,0.42365899173644905,1
37,Friday,7,6.7,7,4,0.6068489630606672,1
316,Tuesday,3,6.0,7,4,0.6217593242025572,1
176,Monday,6,7.9,7,0,0.1434147847842338,0
461,Thursday,4,7.3,9,1,0.19666905529990988,0
284,Thursday,8,7.8,5,2,0.479151897055313,0
453,Tuesday,7,8.0,7,1,0.2865992983766399,0
461,Monday,8,6.7,5,0,0.2901762295198285,1
81,Monday,7,8.6,7,1,0.036474469116190095,0
114,Sunday,10,5.9,5,2,0.7872420813270139,1
40,Friday,9,6.5,6,0,0.43824453725473483,1
301,Sunday,10,7.6,6,0,0.27772581911798494,0
224,Tuesday,5,4.6,8,2,0.6640923412674499,1
318,Sunday,5,9.1,7,0,0.4637721366336381,1
349,Monday,2,5.7,9,2,0.5323974889865982,1
115,Thursday,6,6.8,8,2,0.49027884531972055,1
186,Saturday,6,8.3,7,2,0.20082816302105633,0
323,Wednesday,7,9.5,7,4,0.4990245777831948,1
56,Wednesday,5,4.7,6,4,0.9695078840039869,1
40,Monday,8,7.4,7,0,0.1690148849574974,0
354,Monday,8,6.4,6,1,0.41563388710547383,1
40,Thursday,6,7.5,6,0,0.4710501114752856,0
347,Friday,5,7.8,6,0,0.19187464277126226,0
461,Friday,7,7.2,7,0,0.4090583238042622,1
237,Thursday,7,6.8,6,2,0.2691314396937909,0
289,Friday,5,5.4,8,2,0.7918668740208458,1
262,Monday,6,5.5,6,2,0.7126187110817074,0
216,Tuesday,4,7.7,8,2,0.6330089362366232,0
147,Sunday,8,6.4,5,0,0.6626978091792909,1
336,Monday,8,7.2,6,2,0.6364062647258818,1
168,Friday,7,8.3,6,0,0.040397974769955484,0
92,Tuesday,8,5.1,6,2,0.5065250192302485,0
353,Friday,7,8.3,8,0,0.11124478046686034,0
59,Friday,10,8.2,7,1,0.29617861829226294,0
59,Tuesday,4,7.1,8,0,0.4981759132140424,1
304,Tuesday,7,6.0,7,2,0.31281653964337,0
169,Friday,8,7.3,6,0,0.06394163050661027,0
269,Wednesday,9,6.5,7,0,0.06927434733669426,0
363,Tuesday,8,5.9,7,4,0.5799785408170092,0
45,Friday,4,6.9,7,2,0.8988418643589134,1
345,Monday,3,5.6,8,2,0.44289788297259125,0
181,Saturday,6,6.0,8,1,0.44296187200701764,0
170,Thursday,7,6.0,6,2,0.2978168299400256,1
356,Monday,8,4.6,7,2,0.6663836417407176,1
191,Friday,4,8.1,10,1,0.3915071184900429,0
155,Thursday,8,7.3,7,1,0.34006098635826754,0
422,Tuesday,1,5.7,7,1,0.6967368987392143,1
188,Wednesday,5,6.1,7,2,0.515307226217654,0
7,Tuesday,8,7.6,6,0,0.06126982798659619,0
133,Tuesday,4,8.2,9,0,0.2450837473345377,0
235,Tuesday,4,6.8,8,2,0.39823179147123633,1
45,Wednesday,5,6.4,7,2,0.7268402391674881,1
314,Tuesday,7,4.7,6,4,0.912640381623492,0
249,Friday,4,6.3,8,1,0.2015193174182901,0
499,Friday,6,5.3,8,2,0.5892373906560334,1
31,Thursday,6,5.3,8,2,0.24871308363175307,0
23,Friday,9,8.2,7,2,0.2509004129757768,0
426,Saturday,6,7.3,8,2,0.49488217797545964,0
394,Thursday,7,6.9,6,0,0.22096686188950362,0
160,Thursday,7,7.2,7,0,0.18872093242186122,0
363,Tuesday,6,6.5,7,2,0.3598325259755761,0
437,Saturday,8,7.5,6,0,0.33764562379150287,0
158,Monday,8,6.7,6,1,0.5366876865752075,0
39,Wednesday,6,6.2,8,3,0.5319926724587302,0
415,Friday,7,7.0,7,0,0.07423497464902937,0
82,Monday,5,6.6,8,0,0.5000332237398477,1
356,Tuesday,8,6.8,6,2,0.35054403955459956,0
258,Thursday,7,6.7,6,2,0.30265274158009403,0
206,Thursday,6,9.0,6,1,0.17460248482535298,0
77,Friday,7,7.9,8,1,0.41408404584892705,0
477,Saturday,8,8.3,6,1,0.4599238947857237,1
12,Monday,9,7.3,7,1,0.4460065903366816,0
295,Monday,7,7.2,7,1,0.33568892178048193,0
450,Friday,8,6.4,7,2,0.5697989555381825,0
224,Tuesday,10,8.0,7,0,0.05295837427640575,0
13,Thursday,4,7.1,8,2,0.304141195375677,0
46,Monday,9,7.4,6,1,0.3587695758521443,1
155,Wednesday,5,6.3,7,1,0.556504313302978,1
113,Thursday,5,5.7,6,2,0.5098790418255192,0
233,Thursday,6,8.1,7,2,0.5467369484851788,1
17,Thursday,5,6.9,7,4,0.7063201133864783,1
360,Thursday,5,6.1,8,2,0.45702022711110724,1
223,Wednesday,6,7.1,8,2,0.6133000941265735,0
354,Monday,6,6.6,8,1,0.4975621159599834,1
188,Monday,5,8.6,6,1,0.2460951448830486,1
448,Wednesday,5,6.3,6,0,0.3595803587357644,1
344,Wednesday,9,7.2,7,2,0.49182798045124454,1
365,Thursday,4,8.0,10,1,0.1284450762987109,0
163,Tuesday,6,7.5,7,2,0.7216857905014583,1
496,Friday,9,7.4,6,2,0.3672570910761401,1
326,Saturday,8,6.8,6,0,0.3721800095758513,0
467,Tuesday,7,6.8,8,1,0.34886641406316704,0
414,Tuesday,5,7.3,8,1,0.39097025462474205,0
455,Monday,6,6.9,6,1,0.28606391830096295,0
74,Thursday,4,8.5,9,3,0.3502559626990294,0
233,Wednesday,6,6.5,6,0,0.6204701724906594,0
224,Tuesday,6,6.7,8,1,0.14497490092794554,0
482,Friday,6,9.8,8,2,0.4634863680554286,1
319,Monday,5,7.7,8,0,0.087116638520936,0
412,Thursday,3,5.5,9,6,0.9165617459155253,1
60,Thursday,9,7.3,5,2,0.21653542917407803,0
335,Friday,9,7.7,7,1,0.2544127335034686,0
222,Monday,8,5.7,7,2,0.43339980809223677,1
37,Saturday,7,7.0,7,2,0.28879103091624286,0
477,Friday,7,5.3,7,3,0.87465328391825,1
278,Tuesday,5,7.1,6,1,0.7213382285953691,1
196,Tuesday,5,4.8,6,3,0.8403621387684369,1
404,Wednesday,9,5.8,5,3,0.6497230448591282,1
352,Saturday,10,5.7,5,2,0.8251447338689036,1
484,Saturday,6,7.8,7,3,0.5341904819740876,0
242,Thursday,7,6.3,8,1,0.46677963843796266,0
324,Saturday,8,7.9,6,2,0.2562832510324177,0
219,Monday,7,4.5,7,5,0.7976181903019223,1
192,Monday,7,5.8,6,3,0.7854914339305797,1
17,Sunday,6,8.3,8,1,0.1562758477795916,0
12,Friday,5,5.3,7,3,0.8922958087611987,0
406,Wednesday,6,7.9,8,2,0.10863332813950387,1
401,Friday,6,6.5,8,1,0.3406409389532174,1
394,Sunday,1,6.4,7,2,0.7331308131425728,0
374,Friday,7,5.8,8,1,0.36548334805613525,0
193,Saturday,10,7.7,6,4,0.7216705311695284,1
22,Friday,6,9.3,7,2,0.2100241896024404,0
474,Tuesday,7,10.0,8,2,0.21465649000049938,0
120,Saturday,5,5.8,8,3,0.9293320488515326,1
210,Tuesday,4,7.5,9,2,0.3633119845202235,0
306,Saturday,6,9.4,8,2,0.12378254944571816,1
270,Wednesday,8,5.2,6,2,0.2606325668312407,1
192,Friday,6,6.0,7,4,0.7113243277264348,1
175,Thursday,6,7.0,8,1,0.17176240794930395,1
285,Monday,7,6.7,7,1,0.20226379222229837,0
204,Tuesday,7,5.0,6,2,0.42559967099618545,1
164,Sunday,7,8.3,7,0,0.4070896979154758,0
251,Sunday,9,7.9,5,2,0.36996440081653775,0
227,Wednesday,9,7.8,5,0,0.45146057461627476,1
436,Sunday,9,8.0,5,3,0.5421870617343013,1
381,Saturday,4,8.0,8,0,0.45913838686170144,0
460,Thursday,8,6.7,5,4,0.8128139621563655,0
7,Monday,10,8.2,5,0,0.030402537339845135,0
29,Sunday,3,5.8,9,1,0.1643347901367302,0
395,Thursday,6,5.4,6,1,0.6199924630130328,0
33,Saturday,5,8.7,7,2,0.23079492708918434,0
134,Saturday,6,7.1,8,1,0.5823944975339919,1
367,Saturday,9,6.3,7,0,0.6895456134459512,1
79,Friday,4,7.7,8,2,0.22620882205138934,0
416,Tuesday,7,7.5,8,0,0.13804299252236013,1
435,Wednesday,5,4.3,7,4,0.9128980884001832,1
459,Tuesday,9,7.5,5,0,0.3119567854370234,0
58,Monday,7,5.9,8,3,0.7165819027320671,0
471,Thursday,6,7.3,8,0,0.18787188335423097,1
26,Friday,5,6.6,7,0,0.1721907304867212,0
482,Saturday,10,8.1,5,1,0.673374678220075,1
430,Monday,7,6.7,6,0,0.23019707440619727,0
226,Thursday,4,5.2,8,4,0.7597889247906865,0
285,Monday,5,4.8,7,3,0.6612127715426579,0
4,Monday,7,5.1,7,2,0.7952428031734581,1
465,Monday,5,5.4,7,1,0.6033518163643198,1
99,Friday,5,7.2,7,0,0.3760296132741963,0
397,Monday,8,7.9,6,2,0.4015443640381706,0
489,Friday,8,6.3,6,1,0.2571979030002464,1
39,Tuesday,5,5.6,6,1,0.8211395188734539,1
271,Saturday,9,7.4,6,1,0.3763844989720436,0
375,Saturday,5,5.0,8,4,0.8878564407143454,1
285,Sunday,10,8.1,6,0,0.2402226064311117,1
157,Saturday,8,7.3,6,2,0.6808885821599479,1
75,Sunday,7,7.5,6,0,0.15620185511079054,0
372,Saturday,6,6.8,6,1,0.6495129164068246,0
288,Friday,5,6.0,7,2,0.4977661412378375,1
130,Tuesday,2,4.7,8,4,0.9862130025219208,1
175,Tuesday,6,7.7,6,1,0.36668880872701026,0
462,Tuesday,6,5.2,6,4,0.8500341079077139,1
84,Thursday,3,5.8,8,1,0.2056074392655736,0
22,Thursday,8,5.6,5,3,0.3688200765013884,0
459,Saturday,6,8.4,8,2,0.2633523511498725,0
27,Sunday,9,6.7,5,1,0.5763762575922678,0
195,Wednesday,5,7.9,8,1,0.21005086923626423,0
337,Thursday,9,7.4,6,0,0.4122826903939278,1
382,Sunday,6,6.3,7,2,0.666724154734974,1
236,Tuesday,6,6.6,7,1,0.32449938431870196,1
440,Friday,7,4.7,7,4,0.7421804342891717,1
92,Tuesday,6,7.2,7,1,0.22038297308023455,0
477,Friday,7,5.9,6,1,0.5423137351129901,1
21,Tuesday,3,5.4,7,2,0.6851689197226248,1
303,Saturday,6,7.1,7,3,0.4949702557727424,0
464,Thursday,6,6.1,6,1,0.2538032623296592,0
357,Tuesday,3,7.0,8,0,0.46243028080902143,0
443,Tuesday,8,9.0,7,1,0.1645651431948718,0
84,Thursday,5,8.3,8,1,0.0263243347945241,0
262,Sunday,8,6.0,7,2,0.3760182431852578,0
147,Friday,7,8.5,7,2,0.3334946595363503,0
441,Thursday,5,6.8,6,0,0.26968842429542306,0
453,Wednesday,9,3.6,5,4,0.790371768314471,1
387,Thursday,10,6.4,7,3,0.23172265159543484,0
257,Friday,7,4.8,8,2,0.6590380500812882,0
58,Friday,9,6.2,6,2,0.5245108781166841,0
380,Wednesday,6,9.0,8,4,0.25872089133082965,1
422,Friday,8,5.1,7,3,0.8255673232982426,0
15,Friday,6,5.1,7,2,0.650356408058496,1
162,Sunday,10,7.3,7,0,0.175990728093147,0
445,Sunday,9,6.4,5,2,0.40477869808808076,1
163,Friday,7,6.4,7,0,0.4182361298066212,1
320,Friday,1,6.8,9,0,0.4755624031223206,1
497,Tuesday,7,4.9,7,2,0.5074161553152315,0
281,Saturday,4,7.7,10,2,0.3032831961689831,0
280,Wednesday,7,5.8,8,2,0.24901614104332986,0
12,Tuesday,9,8.0,5,3,0.6445521859799043,1
274,Wednesday,8,5.7,5,3,0.7906980518596346,1
271,Saturday,8,6.5,6,0,0.3654681117028727,0
492,Monday,6,5.6,6,1,0.8736044642169608,1
208,Wednesday,3,6.2,8,1,0.7831611660331321,1
27,Thursday,5,5.0,7,3,0.42722694567992425,0
72,Monday,6,7.3,7,1,0.28280077530799197,0
60,Tuesday,6,6.1,8,2,0.25360448270229863,1
430,Saturday,9,8.4,6,1,0.07944834287163924,0
473,Saturday,8,7.5,6,0,0.22373635679902415,0
145,Tuesday,10,8.8,5,0,0.03328965987270595,0
93,Saturday,4,7.1,9,0,0.16862063283458856,0
309,Friday,9,6.3,6,0,0.2369236977167386,1
8,Wednesday,8,7.4,5,1,0.38118671636317175,1
79,Friday,6,4.2,7,2,0.6751457643058388,1
27,Sunday,5,6.8,6,0,0.4073915431746925,1
174,Wednesday,5,6.6,8,0,0.49112096761758595,1
50,Tuesday,5,7.6,6,1,0.15365556106318828,0
500,Sunday,10,8.5,5,0,0.45686315359936536,0
199,Thursday,8,8.0,5,0,0.2598626196747765,0
387,Monday,8,6.3,7,0,0.12808188425994338,0
349,Thursday,7,5.8,6,2,0.5403876138698476,1
448,Thursday,6,6.8,6,0,0.40453229257521817,0
428,Saturday,7,7.1,6,6,0.7465786553881356,1
181,Thursday,7,4.7,7,6,0.7919055127420827,1
24,Tuesday,6,6.9,7,0,0.2412367424348192,0
316,Friday,7,5.6,7,2,0.6645510108613643,0
378,Thursday,4,6.4,8,3,0.8674611983477867,1
387,Tuesday,7,6.4,8,0,0.1328642733257573,1
404,Thursday,6,9.3,8,2,0.13350594296681614,0
46,Saturday,5,8.5,7,0,0.3535835900992717,1
15,Monday,8,7.5,5,2,0.14824445366300726,0
153,Thursday,10,7.9,6,2,0.2629997754907611,1
222,Wednesday,9,6.3,6,1,0.3226798655836035,0
206,Tuesday,6,5.2,8,2,0.781418837751314,1
455,Wednesday,8,4.1,7,3,0.6291409190765113,1
273,Wednesday,8,7.3,6,1,0.5104588339589315,1
382,Saturday,7,8.1,6,2,0.4645162971717586,0
236,Tuesday,6,5.8,6,3,0.7500231129451849,1
340,Friday,7,5.9,8,3,0.7038869421357369,1
228,Monday,10,5.7,6,1,0.2252724400744515,0
9,Sunday,7,6.4,7,1,0.450855490361064,0
166,Thursday,4,6.1,9,1,0.39349351529702303,0
432,Friday,4,7.1,9,0,0.3487193579213845,1
444,Tuesday,6,8.0,7,2,0.5042390514559434,1
319,Wednesday,4,6.7,8,2,0.471929233468671,1
214,Tuesday,6,8.2,7,1,0.3535606152398994,0
117,Sunday,10,10.0,5,1,0.11308089377231223,0
386,Thursday,5,7.2,7,2,0.4477592725555154,1
344,Thursday,4,6.6,8,1,0.5519671016659655,1
72,Friday,6,3.9,7,5,0.8806057082406346,1
395,Wednesday,6,7.4,8,3,0.32672924039611523,0
64,Friday,5,6.8,7,0,0.6195643288328775,1
205,Friday,4,6.8,8,3,0.5583633502338832,0
209,Friday,9,6.4,5,2,0.6411140062175396,0
72,Thursday,8,6.2,5,2,0.3911820696230274,0
277,Wednesday,6,5.5,8,1,0.3896395671157657,0
274,Tuesday,4,7.7,9,3,0.30710765368460496,0
478,Saturday,5,4.1,7,2,0.8279120914304965,1
320,Thursday,4,7.2,8,0,0.1864783448629643,0
338,Wednesday,5,4.9,8,4,0.9194494853164478,0
366,Sunday,10,8.9,6,1,0.14075869369149302,0
495,Monday,7,6.3,7,0,0.08961228466091806,0
95,Saturday,5,8.1,6,0,0.41506955917527516,0
166,Sunday,8,7.6,5,1,0.38519309362944487,0
32,Saturday,5,8.8,7,1,0.5462326520015534,1
11,Saturday,6,9.6,7,3,0.21931481791290455,0
301,Wednesday,3,8.1,8,1,0.5310642508856446,0
217,Tuesday,9,7.4,5,2,0.4401580622503826,0
289,Friday,6,6.4,7,0,0.45463560038472334,0
102,Tuesday,5,7.3,7,1,0.2628054364136665,0
425,Tuesday,8,7.9,5,1,0.1593345480241196,0
392,Friday,4,6.2,8,2,0.6791795712241033,1
267,Tuesday,5,6.8,6,0,0.42444536849506914,0
214,Sunday,6,6.5,8,2,0.6771216759897052,1
179,Saturday,4,8.4,10,3,0.5298677194718766,1
88,Saturday,5,8.0,8,2,0.5964220917627342,1
41,Friday,6,5.2,7,2,0.5239482082320932,0
401,Saturday,6,7.8,7,2,0.5786745720568149,1
76,Saturday,4,7.2,9,2,0.5113562410306882,1
377,Thursday,6,6.9,8,0,0.14406079721840473,0
46,Tuesday,8,5.9,7,4,0.6610167525649424,1
160,Saturday,8,9.0,6,2,0.31793384108354,1
463,Saturday,6,6.6,7,3,0.8302000522528968,1
80,Wednesday,6,9.3,6,4,0.41183567231987445,0
310,Monday,6,6.9,7,0,0.34271138145805174,1
86,Thursday,4,6.3,9,3,0.5396789526889834,1
92,Monday,5,7.2,8,2,0.27009931385616975,0
148,Sunday,8,7.8,7,0,0.22663552344325286,0
161,Sunday,8,9.8,6,0,0.08045840481042738,0
202,Tuesday,7,7.3,8,0,0.05007601131446034,0
424,Friday,1,4.5,10,2,0.6092290134959553,1
416,Monday,5,5.9,8,1,0.3307462743700281,1
242,Friday,7,7.7,7,1,0.5013131890252677,0
353,Wednesday,10,6.5,6,1,0.08221689580560726,0
2,Friday,6,6.1,7,1,0.49496871916772034,1
225,Wednesday,7,5.9,7,3,0.6902546239383056,0
289,Monday,6,5.6,7,1,0.6675344246911771,1
233,Wednesday,4,7.0,8,1,0.4809722648968628,1
461,Monday,7,5.9,8,1,0.3380043053635282,0
414,Thursday,3,8.3,9,1,0.3686927013032324,0
417,Monday,6,5.7,8,2,0.24746810570517952,0
77,Thursday,7,5.1,7,1,0.7675952261802229,1
116,Saturday,7,7.4,7,2,0.6528182045637851,1
154,Saturday,4,5.0,7,2,0.9177467389296794,1
406,Saturday,5,4.5,7,2,0.7209324848997396,0
103,Sunday,8,8.1,7,2,0.17907518243496814,0
194,Monday,7,6.8,7,0,0.14649582047976806,0
166,Monday,5,4.2,7,3,0.6181103485862419,1
359,Thursday,4,6.8,9,2,0.6360095937539149,1
90,Saturday,8,7.0,7,1,0.14271791351351848,0
174,Sunday,7,5.6,6,2,0.821193433782358,1
122,Monday,4,7.6,10,1,0.3906590425699705,0
498,Wednesday,6,8.5,7,2,0.4509093750535339,0
143,Tuesday,5,9.0,8,0,0.09214406459008989,0
482,Friday,7,7.1,7,0,0.24250032078064407,0
106,Friday,9,6.7,5,2,0.33528080838291213,0
375,Monday,4,8.8,9,1,0.07648994765476386,0
428,Thursday,7,7.0,6,1,0.19748370756079192,0
305,Friday,7,6.3,8,0,0.01851943070312025,0
360,Friday,2,5.9,9,1,0.5155771557704363,1
459,Monday,8,7.4,5,3,0.5875080493812229,0
317,Saturday,10,5.4,5,3,0.8288243916857896,1
451,Thursday,7,8.1,8,2,0.05316542304935648,0
123,Saturday,9,5.7,7,3,0.5844275645547642,1
390,Saturday,4,6.4,9,1,0.5027528501136614,1
9,Tuesday,5,7.1,7,1,0.37167358411708906,0
262,Monday,7,8.8,8,0,0.0435741292381,0
73,Friday,5,6.4,6,3,0.7872492700388469,1
359,Monday,7,5.4,6,1,0.7698124003809784,1
223,Saturday,9,8.7,6,2,0.49915851803181405,1
416,Friday,5,6.2,8,0,0.19274340043181204,1
41,Saturday,9,5.4,6,4,0.5467561365889401,1
370,Tuesday,3,7.4,8,1,0.49614069126195276,0
204,Tuesday,5,6.4,7,0,0.3625835516711126,0
264,Friday,6,6.4,8,1,0.18493759914883473,0
328,Monday,5,7.6,7,0,0.49356094821929236,1
178,Friday,5,7.7,8,0,0.11379410059782806,0
348,Saturday,9,6.5,6,2,0.19791779842119503,1
318,Wednesday,9,6.8,5,4,0.6690058746788379,1
84,Friday,8,4.8,7,2,0.4099245283641402,1
318,Tuesday,9,6.4,5,1,0.47142315595059114,1
111,Wednesday,5,5.6,8,2,0.6940393428397956,1
251,Sunday,4,7.1,9,3,0.8376449950662817,1
383,Sunday,5,6.9,8,0,0.4650749020889197,0
7,Thursday,5,6.5,8,0,0.06641702159592924,0
459,Sunday,5,5.4,7,1,0.6604432858909722,0
84,Thursday,8,5.1,6,1,0.3398825713312517,0
208,Tuesday,7,6.4,8,1,0.5451702389145568,0
388,Tuesday,6,8.5,6,2,0.5299435234059621,0
390,Sunday,6,8.3,6,1,0.23046932346130067,0
314,Tuesday,9,7.2,6,1,0.3369075727483431,0
22,Thursday,4,6.0,8,2,0.4043415565200973,0
410,Thursday,8,5.6,5,3,0.604859098956806,1
383,Friday,2,7.4,10,3,0.49369180782883226,0
3,Thursday,5,5.3,7,1,0.5158844575310121,1
127,Tuesday,10,8.7,7,1,0.11425941791519573,0
297,Tuesday,7,6.6,8,2,0.725762181592271,1
188,Thursday,6,9.1,6,1,0.22249639644686278,0
362,Friday,8,8.7,7,2,0.15398736147106298,0
14,Thursday,8,7.2,7,3,0.5187603395297287,1
459,Friday,8,7.2,5,1,0.33736143919296013,1
466,Monday,6,5.9,8,1,0.41165554168011764,0
12,Saturday,8,9.0,6,2,0.7217095493919996,0
87,Thursday,5,6.2,8,1,0.3741966165407331,0
12,Monday,5,4.7,8,3,0.8301792399259068,1
397,Wednesday,10,8.1,6,0,0.3495726075919717,1
25,Saturday,6,8.1,7,0,0.5363007059814838,0
301,Saturday,2,6.8,8,2,0.8602817805357028,1
243,Tuesday,9,7.0,6,0,0.362916972582018,0
122,Friday,9,6.7,5,0,0.2904443771837114,0
147,Monday,6,8.5,8,0,0.17360718429370672,0
55,Monday,2,5.5,9,4,0.9279107022998839,1
238,Thursday,6,8.5,8,0,0.18976656155393704,1
356,Friday,10,8.3,6,1,0.1253945925894448,0
173,Friday,7,5.9,6,1,0.4341313728835542,1
392,Wednesday,8,7.2,6,1,0.37339187252461103,1
221,Monday,8,7.4,6,0,0.07517881314875151,0
119,Wednesday,8,10.0,5,1,0.12233819403133638,0
309,Monday,10,5.8,6,3,0.7434325697501935,1
183,Monday,9,4.4,7,7,0.7021516847399029,1
288,Wednesday,6,4.3,8,4,0.5840124833670963,1
307,Wednesday,4,7.0,8,4,0.20610465990529245,1
300,Tuesday,7,7.9,8,2,0.13995561362866452,0
82,Thursday,6,5.6,7,2,0.7092021074117014,1
454,Monday,8,6.5,5,1,0.38626617116514483,1
402,Monday,5,6.2,8,1,0.13190794574752465,0
211,Friday,6,5.3,6,1,0.5720540909775904,1
150,Monday,7,7.4,6,3,0.2601215000768921,0
37,Thursday,5,4.6,7,4,0.7577910672789271,1
352,Monday,7,7.5,6,1,0.5707025647010714,0
312,Wednesday,8,6.2,5,1,0.48631862527155717,1
361,Tuesday,10,7.9,6,1,0.08424403389678667,0
59,Monday,5,6.9,8,0,0.23872812059007367,0
131,Thursday,8,4.8,6,2,0.6784735709306488,1
412,Sunday,3,7.8,7,1,0.2994528224529199,0
202,Monday,6,6.2,8,0,0.20453766213770072,0
243,Wednesday,7,8.0,8,2,0.21197347242227518,0
35,Friday,8,7.6,5,0,0.3146281294581024,0
445,Wednesday,5,8.1,7,0,0.06180697589795107,0
93,Saturday,7,7.0,7,1,0.1984205391912239,1
438,Tuesday,9,5.6,6,4,0.722485708074081,1
447,Sunday,4,7.4,10,0,0.3915073660075917,1
207,Wednesday,3,7.6,10,1,0.6061386589130856,0
353,Wednesday,9,5.5,6,2,0.4329053360004085,0
391,Saturday,5,7.8,6,2,0.7257922884099907,1
332,Thursday,7,7.2,7,1,0.23483900146591996,1
305,Thursday,10,8.4,6,3,0.05229544410728995,0
350,Friday,8,5.4,6,2,0.6826937412361163,1
213,Thursday,5,7.3,8,0,0.1115202608489111,0
159,Tuesday,4,6.1,8,2,0.68684562070227,1
442,Friday,5,5.8,7,2,0.5963075645570012,1
445,Monday,7,9.0,7,1,0.07015288258451201,0
24,Saturday,6,7.9,8,0,0.1205284615384368,0
404,Sunday,9,9.2,7,1,0.33793641368799643,0
293,Wednesday,8,5.8,7,2,0.12042888313732177,0
4,Wednesday,5,8.7,7,2,0.340901147241873,1
220,Monday,8,6.2,5,2,0.45325646922205787,1
364,Monday,10,7.7,6,1,0.19400761264160882,1
382,Sunday,6,6.3,8,0,0.1885514402968578,0
20,Monday,7,5.4,6,1,0.7937153044792304,0
444,Wednesday,5,6.7,8,1,0.4162614865520607,0
152,Saturday,6,9.3,8,2,0.3879721866990259,0
50,Saturday,5,8.9,6,1,0.29517770619092154,0
177,Thursday,9,6.9,6,2,0.22654208448225716,0
435,Thursday,5,6.3,7,1,0.8554655061821026,1
96,Friday,7,7.1,6,0,0.13909702593424228,0
105,Sunday,8,6.1,5,3,0.4555038269350773,1
420,Thursday,10,6.9,6,0,0.19053845524432933,0
250,Thursday,6,6.8,8,1,0.3093351330155085,0
117,Monday,5,6.8,8,0,0.09639292977312747,0
354,Monday,6,7.3,6,0,0.44988232340602957,1
228,Thursday,5,7.7,8,1,0.049752216125521755,0
66,Sunday,6,4.5,7,2,0.7684844464940681,1
335,Saturday,8,6.4,5,0,0.5264916229183092,0
418,Sunday,5,6.6,7,1,0.7776928652222089,1
420,Thursday,8,6.5,7,0,0.2215592036413896,0
262,Friday,8,6.6,5,0,0.3146687380567165,0
295,Saturday,7,8.2,7,1,0.588894780867464,0
426,Friday,8,7.1,6,0,0.17693490960568664,0
243,Wednesday,6,8.1,6,1,0.23700583693916227,1
371,Wednesday,2,6.3,10,1,0.2335030006024734,0
186,Saturday,7,6.6,7,1,0.4878101791051361,1
246,Tuesday,7,6.5,8,1,0.5056541624750417,1
125,Sunday,6,7.4,6,2,0.323359190649077,0
268,Tuesday,8,6.8,7,2,0.48918791730786454,1
131,Friday,8,6.4,6,2,0.48052032470588213,1
237,Thursday,7,8.0,6,3,0.2184586530008644,0
18,Friday,7,7.9,8,2,0.15578143500922928,0
40,Wednesday,9,8.0,6,4,0.5655427577594596,1
21,Sunday,4,6.2,8,0,0.2541662559921199,1
399,Thursday,6,7.6,6,1,0.2061117036689564,1
225,Tuesday,8,8.6,5,0,0.45603947537121375,1
355,Thursday,8,8.0,7,0,0.12297847417770331,0
282,Tuesday,6,6.1,8,2,0.37605505692088437,0
8,Tuesday,7,6.3,7,0,0.1483593981681158,1
100,Wednesday,5,4.8,7,5,0.8565708862721423,1
240,Saturday,7,8.9,7,1,0.3274707170488842,1
478,Thursday,8,5.5,6,2,0.43036573397701616,1
87,Friday,9,6.1,5,1,0.5725476230460439,0
298,Wednesday,8,7.4,6,1,0.3926570575126592,0
428,Tuesday,9,6.9,6,0,0.08203928656355726,0
14,Sunday,4,7.8,10,2,0.42025322533394704,1
334,Thursday,2,6.0,9,1,0.41806659101504007,0
2,Sunday,2,5.9,10,2,0.7865205683493872,1
375,Tuesday,9,7.0,7,0,0.12003962940744418,0
293,Monday,8,5.6,6,4,0.5470428479120454,1
325,Saturday,5,8.0,7,0,0.42841547830106125,1
422,Friday,6,5.6,7,2,0.6415862652911659,1
493,Tuesday,7,6.5,6,1,0.25345820371963873,0
41,Tuesday,5,8.8,7,1,0.08355477211337586,0
318,Saturday,5,7.7,8,1,0.36097905565380534,0
316,Wednesday,5,5.7,8,3,0.46869580603083044,1
381,Friday,5,7.3,7,2,0.5362237435763918,1
111,Tuesday,7,6.5,7,2,0.46155689790168514,1
14,Wednesday,10,5.8,6,1,0.6584326471758963,1
231,Sunday,4,7.4,8,1,0.8442694114609637,1
473,Tuesday,6,8.2,7,2,0.24301438234777276,0
84,Thursday,7,7.4,7,0,0.073194931441649,0
130,Saturday,8,7.2,7,1,0.7561759973089521,1
231,Tuesday,5,5.2,8,1,0.8007064401302955,1
326,Wednesday,8,7.6,6,2,0.4185981671267184,1
145,Thursday,7,7.3,6,0,0.13629248645167266,0
379,Thursday,6,4.7,7,2,0.8630888694227713,1
345,Wednesday,4,4.9,8,2,0.49837760436328765,1
28,Wednesday,4,8.6,10,1,0.19968281023109902,0
66,Thursday,8,7.1,5,0,0.23662766286000056,0
163,Thursday,9,5.0,6,7,0.9724663197387471,1
229,Friday,7,8.1,7,1,0.2293246210539335,0
261,Monday,9,8.2,6,3,0.2823671799536894,0
449,Thursday,6,5.8,7,3,0.782979413584247,1
424,Sunday,4,6.3,9,1,0.3312369766649679,0
460,Thursday,6,6.8,8,1,0.37537357445104225,0
440,Friday,9,6.9,5,2,0.5173995536885815,1
164,Thursday,5,6.5,7,0,0.43222607980376243,1
301,Saturday,6,6.1,7,1,0.7057680925472981,1
407,Sunday,9,7.0,6,2,0.5517225458712085,1
303,Tuesday,9,6.2,6,0,0.28267037205745327,0
287,Wednesday,7,4.9,6,2,0.6668342665797902,1
395,Wednesday,8,7.9,6,2,0.34687572663366195,0
10,Wednesday,9,5.4,6,1,0.5109181368390847,1
195,Monday,7,8.3,8,1,0.21420368308372395,0
118,Saturday,9,7.6,7,3,0.7785517800146979,1
270,Monday,8,5.9,7,2,0.3323318624918716,0
80,Thursday,6,7.2,7,0,0.15607554951560518,0
458,Friday,7,6.5,7,1,0.4075100669323248,0
93,Tuesday,6,8.3,6,1,0.08178859742829228,0
266,Sunday,5,9.9,6,1,0.6068815781274336,1
332,Saturday,4,7.9,10,0,0.27356379393150804,0
350,Wednesday,6,6.5,7,3,0.3721950450929735,0
361,Wednesday,7,8.6,8,3,0.10720046995564186,0
257,Tuesday,10,6.5,6,0,0.2677312548628391,1
133,Friday,7,6.1,7,0,0.4283879191958855,0
276,Monday,7,8.2,7,0,0.1316581166356471,0
264,Friday,6,7.7,8,1,0.10226725223213996,0
171,Saturday,6,6.8,7,1,0.6724335721850482,1
460,Tuesday,7,7.1,6,1,0.32720266490695893,0
1,Saturday,6,7.0,7,1,0.41327689353258834,0
313,Monday,6,7.4,7,0,0.3035773486208245,0
64,Sunday,8,8.0,5,1,0.8068519902812409,1
374,Monday,5,5.2,6,2,0.7005458974481652,0
468,Friday,6,6.7,7,1,0.4289924938922649,0
284,Tuesday,5,4.9,6,5,0.9508034860666237,1
121,Saturday,7,5.7,7,2,0.5843412717375547,0
107,Thursday,8,6.1,6,2,0.7327610545019788,0
421,Monday,7,6.0,7,3,0.7734012010810364,1
175,Thursday,6,4.6,7,2,0.8144781789514731,1
485,Wednesday,8,5.3,5,1,0.48836469394085813,1
204,Friday,8,4.9,6,4,0.7289044783345239,1
165,Saturday,7,6.5,7,1,0.8889716263076679,1
305,Wednesday,10,7.3,7,0,0.007394682801164009,0
497,Tuesday,7,8.5,7,2,0.0595636136707215,0
120,Monday,7,8.0,8,2,0.5461109886154032,1
44,Thursday,4,7.2,9,0,0.12671530453067809,0
312,Wednesday,3,7.2,7,2,0.8847625063517123,1
156,Wednesday,7,6.6,7,1,0.2421834817888238,0
367,Tuesday,8,6.6,6,3,0.7885254097603838,1
207,Wednesday,7,8.4,8,0,0.30103592834139603,1
390,Sunday,8,8.1,5,0,0.24693097330181285,0
108,Tuesday,6,6.9,6,1,0.5570975834214363,0
251,Thursday,7,4.6,8,5,0.7916115695225271,1
445,Friday,7,7.6,7,1,0.18644103260579714,0
404,Friday,3,7.6,8,1,0.5683697390061963,0
370,Wednesday,10,6.0,6,3,0.605486986791444,1
334,Thursday,9,7.0,5,2,0.5748995591404682,1
130,Saturday,8,7.2,6,0,0.6929305835355538,0
457,Monday,9,6.1,7,4,0.44819491926603405,0
293,Wednesday,6,7.2,8,1,0.054936396681179396,0
20,Tuesday,8,5.4,5,1,0.9451903731075938,1
282,Wednesday,6,9.1,8,1,0.3361603755467218,0
285,Wednesday,7,7.3,6,0,0.11484212226247577,0
1,Friday,3,6.6,10,0,0.23575884990830456,0
119,Monday,6,7.9,7,1,0.07283881146695347,0
35,Thursday,3,7.6,9,0,0.2136493269694574,0
198,Thursday,4,5.8,9,4,0.847277120429169,1
485,Thursday,6,6.1,8,1,0.40965519961235725,1
245,Friday,5,4.0,8,3,0.7734022024148473,1
59,Wednesday,7,5.4,7,3,0.6396543385254541,0
325,Sunday,10,8.2,6,0,0.17776062371405743,0
161,Thursday,5,6.9,7,3,0.5189703063526866,1
497,Thursday,6,6.1,6,2,0.23730260461697422,0
179,Saturday,8,7.8,7,0,0.4841444056233825,0
206,Tuesday,5,6.1,7,1,0.284127274494199,0
12,Monday,5,5.0,6,5,0.9638033654415603,1
490,Friday,6,5.6,6,1,0.4783305580177013,0
276,Thursday,8,9.5,6,3,0.6910289725830494,1
181,Saturday,3,7.2,10,0,0.2548439526425011,1
242,Sunday,5,7.3,7,0,0.6572173670670366,1
216,Wednesday,10,7.3,5,2,0.47598616431865454,1
251,Wednesday,1,7.9,8,1,0.4515909639919335,0
299,Wednesday,6,6.4,8,0,0.11249786915112736,0
126,Wednesday,10,8.0,5,2,0.2775506082985202,0
482,Friday,10,6.4,7,0,0.2740066508348524,1
217,Friday,8,6.7,7,3,0.4706725515851598,1
306,Wednesday,9,6.1,6,2,0.389439203094733,0
285,Monday,5,7.6,8,1,0.10466518900063679,0
185,Tuesday,5,5.0,6,5,0.9317407847457,1
39,Tuesday,10,7.0,7,0,0.09186106177958324,0
223,Saturday,6,8.1,6,3,0.5908878192232749,1
184,Monday,3,7.9,9,1,0.17156120124191726,1
495,Saturday,7,8.1,7,0,0.048338786134081185,0
427,Friday,6,5.6,7,1,0.5101738917042826,0
178,Friday,7,7.4,7,2,0.5090544702783544,0
407,Wednesday,2,7.6,9,2,0.28738481950458056,0
428,Friday,1,7.5,9,1,0.30630688224666286,0
294,Thursday,7,6.4,8,5,0.671290010040547,1
340,Friday,6,6.5,7,4,0.7585579181243683,1
151,Wednesday,6,7.9,7,1,0.38926501645281303,1
384,Wednesday,7,6.7,8,0,0.1388698933196497,0
126,Friday,5,5.6,8,3,0.29072049435671216,0
301,Monday,6,6.2,7,1,0.8003689531736725,1
308,Wednesday,6,8.5,8,1,0.03177267524869014,0
336,Sunday,8,5.8,6,6,0.9329506580535749,1
434,Monday,3,8.3,8,0,0.35719216443026364,0
234,Tuesday,5,6.7,8,0,0.307835646911889,0
380,Tuesday,9,5.1,7,3,0.7622934291071272,1
375,Thursday,5,7.7,6,1,0.3424054169199556,1
8,Monday,7,5.8,6,2,0.5504567711827233,1
498,Thursday,10,6.8,6,1,0.2092518569470912,1
341,Monday,7,4.5,8,4,0.815559587322481,0
129,Monday,10,8.3,5,2,0.1729681574032847,0
264,Friday,9,6.3,7,1,0.105680538518715,0
157,Wednesday,5,6.0,7,3,0.7418843371907148,1
352,Sunday,4,7.6,8,1,0.6343927517613335,1
358,Monday,5,7.8,6,0,0.4086507541024992,0
5,Wednesday,7,6.5,8,2,0.3948681802719095,1
495,Monday,7,7.7,6,3,0.1564647447151927,0
86,Wednesday,8,6.7,5,0,0.36472692957935576,0
175,Sunday,5,7.5,7,1,0.49082039729971966,1
290,Saturday,5,6.4,7,4,0.8964597221814309,1
193,Monday,8,8.0,5,0,0.4251063541976416,1
311,Thursday,10,7.5,6,2,0.079081199421538,0
119,Friday,4,7.4,8,3,0.18813483753052054,1
218,Tuesday,6,8.0,7,2,0.09770259303404534,0
427,Monday,6,5.4,6,1,0.47767944643871535,0
458,Sunday,7,7.5,8,0,0.3304272933938932,0
414,Sunday,4,8.7,8,0,0.4066657450120963,1
114,Sunday,7,7.4,8,0,0.24689385075717862,0
466,Friday,9,6.9,6,2,0.4429705958013398,0
145,Friday,3,6.8,10,2,0.14034371101628862,0
26,Wednesday,8,7.3,6,1,0.07960659712617851,0
136,Tuesday,4,4.4,9,2,0.7169406671216487,0
303,Monday,7,6.8,7,0,0.0764749180108435,0
232,Friday,7,7.2,7,4,0.3503239849401288,0
369,Friday,7,7.2,7,4,0.5598298218257363,1
76,Saturday,6,9.3,7,2,0.3722160419024802,0
475,Sunday,8,6.7,7,3,0.3646668388025402,1
328,Saturday,4,9.4,9,2,0.24285576333292805,0
345,Sunday,8,7.0,5,1,0.29731326822784576,0
302,Tuesday,6,5.1,8,3,0.40522664581160106,0
452,Friday,7,8.5,7,1,0.07189828540057043,0
289,Thursday,6,8.0,7,1,0.5740152758610473,0
1,Tuesday,10,6.9,7,1,0.18697394546957527,0
147,Sunday,7,6.7,8,3,0.6279162825141728,1
287,Saturday,8,7.1,5,0,0.5689980734667213,1
464,Monday,8,7.0,5,0,0.3569996807729062,0
142,Monday,6,8.4,6,0,0.30714477512367094,0
53,Friday,7,5.1,7,2,0.21984301626393402,1
304,Thursday,7,6.4,8,1,0.20719234511190218,0
69,Sunday,8,7.1,6,2,0.426167950885347,1
361,Tuesday,6,6.1,7,2,0.41583227515449944,0
90,Monday,5,5.9,7,3,0.516877019060379,1
446,Tuesday,9,8.6,5,0,0.2589840641647929,0
220,Monday,8,5.7,7,1,0.2392243458204287,1
450,Monday,5,6.9,8,0,0.30724149602278167,0
498,Sunday,10,6.0,5,1,0.42404404033430443,0
192,Wednesday,5,7.7,6,0,0.3276101475742237,0
454,Wednesday,7,6.1,7,1,0.720340650305778,0
63,Monday,9,4.1,5,2,0.55203830035473,0
73,Tuesday,9,7.9,5,1,0.3963002463048702,1
161,Saturday,5,6.7,7,2,0.6598191813827169,1
169,Thursday,8,8.3,5,1,0.463259186870192,0
89,Friday,6,8.0,8,0,0.20261209848270612,0
176,Wednesday,7,6.6,8,0,0.22759733425409254,1
269,Tuesday,6,7.2,8,1,0.07493378434094784,0
73,Thursday,6,6.8,7,0,0.275879819564048,0
245,Wednesday,5,5.0,8,2,0.8567461960436813,1
77,Saturday,9,9.1,6,4,0.5271751987509409,1
159,Tuesday,5,6.4,6,0,0.5066686805390427,0
489,Friday,9,6.7,6,1,0.2628981652911674,1
459,Monday,6,6.7,7,1,0.6261255052625554,1
324,Friday,7,6.4,6,0,0.17903639832723606,1
98,Sunday,10,8.2,6,5,0.7535485936656274,1
381,Thursday,6,6.6,6,2,0.5734619781640223,1
102,Thursday,7,6.1,8,1,0.3614833367348724,1
494,Sunday,7,6.9,8,2,0.5721190036724769,0
132,Thursday,5,8.7,6,2,0.5094811427676736,1
102,Tuesday,7,6.8,6,2,0.49690466386510496,0
19,Tuesday,8,8.6,5,0,0.1401018179820048,1
454,Friday,10,5.6,7,3,0.3198173569328921,0
482,Friday,6,5.9,6,1,0.7901008922866104,0
82,Tuesday,7,6.1,7,0,0.38277723945966957,1
397,Wednesday,6,6.6,6,0,0.6348434396886444,1
489,Sunday,7,6.5,7,0,0.17704738651192106,0
279,Monday,5,6.5,8,0,0.5148780044808744,1
339,Wednesday,6,6.9,7,4,0.5328859544118104,1
365,Monday,10,7.9,7,1,0.13629335011910493,0
331,Saturday,7,5.8,7,2,0.8312104041411079,1
129,Monday,7,7.8,7,3,0.21349181894891112,0
344,Friday,5,7.6,8,0,0.513684658741833,1
310,Monday,9,5.5,7,2,0.3750956440774944,0
455,Friday,8,5.8,7,3,0.5074702044659172,1
89,Saturday,7,7.8,7,0,0.27733583175100485,0
213,Wednesday,10,5.9,6,1,0.23856075283851508,0
143,Thursday,5,8.3,6,2,0.22875886072081872,0
65,Wednesday,4,6.7,10,1,0.10703101462187682,1
76,Tuesday,6,5.2,6,3,0.8788883942042821,1
199,Saturday,5,6.1,7,1,0.6145876109742578,1
143,Tuesday,7,4.9,7,2,0.3237252485609601,0
405,Friday,7,6.6,6,0,0.628010856853328,0
403,Tuesday,9,6.6,6,0,0.38674626231460785,1
316,Tuesday,6,7.3,6,1,0.18932945000888676,0
93,Wednesday,7,8.2,8,0,0.02043808630267014,0
473,Thursday,7,6.7,8,1,0.30441024306063075,0
417,Wednesday,8,8.2,6,2,0.1700794488085929,0
305,Friday,4,5.8,8,4,0.3947528206584532,0
224,Tuesday,5,4.9,6,4,0.8285075245229442,1
497,Monday,5,7.7,8,2,0.1305854346175786,0
291,Friday,4,7.6,8,0,0.3852936773219735,0
428,Saturday,8,7.7,5,1,0.19464808985226073,0
102,Monday,8,7.5,7,2,0.1654818620316658,0
474,Thursday,9,3.9,6,4,0.9110621336538999,1
267,Wednesday,6,6.1,6,1,0.4927064156908345,1
355,Friday,6,8.0,8,3,0.4430674795359973,0
456,Saturday,5,7.1,8,2,0.4722836496697639,1
110,Saturday,9,8.2,6,1,0.3272860993401796,1
462,Friday,6,9.8,6,4,0.2766942196103234,1
330,Tuesday,5,7.9,7,0,0.26761892549759253,1
450,Saturday,8,7.0,7,0,0.42071258274086154,1
430,Thursday,6,4.6,6,4,0.826904207362476,1
265,Monday,4,7.6,8,0,0.18453171316585248,0
3,Wednesday,5,4.3,7,4,0.8219141420138497,1
85,Sunday,7,6.5,7,3,0.7511136903389064,1
282,Saturday,4,6.5,10,1,0.37700141921580915,0
328,Monday,6,6.6,8,2,0.4949684404858928,0
304,Friday,5,7.0,8,1,0.18535967043687884,0
450,Saturday,5,6.4,7,0,0.6046860639052287,1
454,Tuesday,6,8.0,8,0,0.13446573386165117,0
412,Wednesday,7,8.4,6,2,0.19112146864626933,0
117,Friday,7,6.4,7,2,0.23883308533744127,0
221,Wednesday,8,8.0,6,0,0.16354439329755702,0
154,Monday,5,5.9,8,2,0.5583056310872532,0
153,Friday,9,5.5,6,2,0.39156863438175005,0
12,Sunday,10,8.7,6,3,0.5530994730463329,1
133,Friday,6,7.0,6,2,0.6195421501691594,1
482,Friday,3,7.2,8,4,0.9138784216245066,1
304,Wednesday,3,8.9,10,3,0.4683274258712168,0
293,Tuesday,6,7.5,6,4,0.1814592128480571,0
463,Friday,5,9.6,7,1,0.1932274258479948,0
300,Wednesday,7,6.8,8,1,0.19092048420678576,0
228,Saturday,8,9.2,5,2,0.26844566601875125,0
271,Monday,4,6.6,7,3,0.5405426688314386,1
43,Wednesday,6,5.3,7,4,0.792227160485275,1
432,Wednesday,5,7.7,7,0,0.18056071754675018,1
343,Sunday,10,7.4,6,1,0.7405843346578321,1
326,Monday,4,9.2,9,0,0.08828250890698097,0
302,Monday,5,7.4,7,3,0.4558786212448133,0
498,Tuesday,7,7.8,8,1,0.18535008971667052,0
364,Saturday,5,5.5,8,1,0.745106113791386,1
379,Tuesday,9,7.6,7,0,0.15971817729266333,0
427,Tuesday,4,6.6,9,2,0.38057126293326127,0
493,Monday,5,5.8,7,3,0.8172196766974108,1
21,Friday,9,8.4,6,1,0.11777219888179763,0
407,Monday,4,5.1,8,4,0.7486231569808292,0
107,Wednesday,8,7.1,6,3,0.6758785035582774,0
336,Tuesday,6,6.0,6,3,0.7775300910238335,1
303,Thursday,5,7.0,6,1,0.23420594488386218,1
117,Friday,5,6.4,8,2,0.2759056585835289,0
124,Thursday,4,6.5,8,1,0.4115783197793911,1
399,Sunday,8,7.5,7,0,0.17776386810948092,0
281,Sunday,7,6.2,7,3,0.6388476872321608,1
292,Wednesday,8,7.9,7,1,0.03433898002313718,0
203,Friday,9,7.5,6,1,0.12292843234004257,0
51,Friday,8,5.5,5,4,0.8414869334521006,1
271,Saturday,4,9.1,8,2,0.3446135255557115,0
324,Wednesday,5,7.6,8,0,0.14338336635688725,0
277,Thursday,8,6.8,6,1,0.2816917642335664,0
141,Wednesday,7,5.0,6,4,0.8860098712370414,1
470,Saturday,8,6.6,6,1,0.6632010308739822,1
275,Tuesday,6,4.4,7,2,0.8722252323933078,0
290,Tuesday,6,6.9,7,2,0.6962600902661024,1
334,Wednesday,8,7.7,5,1,0.2857613554886466,0
381,Tuesday,3,5.8,10,4,0.7574706792668733,0
452,Thursday,6,6.7,7,1,0.32860986709129525,0
496,Monday,7,7.9,8,2,0.2366559567748477,0
373,Wednesday,7,6.0,7,2,0.5155976787867544,0
52,Sunday,4,8.1,9,3,0.7901951378828942,0
494,Wednesday,4,9.2,7,1,0.2810293033252119,0
27,Friday,6,7.6,8,1,0.10343524894163628,0
157,Monday,6,5.5,6,3,0.7735776629706833,0
239,Tuesday,10,6.7,7,3,0.3256182048257798,0
156,Saturday,5,8.3,7,0,0.24057314519048648,0
291,Friday,6,7.3,6,2,0.6717945486380308,0
136,Wednesday,10,5.4,6,2,0.2076283466534005,0
144,Sunday,9,7.9,7,2,0.4220801789702236,0
106,Sunday,4,7.1,7,1,0.4262590485203455,1
420,Sunday,8,6.9,6,0,0.6917217086740528,1
158,Wednesday,8,7.4,6,4,0.7795123856712586,0
146,Tuesday,7,8.8,7,1,0.21920181112160397,0
2,Thursday,4,5.8,9,4,0.8467649758940456,1
433,Friday,5,7.2,6,1,0.2956793265881091,1
77,Monday,5,6.6,7,1,0.7207645329420563,1
132,Friday,8,7.4,6,1,0.1214011551679463,1
90,Monday,6,6.8,6,2,0.2863479980418982,0
345,Thursday,6,6.0,6,3,0.5670117207931299,0
350,Wednesday,5,6.0,7,2,0.4110921163507914,1
459,Friday,3,7.3,9,0,0.3838261206010101,0
263,Tuesday,10,6.9,5,0,0.40512378626784945,0
351,Saturday,7,8.1,6,3,0.5469154532905339,1
108,Thursday,9,4.8,5,4,0.8585907035327214,1
74,Friday,4,8.0,8,0,0.2554889448660706,0
39,Sunday,10,9.1,5,2,0.3566514759128477,1
397,Friday,6,6.9,8,1,0.3669388726009226,0
159,Sunday,8,8.2,5,0,0.48327704753708095,1
71,Monday,8,7.9,7,0,0.15213838066967178,0
447,Wednesday,10,6.5,5,0,0.23556643047318357,0
312,Monday,6,7.0,7,0,0.47374548940890626,1
241,Tuesday,4,7.3,8,1,0.39113346083342937,1
426,Saturday,6,6.8,7,1,0.5293402695542921,0
445,Monday,8,6.9,5,1,0.3185357983356663,1
298,Thursday,5,4.3,8,2,0.6724506310499628,0
440,Thursday,6,6.0,7,1,0.5451297821577122,1
36,Thursday,3,8.5,7,1,0.24714096735346702,1
84,Wednesday,5,7.2,6,0,0.12905980988599047,0
452,Friday,7,5.7,8,1,0.13802844314268095,0
374,Monday,8,5.2,5,2,0.6175783537892274,1
263,Tuesday,9,9.7,6,2,0.301684115182653,0
310,Thursday,10,5.9,5,3,0.5635030383658794,1
385,Friday,9,6.1,6,1,0.3510982040764248,1
172,Wednesday,6,7.4,7,0,0.19357588726915104,0
376,Saturday,5,6.4,7,0,0.7712752594219713,1
173,Wednesday,6,7.2,8,0,0.24089346998546438,1
362,Wednesday,5,6.7,7,1,0.3088928821924798,1
47,Monday,7,5.3,8,2,0.3456913245785534,0
379,Thursday,8,6.8,6,0,0.7173768627803367,1
141,Friday,7,7.1,7,0,0.5188631613996088,1
375,Monday,10,5.4,5,1,0.36669941745643203,0
406,Tuesday,7,7.3,8,2,0.19526201840768745,1
118,Friday,4,7.5,8,2,0.7509557348424456,1
277,Wednesday,5,5.5,7,4,0.87546356030327,1
214,Tuesday,7,7.3,8,3,0.46876518515999765,1
220,Friday,7,7.0,6,3,0.39004954180077406,0
393,Tuesday,9,6.3,7,0,0.24068640916602865,0
26,Saturday,7,7.1,7,2,0.41012591673195586,0
9,Monday,6,7.2,6,0,0.28016183064702843,1
271,Friday,3,6.0,9,3,0.6174244505911607,0
10,Thursday,5,7.4,7,1,0.3926848709058929,0
472,Saturday,7,6.4,8,0,0.36669384640863706,1
378,Monday,7,5.8,7,3,0.7713337884099021,1
121,Friday,8,5.2,7,1,0.1533518713518269,1
125,Thursday,7,4.6,7,5,0.866525320636529,1
170,Thursday,6,6.9,7,3,0.24605066546626086,0
72,Thursday,4,4.4,8,2,0.7039436701434542,1
152,Friday,7,7.1,6,2,0.510447152900021,1
208,Sunday,6,7.3,7,1,0.7205372882678108,1
49,Monday,9,9.0,6,0,0.06237119486434228,0
154,Monday,9,7.4,7,3,0.4900642464392372,1
347,Saturday,6,8.0,7,0,0.1790976901196766,0
293,Monday,5,5.9,7,3,0.4023834077572008,0
68,Sunday,4,6.7,8,0,0.6736886408446393,1
50,Thursday,6,6.2,7,2,0.3507056057850551,0
152,Friday,6,6.7,8,0,0.15293283130557048,0
19,Tuesday,10,6.0,5,2,0.451863556850784,0
100,Tuesday,4,7.4,7,1,0.2225027103392867,0
60,Friday,7,6.2,7,0,0.28453836287007406,0
167,Sunday,5,8.7,6,2,0.6171555222461921,1
202,Sunday,7,6.4,7,1,0.3693241632386814,1
345,Tuesday,6,7.6,7,1,0.23376857531615194,1
146,Monday,8,9.0,6,1,0.11332044321368445,1
403,Monday,7,8.8,7,1,0.194262564062126,0
164,Saturday,8,6.4,7,1,0.6513272438213966,1
458,Tuesday,5,8.1,7,0,0.33541970655385556,0
481,Monday,9,4.0,5,3,0.7230318013755501,0
439,Tuesday,6,4.8,7,5,0.607856253318752,1
242,Wednesday,4,7.4,7,1,0.5965467919011421,1
69,Sunday,6,7.9,7,2,0.530867030398531,1
175,Thursday,7,7.4,8,0,0.2532371882308807,0
49,Tuesday,4,6.1,7,3,0.8513154543595145,1
483,Wednesday,8,5.4,6,2,0.3486445487814582,0
108,Wednesday,5,4.5,7,2,0.6864779579654295,1
226,Monday,5,5.7,7,1,0.4395218862074306,0
161,Monday,6,7.5,8,1,0.517580094682062,0
119,Friday,8,7.7,5,2,0.12708874094427092,0
149,Monday,4,7.1,8,2,0.5539610916957647,1
465,Tuesday,8,6.9,7,1,0.6231736154081515,0
150,Wednesday,2,8.7,9,0,0.04073005545647698,0
432,Friday,7,8.4,8,2,0.2121219756414357,0
293,Thursday,4,7.8,8,2,0.14969475796221357,0
143,Friday,5,8.1,7,2,0.33456592237263266,0
419,Thursday,10,7.1,6,1,0.3249479021220775,0
476,Friday,5,7.3,7,3,0.5853755078423036,1
455,Monday,6,5.8,7,1,0.3535424825998904,0
160,Sunday,4,7.9,10,2,0.2450706653503792,0
11,Monday,8,5.9,5,1,0.21430683815959253,0
138,Wednesday,7,8.2,7,1,0.12425163330740101,0
457,Friday,8,7.4,6,1,0.26154085798853505,0
78,Wednesday,9,6.2,6,1,0.5482032181191663,1
77,Sunday,6,8.2,7,2,0.5230757222140524,0
441,Wednesday,9,8.0,7,3,0.2634788424696264,0
254,Saturday,9,6.4,7,2,0.525842390644621,0
409,Saturday,7,7.1,6,1,0.17510303020707624,0
258,Sunday,4,6.2,9,0,0.5341334888943174,1
320,Sunday,4,7.4,8,2,0.5060029444106172,0
291,Saturday,7,9.0,7,0,0.34547112585647455,0
263,Friday,4,6.7,7,1,0.5662169424097209,0
85,Wednesday,4,7.4,7,0,0.42605331376631805,1
146,Monday,8,6.0,7,3,0.36358485356327236,1
323,Friday,6,7.7,7,0,0.48976348449685514,0
42,Sunday,10,7.3,6,2,0.16799491403763298,0
374,Friday,5,7.6,8,2,0.48446199450822297,1
125,Sunday,6,8.4,6,1,0.5333436316514107,1
167,Saturday,7,6.1,7,0,0.3793915301330743,0
425,Tuesday,7,5.9,7,1,0.25314988226129953,0
241,Tuesday,6,6.2,7,4,0.5886677279001497,1
459,Wednesday,6,8.8,7,4,0.44266692655135,1
487,Tuesday,10,8.3,7,1,0.12415973717422366,0
280,Thursday,10,6.8,6,2,0.12323294716016849,0
188,Sunday,8,10.0,5,1,0.21063330166506972,0
302,Friday,4,5.1,9,1,0.21409630785730166,0
19,Wednesday,6,6.4,7,1,0.2704167452440932,1
68,Monday,8,8.1,7,1,0.3263885667530384,0
218,Tuesday,8,6.8,7,0,0.050402123384174234,0
102,Thursday,9,5.7,6,2,0.3567175139722208,0
42,Wednesday,5,7.2,6,1,0.43514331404303774,0
288,Monday,6,9.9,8,0,0.0216718114733015,0
167,Wednesday,5,5.7,6,4,0.8664802759823975,1
109,Tuesday,9,5.8,5,1,0.7517378386596733,0
494,Sunday,8,6.1,6,2,0.7293022331578919,1
36,Monday,5,6.2,7,0,0.4741924598116427,1
232,Monday,7,8.0,6,0,0.16925482978845544,0
229,Monday,7,8.6,7,0,0.08146374817219208,0
353,Wednesday,5,5.2,7,4,0.3774796672659104,0
164,Friday,8,7.4,6,1,0.4296369771873856,1
387,Friday,7,7.6,6,1,0.14774767963692823,0
73,Wednesday,5,5.9,6,3,0.6931384750250099,0
136,Friday,5,7.6,8,2,0.24538964094052956,0
353,Wednesday,8,7.2,7,4,0.24244491392344092,0
379,Friday,7,8.0,6,0,0.5048303144909226,1
70,Monday,5,4.0,7,3,0.8524680854241071,1
425,Wednesday,6,7.0,8,2,0.16278502664850183,0
487,Friday,7,7.7,7,1,0.18734018050339088,0
196,Saturday,7,8.7,8,1,0.1602747321433287,0
269,Friday,7,7.7,8,1,0.13908298938092878,0
49,Tuesday,3,5.3,8,2,0.654240301277108,1
316,Tuesday,7,8.4,6,1,0.24675365157978044,1
130,Sunday,4,8.3,10,1,0.712622055495874,1
444,Monday,9,6.7,6,0,0.40830783098661894,0
5,Tuesday,9,6.7,5,2,0.4845528350047574,1
428,Monday,9,8.8,6,1,0.055351533921652214,0
27,Wednesday,2,7.6,7,0,0.45021348055605076,0
160,Tuesday,6,6.9,8,1,0.083626911386921,0
149,Thursday,6,5.7,6,2,0.5397902033575266,1
264,Wednesday,8,6.4,6,0,0.05167957888987396,1
230,Sunday,8,6.4,7,2,0.6748525281913949,1
200,Monday,9,4.6,7,2,0.41516602392971,0
50,Tuesday,2,7.0,10,1,0.2590885314479757,1
67,Thursday,5,4.6,7,3,0.8474538256360098,1
300,Thursday,7,5.9,8,2,0.4192148173761508,0
381,Thursday,8,6.3,6,1,0.29072284856380187,1
58,Saturday,8,5.6,7,1,0.22110328960143893,0
259,Monday,7,7.9,7,1,0.3095714942547391,0
342,Saturday,5,7.3,8,6,0.7402977528325415,1
326,Thursday,5,3.9,7,3,0.8630497667988015,0
130,Monday,5,7.7,6,4,0.9218322661879556,1
215,Saturday,5,9.5,6,1,0.3285470846016395,0
172,Friday,5,6.9,8,1,0.4101996921978886,1
258,Tuesday,4,7.4,10,4,0.18516151406489226,0
102,Monday,7,7.1,7,3,0.4826948863444276,0
209,Monday,7,7.4,7,1,0.37211377019347647,0
291,Thursday,5,6.1,8,0,0.4396997143767162,0
354,Tuesday,3,5.8,7,2,0.7513197894027256,1
471,Tuesday,6,5.4,6,2,0.8617729333984225,1
286,Monday,9,6.8,6,2,0.4535895747157905,0
116,Friday,7,7.5,6,2,0.26615729008401096,0
264,Saturday,8,8.2,6,3,0.27400533191467574,0
150,Friday,7,6.2,7,2,0.6149031495987375,0
300,Monday,6,6.5,8,0,0.3353026938638624,0
442,Sunday,4,7.2,7,3,0.7500345811511969,1
36,Friday,6,6.1,6,1,0.750806521893552,1
453,Saturday,5,5.1,6,2,0.9071660181809728,1
333,Wednesday,9,6.5,6,1,0.09754073878165338,0
477,Wednesday,7,6.3,6,2,0.6229733989291916,0
287,Friday,9,6.6,5,0,0.11135780434387647,0
303,Monday,9,6.1,6,2,0.18383505305883102,0
311,Thursday,5,7.0,6,0,0.17820986661924135,0
208,Saturday,7,10.0,6,3,0.6779231996557931,1
106,Saturday,10,8.3,6,3,0.3098200812240757,0
446,Sunday,8,6.8,7,2,0.7287178681066561,1
158,Friday,8,6.4,6,0,0.593270058601421,1
121,Tuesday,8,6.6,7,2,0.08639235772242784,0
55,Monday,7,6.8,8,2,0.4478210726333522,1
400,Wednesday,8,6.7,5,1,0.46627732956145806,0
12,Thursday,7,6.2,7,1,0.47913312364149097,0
145,Tuesday,6,6.1,7,1,0.2947753386190038,1
400,Monday,4,7.5,8,1,0.40648704164636557,1
396,Thursday,3,6.4,9,2,0.47847219122195855,0
136,Friday,6,7.4,7,1,0.29136956366584543,0
468,Sunday,7,7.1,8,1,0.3850701212551721,1
3,Friday,7,4.5,8,4,0.5362465537523072,0
144,Friday,8,5.4,5,1,0.4995687520458382,1
30,Thursday,6,4.8,6,2,0.47925751971305536,0
237,Sunday,10,7.6,5,1,0.23987984509928736,0
279,Thursday,10,4.7,5,6,0.9072222766565614,1
348,Saturday,3,6.8,9,1,0.4618741772299275,0
115,Sunday,8,7.0,6,1,0.7455901351506211,1
104,Sunday,8,7.1,7,2,0.29112979427576363,0
118,Wednesday,2,7.8,7,3,0.8779857169331399,1
5,Monday,7,8.0,6,0,0.18798631090748308,0
468,Tuesday,8,5.8,7,2,0.3469306945727723,0
360,Monday,6,6.7,7,0,0.37790699082931295,0
248,Monday,7,6.2,7,0,0.42383909953869914,1
364,Tuesday,7,7.2,7,1,0.42305485382210284,1
321,Wednesday,8,6.6,5,0,0.37633828903025024,0
121,Thursday,10,7.2,7,0,0.026437711364263265,0
286,Friday,8,5.3,6,1,0.7491807572361114,1
149,Tuesday,9,7.0,5,2,0.30028029341869356,0
84,Friday,4,5.0,8,2,0.3844122951515419,0
454,Friday,10,5.8,7,3,0.5018864263345568,0
406,Thursday,7,6.8,7,1,0.11121579495299695,0
466,Sunday,6,5.1,8,1,0.7618260549569451,1
456,Monday,7,4.1,7,3,0.8850299117210286,1
231,Tuesday,5,5.3,7,1,0.7951347473792912,1
288,Wednesday,7,5.6,6,2,0.44332754616345865,1
161,Monday,7,5.7,8,3,0.5333155758481004,0
272,Thursday,5,6.1,7,0,0.21064784085403113,1
460,Wednesday,7,7.1,7,2,0.3016395389019027,0
38,Tuesday,5,9.1,7,3,0.34020791416502716,1
500,Tuesday,5,5.9,7,3,0.8497146716572291,1
226,Wednesday,4,7.2,7,1,0.43102778893045196,0
142,Thursday,6,8.2,7,1,0.20664393329485087,0
292,Thursday,5,8.0,7,2,0.16446903911894478,1
481,Tuesday,7,5.8,6,2,0.6221672946952171,1
151,Monday,9,7.7,7,1,0.45113282041667563,1
114,Monday,8,8.2,7,1,0.29533242167365203,0
237,Monday,8,8.5,5,1,0.1580717590427445,0
66,Saturday,8,9.3,5,1,0.15886660986942092,0
361,Monday,5,5.4,7,1,0.29779480192165814,0
341,Friday,6,7.0,6,4,0.8032048762376164,1
258,Saturday,10,6.6,7,1,0.2519720998481649,0
475,Monday,5,5.1,7,2,0.5915134874499216,1
249,Wednesday,10,7.3,7,1,0.09153816301114243,0
457,Sunday,6,7.6,7,3,0.8566470293892323,1
449,Saturday,2,7.6,8,2,0.6544054668947722,1
331,Thursday,6,6.1,7,1,0.2435107485272754,0
323,Friday,8,9.6,6,1,0.16992995859163637,0
180,Saturday,10,9.2,7,1,0.3373964623639609,1
190,Wednesday,4,6.2,10,4,0.7159098115333181,1
407,Saturday,8,7.4,6,3,0.6817680025054718,1
154,Wednesday,8,7.3,5,1,0.5828409405674735,0
196,Thursday,9,7.9,6,1,0.13315332177498504,0
466,Sunday,1,8.0,7,0,0.5242159811339149,0
311,Saturday,10,7.5,5,1,0.3461136231623332,0
262,Wednesday,7,5.0,7,3,0.47523940017784977,1
419,Monday,7,9.1,6,1,0.114771914624609,0
406,Thursday,9,5.9,7,3,0.45599789436884214,1
427,Friday,2,8.0,7,0,0.25997689311357564,0
143,Friday,9,6.7,6,4,0.1967854602742719,0
342,Sunday,10,8.9,6,2,0.224328637208383,0
316,Saturday,4,5.8,10,2,0.7592732739102367,1
101,Wednesday,6,5.9,8,1,0.5335411545629342,0
244,Monday,7,6.5,8,2,0.4214707162606482,1
490,Wednesday,7,5.6,7,2,0.8172794231421109,1
12,Friday,7,6.1,8,0,0.5552681348914769,1
239,Thursday,5,8.2,6,7,0.9249400273097687,1
49,Thursday,7,7.4,7,0,0.12632271844178444,0
42,Wednesday,10,8.4,7,4,0.1416265845608968,0
166,Tuesday,7,6.8,8,1,0.3355857920510477,0
82,Tuesday,7,6.5,6,0,0.5154297483231018,1
429,Thursday,5,5.1,7,1,0.6003049029696589,1
291,Tuesday,9,8.0,6,1,0.2707602559386732,0
158,Wednesday,6,6.5,8,0,0.4727244739663644,1
216,Wednesday,2,6.9,9,0,0.39028147874482555,0
490,Thursday,7,6.0,6,3,0.6168698292469512,1
158,Monday,8,10.0,7,0,0.10563475162159583,0
462,Saturday,6,7.5,6,2,0.5137624182267804,1
134,Thursday,2,5.8,10,4,0.6198502534695849,0
67,Friday,4,5.3,10,2,0.32912183579376386,0
336,Friday,6,7.3,6,1,0.553980534093465,0
7,Tuesday,6,5.8,7,1,0.1506984069008865,0
436,Wednesday,7,6.2,7,2,0.3315157350379119,0
14,Sunday,8,5.6,5,2,0.8962009654042326,0
73,Friday,6,6.8,8,1,0.46347507191266185,1
399,Sunday,4,7.5,8,4,0.6290443619549722,1
405,Friday,9,8.9,6,1,0.23866294019933984,0
163,Tuesday,8,6.1,7,0,0.470172078486286,1
66,Monday,8,4.1,5,4,0.763430813161612,1
347,Thursday,7,6.4,7,1,0.2714276289466078,0
130,Wednesday,9,8.3,6,1,0.3592566053747243,0
419,Tuesday,6,7.4,8,0,0.16963712154248067,0
466,Saturday,8,8.7,7,0,0.15431401411920742,1
206,Wednesday,8,7.2,6,0,0.08548868403465802,0
276,Tuesday,8,6.2,6,0,0.2217382523545216,0
466,Saturday,4,6.1,10,0,0.2252569477256924,0
256,Saturday,7,6.2,8,3,0.6833135033874171,1
266,Wednesday,7,6.0,7,1,0.7711368481288273,0
25,Saturday,10,8.2,6,1,0.5358304020936077,0
450,Saturday,7,7.3,7,1,0.454443968179821,0
281,Wednesday,9,4.5,7,3,0.7238507386497367,1
253,Monday,4,7.1,9,2,0.19397999956969386,0
310,Monday,5,8.2,6,2,0.28546691932986173,0
289,Thursday,7,4.8,7,4,0.9433643979415718,1
164,Wednesday,7,7.4,8,0,0.2955865841879889,0
95,Sunday,5,4.9,7,3,0.9467049741233624,1
270,Friday,8,5.6,7,2,0.17599643993557937,0
321,Friday,6,5.2,7,2,0.5120230203981173,1
110,Sunday,6,8.2,6,0,0.3304408447958262,0
336,Saturday,6,9.4,6,3,0.6882519345706807,1
310,Tuesday,9,8.0,6,1,0.15493207337976436,0
238,Tuesday,9,7.9,5,1,0.247404492458025,0
381,Friday,10,5.6,7,2,0.2714441204319439,0
436,Wednesday,8,7.4,5,3,0.443235443726433,0
387,Wednesday,10,7.0,6,0,0.15572335541242757,0
483,Thursday,7,5.3,6,2,0.6578109397102578,1
425,Sunday,6,8.7,7,1,0.21962866965177621,0
390,Wednesday,6,7.2,7,0,0.22141113647959243,1
25,Friday,6,6.4,8,4,0.6935694756875442,1
141,Tuesday,6,7.7,7,1,0.34986309333458715,0
117,Friday,5,6.9,6,2,0.47554714544446713,0
482,Monday,5,8.1,7,0,0.548769527636205,1
392,Saturday,8,9.7,6,1,0.21714500867408823,1
405,Monday,6,6.4,7,0,0.39999797884121346,0
482,Friday,3,6.4,7,0,0.7276285571183392,1
452,Monday,3,6.1,10,4,0.2410034580392971,0
25,Tuesday,2,6.7,8,2,0.6772010689398085,0
79,Thursday,4,8.3,10,1,0.10734896743114052,0
68,Wednesday,4,5.4,8,3,0.7487168171450459,1
173,Tuesday,5,5.1,7,1,0.521364422954771,1
444,Wednesday,7,7.0,7,1,0.4419444430960047,0
12,Friday,4,6.7,9,0,0.392717858733875,0
288,Friday,5,6.9,7,1,0.2129180123916876,0
128,Monday,3,4.4,7,3,0.7742247720101346,1
96,Friday,5,8.5,7,1,0.21659150918609613,0
92,Monday,8,6.9,5,3,0.6181073372373524,1
141,Thursday,6,9.6,7,3,0.5339871415285435,0
31,Tuesday,7,7.2,8,1,0.1275012322800927,0
334,Thursday,6,6.2,7,0,0.43701384902611157,1
20,Tuesday,4,7.0,9,1,0.6050788464340673,1
146,Sunday,6,9.2,6,1,0.2700069325055053,0
477,Tuesday,7,5.8,7,2,0.6473324895013051,1
316,Tuesday,8,7.4,5,0,0.42490648961278804,0
447,Tuesday,7,7.2,6,2,0.24331004945830603,0
390,Saturday,8,8.1,5,3,0.632544415270713,1
160,Thursday,4,5.6,10,1,0.3461386974008145,1
349,Friday,3,7.5,10,1,0.09773308545901618,0
43,Sunday,3,8.1,10,0,0.11256711259552539,0
254,Sunday,8,9.3,7,0,0.16460303711043486,0
130,Friday,4,8.8,9,3,0.7185086315594085,1
60,Tuesday,9,7.1,5,2,0.5058971738079431,1
151,Saturday,6,7.7,7,0,0.568125126200883,0
467,Tuesday,10,5.5,6,1,0.34594123231396967,1
287,Friday,6,6.5,7,3,0.7444230289665977,1
499,Friday,6,6.2,7,2,0.6438525678197559,0
5,Friday,7,7.9,7,0,0.0725084512493293,1
467,Thursday,6,7.1,7,0,0.21427154672005572,0
418,Thursday,7,5.5,7,3,0.48668114422243464,1
266,Sunday,4,6.4,9,2,0.8077682492139557,1
345,Monday,7,9.8,6,3,0.43538065408447846,0
130,Tuesday,5,6.2,6,0,0.6977546462453762,0
382,Thursday,6,7.5,8,1,0.13269133741319825,0
267,Sunday,4,7.4,8,1,0.2657976663440268,0
178,Monday,8,6.4,7,0,0.24737452514996655,0
253,Monday,6,8.1,8,1,0.177313582734547,0
415,Monday,8,6.2,6,2,0.12032872059295702,0
56,Monday,5,6.3,8,1,0.7113723986586727,1
463,Sunday,6,9.0,6,2,0.6168080233685116,1
457,Friday,8,6.2,7,2,0.44754292784289407,1
471,Friday,4,5.0,9,2,0.6443944125059151,1
83,Thursday,5,5.3,8,2,0.6758888371255923,1
393,Friday,8,7.3,7,2,0.5322565234650068,0
99,Monday,9,5.9,6,2,0.6660072952001006,1
149,Wednesday,7,8.1,8,0,0.13009235327630048,0
329,Thursday,5,6.7,7,1,0.13622381208919643,0
156,Monday,6,7.6,6,3,0.8037239142454632,1
190,Wednesday,10,7.1,7,1,0.26397332057988865,0
494,Tuesday,4,8.0,10,0,0.17782576849649304,0
371,Monday,8,9.0,5,1,0.18185086564973718,1
263,Monday,7,7.4,8,2,0.47372513261730886,0
80,Friday,4,7.3,9,1,0.31425344879467165,0
400,Monday,6,8.0,6,1,0.4061783106832426,0
252,Sunday,3,6.7,9,3,0.5806646046117396,1
97,Monday,7,7.3,8,2,0.1817901897338822,0
260,Friday,7,5.6,7,2,0.5366682150497255,1
260,Saturday,4,6.5,9,0,0.4668403059290516,0
103,Sunday,8,6.8,7,1,0.2534714915541122,0
40,Saturday,5,8.9,8,2,0.3262591278370887,1
273,Tuesday,5,6.5,6,1,0.7120545378788241,0
101,Wednesday,5,5.8,7,2,0.9323452309477684,1
359,Wednesday,8,7.6,5,0,0.4042980267782325,0
380,Monday,3,4.7,9,4,0.8713261317754772,0
308,Monday,3,4.5,10,3,0.36086839843748436,0
221,Saturday,5,7.1,6,1,0.33772160656867367,0
308,Thursday,5,6.4,7,1,0.37793702835198534,0
420,Thursday,8,8.0,7,0,0.21218611050227784,0
124,Sunday,6,8.8,8,2,0.2521343216674559,0
422,Friday,6,6.6,6,0,0.35963110089648875,0
231,Friday,3,6.5,8,0,0.6623233979114471,1
178,Friday,6,5.8,8,2,0.4875815764103321,0
63,Monday,2,6.6,8,0,0.2532365625774312,0
485,Wednesday,7,3.6,7,4,0.8589421430946194,1
116,Sunday,8,6.9,6,1,0.5940100072193845,1
191,Sunday,5,7.3,7,1,0.8421626272698829,1
62,Saturday,7,6.5,7,2,0.634382422962959,0
256,Wednesday,6,5.9,6,3,0.7514276776691501,1
483,Saturday,9,7.0,6,2,0.2539937419031956,0
7,Monday,7,6.7,8,0,0.04727958341833729,0
155,Monday,4,7.7,10,1,0.4598902204784122,0
92,Wednesday,9,7.2,6,1,0.07705967321543222,0
470,Thursday,8,7.8,6,4,0.5664229094098178,0
14,Tuesday,6,7.4,7,0,0.34943045001575723,0
455,Wednesday,7,6.8,6,0,0.1879747730143049,0
229,Tuesday,7,9.4,8,2,0.1399951582984876,0
86,Thursday,6,5.8,6,2,0.6785526489749347,0
133,Friday,7,5.6,7,2,0.7046120394093456,1
183,Friday,7,6.5,8,2,0.11034571119101243,0
386,Monday,5,6.6,8,1,0.29342760056354256,1
62,Thursday,9,6.9,6,1,0.5739973320418283,1
219,Friday,3,5.6,9,2,0.4227223797786544,1
405,Thursday,8,9.0,6,2,0.24530641651001694,0
246,Wednesday,4,6.3,8,0,0.4667918729500733,1
230,Thursday,6,5.5,8,2,0.44133910109018193,1
79,Sunday,3,7.7,10,2,0.2630605996242575,0
149,Monday,4,8.0,8,0,0.2084288851045686,0
138,Wednesday,6,8.6,7,0,0.3435886866562676,0
471,Wednesday,7,3.8,7,4,0.9658271713560119,1
314,Thursday,9,7.6,6,0,0.26765306852307974,0
376,Monday,6,8.8,8,0,0.2662941948795505,0
423,Tuesday,8,6.0,5,2,0.818785770784457,1
389,Tuesday,6,6.4,7,1,0.2491151885471359,0
65,Sunday,8,6.3,6,0,0.26045109951593554,1
13,Friday,4,6.0,10,2,0.30300383431894856,0
213,Friday,7,5.4,7,1,0.16359024171298195,0
474,Saturday,7,8.5,8,1,0.23024022156763685,0
242,Monday,6,6.6,7,0,0.4788524733461608,0
493,Saturday,7,3.8,6,4,0.9194111076960362,1
213,Thursday,7,6.0,8,2,0.465131641098947,0
181,Wednesday,5,5.9,7,1,0.35840697898721435,0
338,Saturday,8,8.4,6,0,0.1975204002370487,1
485,Saturday,2,7.3,9,2,0.5836320326124406,0
173,Saturday,3,7.3,10,1,0.30632422586617436,0
160,Monday,4,7.5,9,1,0.09818537068542839,0
164,Sunday,7,8.7,8,1,0.48146303069034524,1
465,Sunday,5,7.7,7,0,0.6908810857921159,0
483,Wednesday,4,5.9,10,2,0.3476634497146434,0
497,Monday,6,4.9,7,5,0.7017468924257254,0
188,Tuesday,7,8.4,6,1,0.11271569079039089,0
395,Sunday,5,10.0,6,0,0.22496789784070778,1
191,Thursday,4,6.8,9,0,0.4770668646891522,0
405,Wednesday,7,7.1,7,1,0.389299686517017,1
308,Tuesday,8,8.5,6,1,0.08274451243294209,0
256,Tuesday,4,4.6,9,3,0.7298089872234981,1
183,Friday,10,7.8,6,1,0.06605626770714794,0
117,Wednesday,5,7.2,7,1,0.24624936062747435,0
282,Sunday,5,6.5,8,0,0.2914356120817376,1
196,Friday,7,6.1,8,0,0.31129237126518466,0
34,Friday,7,5.1,8,1,0.23794016223323308,1
52,Tuesday,2,8.1,8,1,0.5882644184866361,1
112,Monday,6,5.5,8,3,0.3765423067629211,0
252,Thursday,8,7.2,5,0,0.49668557561528665,1
82,Tuesday,9,4.7,6,3,0.7330545232496513,1
232,Tuesday,6,8.4,8,1,0.0626185454780797,0
227,Sunday,6,7.2,7,2,0.5619774248990016,1
233,Wednesday,8,8.0,7,2,0.3926807273396564,0
221,Tuesday,10,6.4,7,2,0.16868714368218923,1
436,Tuesday,7,6.0,8,3,0.5002138725011156,1
413,Tuesday,6,5.1,7,1,0.6045315367191703,0
422,Sunday,9,8.7,7,1,0.31242780099541634,0
42,Tuesday,4,6.3,8,3,0.459647641365717,0
21,Wednesday,7,7.1,7,1,0.12145179318080235,0
42,Friday,10,5.9,7,2,0.14879540996618507,0
397,Tuesday,7,6.7,8,2,0.38441525597580284,1
113,Tuesday,8,6.9,5,3,0.5823294203503233,1
105,Monday,6,4.6,8,4,0.6725067699826411,1
192,Tuesday,8,5.9,7,2,0.26365354549840986,0
17,Monday,9,8.6,7,1,0.10785636597899853,0
120,Monday,3,5.7,7,4,0.9528002895980919,1
393,Saturday,6,8.5,8,5,0.5902284989982862,0
425,Monday,7,7.1,7,3,0.3385365542321723,0
129,Friday,6,7.3,6,0,0.1522509311144803,0
130,Friday,6,7.5,8,1,0.4248785546074719,0
60,Thursday,9,6.7,5,2,0.4603719656627305,1
48,Tuesday,7,6.0,7,2,0.6334721686490842,0
29,Monday,5,5.8,6,4,0.31981714917397003,1
97,Friday,8,6.3,6,1,0.4053011118688014,0
10,Thursday,9,8.2,6,0,0.12477870209495531,0
242,Friday,9,5.1,7,4,0.5720179588132486,1
314,Monday,6,6.3,8,1,0.34681127874759293,0
444,Sunday,6,5.6,7,1,0.8507120244821159,1
232,Monday,4,6.0,8,3,0.525906166363745,1
277,Wednesday,7,6.6,6,1,0.3271696619450981,1
284,Wednesday,9,8.4,6,0,0.30671075675707304,0
203,Monday,8,8.5,7,1,0.08721236690257674,0
247,Thursday,10,4.5,5,6,0.8937536858086379,1
290,Friday,3,4.9,8,3,0.7193888671385276,0
264,Saturday,7,7.2,8,3,0.27086400663675797,1
443,Saturday,8,8.3,6,4,0.8892537691119157,1
214,Thursday,5,4.8,7,2,0.5854827296905211,1
200,Thursday,4,6.3,10,3,0.2765199927902964,1
433,Monday,4,7.9,7,2,0.3187944746692276,0
79,Thursday,7,8.1,8,0,0.048172172001482216,0
401,Monday,4,6.3,9,0,0.30577643412858646,0
444,Wednesday,9,4.3,7,3,0.704676567767997,0
343,Wednesday,8,8.0,6,3,0.5933153047416534,1
344,Wednesday,6,5.6,6,3,0.8854890356518252,1
173,Thursday,6,7.3,7,1,0.3336150471847618,0
467,Sunday,9,6.3,5,2,0.8407827656346917,1
69,Wednesday,9,6.8,5,3,0.531322445806942,1
416,Sunday,5,7.8,7,1,0.5675031879421979,1
428,Friday,5,8.2,7,4,0.2907704613785118,0
449,Thursday,6,5.0,8,2,0.6266832616148721,0
87,Friday,5,5.6,7,1,0.47628480451100474,0
101,Monday,3,8.6,8,0,0.4401028582084482,0
8,Saturday,5,7.7,7,1,0.33060510129381915,1
333,Thursday,5,5.7,8,3,0.5650040366600886,0
200,Sunday,4,8.3,7,0,0.2459819216938645,1
87,Thursday,7,5.5,7,1,0.5357370668154116,1
43,Saturday,6,7.6,7,2,0.6475303253196905,1
385,Friday,8,5.9,6,4,0.7361317404615858,0
109,Wednesday,5,8.2,7,2,0.6726576768631078,1
435,Tuesday,8,5.7,7,1,0.36026605023466174,0
408,Wednesday,7,3.5,8,4,0.8912104325704773,1
483,Wednesday,5,6.2,7,0,0.42854690361500114,1
152,Tuesday,10,5.9,6,1,0.4739664578161693,0
17,Saturday,7,7.1,7,1,0.4675603187860254,1
133,Thursday,5,7.4,7,7,0.9216766581202446,1
148,Sunday,7,6.0,6,2,0.8327368235614363,1
277,Saturday,5,6.5,7,1,0.5832459372124288,1
232,Thursday,6,6.7,7,2,0.399478434559323,1
314,Sunday,10,6.6,6,2,0.6387253599228664,1
415,Thursday,3,6.8,9,2,0.2650760848971257,0
366,Saturday,5,8.0,8,0,0.27688233452049915,0
228,Wednesday,6,6.7,7,2,0.28047742717382906,1
139,Wednesday,6,8.0,7,1,0.6535779739961988,1
436,Wednesday,5,5.6,7,2,0.7049013246160231,1
399,Thursday,10,6.0,6,2,0.23346054059995475,0
211,Thursday,5,8.5,7,2,0.39270196327160634,1
391,Thursday,7,5.8,7,2,0.33936387350666886,1
499,Tuesday,5,9.6,7,0,0.23810707482862703,0
28,Sunday,7,8.6,8,3,0.16220117390827102,0
51,Thursday,8,5.7,6,2,0.6685188415540265,0
491,Wednesday,6,7.4,7,1,0.14110083293955233,1
442,Friday,5,7.1,7,2,0.48874055138957445,0
261,Friday,6,5.0,8,2,0.6218712874613574,1
261,Sunday,8,9.3,7,0,0.11609493117769551,0
350,Thursday,8,7.7,5,1,0.19431837659053,0
352,Monday,7,8.5,8,3,0.4218395932023573,1
8,Wednesday,6,8.0,6,1,0.3369125877718142,1
320,Wednesday,9,7.1,7,2,0.24232190341167759,1
138,Saturday,5,8.7,7,2,0.5198953046703768,1
38,Wednesday,6,5.1,6,1,0.535642921407518,1
111,Sunday,10,9.8,5,2,0.4823013698786898,1
480,Thursday,6,7.6,7,1,0.19105777725175,0
368,Sunday,8,5.1,6,2,0.9051578497126378,1
220,Monday,5,4.9,7,2,0.530084261822221,1
337,Saturday,9,7.7,6,2,0.6318670527776079,1
223,Sunday,4,6.3,9,2,0.5858695779103119,1
136,Sunday,4,8.0,10,0,0.0548680717762846,0
256,Monday,8,5.5,7,1,0.48642067118122634,0
360,Tuesday,6,5.2,7,1,0.4959332279449829,0
409,Friday,6,6.1,7,4,0.5067723773721586,1
329,Monday,7,10.0,7,0,0.054869152668248274,0
450,Monday,6,5.4,7,1,0.5535501889252724,1
463,Tuesday,4,8.2,9,1,0.3843164323998757,0
434,Thursday,5,5.8,7,3,0.8869888172915659,1
451,Thursday,5,6.6,7,2,0.34461226214270607,1
49,Monday,9,6.8,7,1,0.2519011344879852,0
292,Tuesday,9,6.6,5,1,0.11278632383965968,0
382,Thursday,5,6.8,8,1,0.25121189293658946,0
324,Thursday,7,7.1,6,0,0.12499081950048492,0
78,Monday,6,4.9,7,2,0.8186848840127189,1
105,Wednesday,9,6.5,6,0,0.14522289996318022,0
169,Sunday,10,7.3,7,4,0.42995255361189305,1
217,Sunday,8,8.1,7,1,0.12802570250662024,0
378,Sunday,5,7.1,7,2,0.6393113661826106,1
119,Saturday,4,8.0,8,3,0.11882086632054469,0
190,Wednesday,7,5.9,7,3,0.6163682596487237,0
255,Friday,6,6.0,7,2,0.48754717127670016,0
370,Wednesday,4,7.1,10,3,0.3794822778731909,0
266,Friday,7,5.5,8,2,0.7003075591493682,1
149,Tuesday,10,6.0,7,2,0.2561814197151384,0
164,Thursday,8,6.1,6,0,0.46273838381736426,0
140,Thursday,4,6.2,8,0,0.11390501802782922,1
347,Monday,6,6.8,6,0,0.19642882679062354,0
488,Friday,7,5.6,7,1,0.45347831357963336,1
258,Monday,7,7.5,7,1,0.2144789592612742,0
374,Tuesday,3,6.4,7,0,0.5770656368461552,0
269,Monday,6,7.2,7,2,0.09637766961321476,1
181,Wednesday,7,5.2,7,1,0.35740468541299797,0
160,Monday,6,3.5,7,3,0.7215334429390495,0
351,Sunday,3,8.5,7,1,0.234620238287464,0
400,Wednesday,6,7.0,7,0,0.44048886034005164,0
288,Wednesday,8,7.4,6,1,0.0948398261685826,0
288,Wednesday,5,8.3,8,1,0.07140729806592411,0
380,Thursday,6,5.6,6,1,0.573327772884067,1
226,Friday,9,4.5,6,3,0.5858404671533096,1
11,Friday,6,7.9,6,1,0.1491800423141533,0
10,Friday,7,7.5,6,1,0.3487127747746707,1
271,Sunday,3,8.7,8,1,0.12022143127424537,0
273,Saturday,4,9.4,8,2,0.46184019174619284,0
424,Friday,10,5.3,7,2,0.32169953955030456,0
402,Tuesday,10,7.8,7,0,0.029120458992511877,0
183,Thursday,7,6.4,7,0,0.16690116721740342,0
457,Thursday,2,7.9,8,0,0.2527709605451869,0
153,Friday,4,8.9,8,2,0.1501395988832123,1
488,Saturday,4,7.4,8,0,0.15901103562244204,0
315,Friday,4,5.8,8,1,0.3984975633198118,1
334,Saturday,6,5.8,6,4,0.9251685549165368,1
124,Monday,8,4.0,5,4,0.8669247692088733,0
473,Monday,5,8.4,8,0,0.15321727679280356,0
114,Tuesday,6,8.5,6,4,0.5441672549885055,1
278,Sunday,6,8.6,7,0,0.3726937816538525,1
500,Saturday,8,7.0,5,0,0.6004453443188907,1
414,Friday,8,7.6,7,1,0.27477387866224784,0
468,Friday,7,7.1,7,1,0.16093323197687254,0
213,Friday,9,5.3,5,3,0.5781127448896296,1
172,Sunday,6,8.8,7,2,0.4841785279184095,0
288,Saturday,10,8.0,7,2,0.15761088981273258,1
435,Thursday,5,7.6,8,0,0.41777798155814944,0
174,Friday,3,7.1,9,2,0.539740249173804,1
113,Tuesday,4,6.9,8,0,0.20502915186225107,0
376,Friday,4,7.1,7,2,0.7831339660263049,1
405,Wednesday,5,6.4,8,2,0.4406957034219794,0
483,Monday,9,7.4,7,2,0.25798553680087194,1
122,Saturday,6,9.7,7,1,0.48186941477535766,1
32,Thursday,4,7.3,8,1,0.45096496331036806,1
222,Sunday,4,8.7,9,1,0.2660688069702297,0
119,Tuesday,6,5.3,7,1,0.11758362917820393,0
39,Thursday,10,7.7,6,0,0.19576522662598345,0
497,Wednesday,7,7.3,7,1,0.13305312681520434,0
268,Monday,8,8.0,5,0,0.2739966050666612,0
233,Wednesday,7,6.2,7,1,0.5938207652212222,1
431,Tuesday,3,7.9,10,0,0.17095145863255032,1
18,Tuesday,8,5.8,6,3,0.5713525694247679,1
149,Tuesday,4,8.1,9,0,0.24066007388324392,1
397,Tuesday,6,8.1,8,0,0.2639144859668526,0
149,Friday,5,5.4,7,7,0.9376281462580948,1
126,Monday,6,7.1,6,0,0.2089609086103111,0
392,Thursday,6,6.4,6,1,0.5505967223177674,1
302,Friday,6,7.3,8,1,0.23245796468351732,1
360,Thursday,6,6.7,7,3,0.40673214829970317,0
238,Sunday,7,7.1,8,1,0.4138139757519784,1
135,Friday,6,6.0,7,2,0.3254820161122734,0
151,Friday,6,8.4,7,3,0.4390187239388698,0
236,Tuesday,10,5.8,5,2,0.6571510331438172,0
224,Friday,9,6.0,7,3,0.41232698203675944,1
203,Saturday,6,5.9,6,1,0.6673418084237628,0
256,Wednesday,7,7.7,8,3,0.3578852899467864,0
86,Tuesday,7,7.9,6,4,0.4584488174106662,1
150,Wednesday,7,7.2,6,0,0.09887901536974461,0
235,Friday,6,5.8,6,2,0.8439857749315977,1
345,Wednesday,7,4.7,8,3,0.467948162798468,0
22,Friday,6,7.4,6,3,0.5423551234233128,1
348,Monday,5,7.8,7,0,0.11285362883429534,0
285,Saturday,6,6.8,7,1,0.40762730866850483,1
269,Tuesday,3,6.8,7,1,0.3655547760810238,1
466,Tuesday,8,4.8,6,3,0.7138759497984615,1
258,Thursday,7,5.8,8,5,0.5383860999163944,1
29,Monday,10,7.2,7,2,0.06486214089155667,0
213,Monday,4,6.6,8,1,0.24325648957818194,0
463,Tuesday,6,6.9,8,2,0.7030376590695763,0
436,Thursday,9,8.1,6,0,0.15755041585883287,0
283,Sunday,7,5.9,7,2,0.6460313215459029,1
50,Saturday,10,7.6,6,3,0.3536302446365425,0
95,Thursday,9,5.9,5,4,0.9487008870076377,1
463,Monday,2,6.5,10,2,0.5488817054383408,0
499,Thursday,7,7.0,7,0,0.1711567645390775,0
407,Friday,7,5.2,6,1,0.4599225182976305,0
88,Wednesday,6,5.9,7,2,0.6121947422784589,1
44,Monday,6,6.2,7,1,0.7181260735659513,1
461,Tuesday,10,7.2,6,0,0.2620512744099274,1
278,Friday,6,8.0,7,1,0.4380956137902679,0
171,Wednesday,1,4.7,8,4,0.893836805557593,1
421,Saturday,6,6.6,7,2,0.6495764140658268,0
189,Tuesday,10,6.5,6,3,0.6178404169954055,0
353,Tuesday,4,6.5,10,0,0.08342659904318238,0
184,Wednesday,9,7.2,5,0,0.0629037835151095,0
3,Wednesday,9,5.2,6,2,0.4879874518712332,0
191,Monday,6,6.5,8,0,0.3860648110660699,0
118,Monday,7,6.2,6,0,0.6241170246432799,1
19,Tuesday,6,7.6,8,4,0.3333891445098785,0
23,Monday,5,6.8,6,0,0.4814100846741181,1
413,Wednesday,5,6.2,8,2,0.6474731417270931,1
30,Sunday,9,8.9,6,1,0.09904009092370777,0
295,Thursday,6,6.1,7,2,0.8146344700384477,1
108,Thursday,5,5.7,8,2,0.47690921819390053,1
367,Wednesday,8,7.4,7,1,0.33266358519961226,1
281,Wednesday,7,6.1,8,3,0.6573131273829448,1
128,Monday,4,6.8,9,2,0.18302988677785745,1
229,Thursday,5,8.8,7,0,0.175935254114605,0
111,Thursday,3,6.1,10,2,0.4743584041496654,1
136,Monday,10,5.5,6,1,0.11534064162018208,1
362,Friday,6,6.4,7,2,0.5334292048692181,0
186,Thursday,5,6.3,8,2,0.36152431603891827,0
144,Wednesday,5,7.6,8,1,0.44778834404448253,1
72,Monday,5,5.1,7,1,0.43010169964144984,0
129,Thursday,6,9.9,7,1,0.0714139336696791,0
364,Friday,9,5.8,7,1,0.2832628015285748,0
261,Tuesday,7,7.3,7,0,0.09111330816919075,0
3,Tuesday,4,7.8,7,0,0.31018108676097234,0
449,Thursday,4,6.9,9,2,0.3240223466695012,0
388,Monday,7,7.4,8,1,0.3248435510555137,0
104,Friday,5,6.8,7,3,0.5671624393383458,0
483,Thursday,6,7.5,8,1,0.09326787456585921,1
224,Monday,10,6.2,5,0,0.3080018257115362,0
320,Monday,4,5.9,9,2,0.4104746895165926,1
362,Thursday,4,4.6,7,4,0.9300754757133566,1
354,Tuesday,5,7.2,7,0,0.25277900022721933,0
491,Monday,3,6.3,8,0,0.3839296870599922,0
473,Friday,9,7.1,7,3,0.6686362491317522,1
10,Tuesday,4,6.3,7,0,0.6478727347923282,0
405,Wednesday,5,8.2,6,2,0.38762619656059166,0
384,Tuesday,4,6.5,7,1,0.271575253301386,0
302,Thursday,3,6.0,8,2,0.6596654385750121,0
231,Tuesday,6,6.2,7,1,0.6396038805180042,1
219,Sunday,5,8.0,8,0,0.322959093145913,1
411,Friday,3,10.0,8,0,0.2407788390866748,1
66,Monday,6,8.3,8,1,0.09465586814192245,0
425,Wednesday,7,5.3,7,3,0.7236246510322543,0
112,Wednesday,6,7.0,8,0,0.0843400891873811,0
13,Thursday,8,5.8,5,1,0.5242352485072324,1
393,Saturday,10,6.9,7,1,0.2850839972082995,1
500,Thursday,8,6.3,6,1,0.5893490205274531,1
420,Monday,7,6.6,7,1,0.5429527930567949,1
86,Friday,8,7.8,6,3,0.4097176127512467,1
234,Monday,10,6.4,7,2,0.37919105156309363,1
90,Friday,4,6.9,9,0,0.09928011701881903,0
314,Friday,8,6.7,5,0,0.42910032886809935,1
54,Tuesday,5,5.9,7,2,0.7486236289417649,0
12,Tuesday,7,6.1,8,2,0.595434666804228,1
209,Friday,4,6.0,10,2,0.5832091507627198,1
462,Friday,8,7.5,6,2,0.3138742484262455,0
14,Wednesday,7,6.3,6,3,0.855435691660254,1
121,Tuesday,9,8.8,7,0,0.059196963731962204,0
418,Thursday,6,5.8,8,2,0.3394479575766763,0
437,Monday,6,5.8,7,2,0.7541735156224657,0
377,Monday,6,5.4,7,1,0.36253077323050875,0
20,Monday,10,6.6,6,2,0.7009108150767172,0
75,Tuesday,8,6.1,5,1,0.3914178615897591,1
400,Thursday,9,6.3,7,0,0.1721458073326753,0
243,Sunday,8,8.6,7,1,0.20598938042196147,0
223,Friday,8,6.5,5,2,0.7144784051530971,1
70,Monday,4,6.2,10,0,0.18209349908243133,0
312,Thursday,5,7.0,8,0,0.49963136054413426,1
211,Thursday,5,6.9,7,1,0.382480749204811,0
101,Monday,7,7.6,7,0,0.49374934210387367,0
186,Sunday,6,8.4,6,0,0.22341390266930744,0
132,Wednesday,3,7.2,7,3,0.5064459274745199,1
111,Sunday,7,8.5,7,1,0.3342298346174688,0
381,Wednesday,2,5.9,7,3,0.7462085782146841,0
132,Thursday,8,6.6,7,4,0.38192317307934764,1
20,Monday,7,6.8,8,0,0.6521336388207086,1
394,Wednesday,9,6.8,5,2,0.3533238310508834,1
24,Tuesday,7,10.0,6,1,0.07438980344238792,0
227,Saturday,6,8.7,6,2,0.411015742938393,0
154,Friday,3,8.0,10,0,0.34538857433677733,0
293,Saturday,6,7.1,8,0,0.14381930595763692,0
230,Friday,5,6.6,7,0,0.148932148226441,1
469,Saturday,7,8.3,8,1,0.19329056482934687,1
310,Tuesday,6,8.5,6,1,0.1733344051402118,0
488,Wednesday,8,5.7,5,3,0.3712678839620433,0
359,Friday,9,6.1,6,1,0.417254538033355,0
405,Thursday,4,6.5,9,0,0.2728130657300742,0
202,Friday,6,7.0,7,0,0.1702704684204419,1
38,Tuesday,6,7.6,6,1,0.3046833007564894,1
430,Monday,7,7.6,7,3,0.3267862950115502,0
260,Sunday,8,7.9,6,3,0.49696275340156115,0
188,Thursday,10,5.8,6,2,0.4346201710083656,0
57,Monday,4,6.5,7,0,0.5521757797675897,1
429,Friday,3,5.1,8,1,0.3635942055822451,0
20,Sunday,7,8.6,6,1,0.7038609154004235,1
273,Tuesday,7,6.7,7,1,0.44833841948758796,0
119,Saturday,8,6.0,5,2,0.4438181755087801,1
71,Sunday,5,10.0,8,1,0.43087761045367473,0
4,Sunday,3,4.3,7,4,0.9758221516355238,1
221,Sunday,9,7.3,6,0,0.12136222613195656,1
14,Thursday,8,8.3,7,0,0.06545219621366138,0
3,Wednesday,6,6.1,6,0,0.20205336158640286,0
216,Monday,2,6.9,8,1,0.45058880512747534,0
229,Monday,5,7.3,7,2,0.3446358525764543,0
336,Wednesday,8,4.0,6,3,0.8438788563147179,0
186,Wednesday,7,5.4,7,3,0.6280689569874058,0
55,Tuesday,4,6.6,8,2,0.6444216046461656,1
500,Wednesday,8,6.6,5,1,0.7590781426719203,0
388,Tuesday,6,5.1,8,2,0.7893877241934119,1
376,Saturday,9,7.4,6,0,0.6935189083164056,1
254,Tuesday,5,7.3,6,1,0.449672678127486,1
24,Thursday,5,8.2,7,1,0.3715193432553794,1
162,Thursday,7,6.9,6,2,0.5997940203774204,0
158,Monday,6,5.6,6,2,0.7053321643424529,0
82,Sunday,5,8.1,6,2,0.7254304645147367,1
403,Thursday,10,7.5,7,0,0.2618247771895605,0
159,Wednesday,9,6.5,6,2,0.38897310749851965,0
188,Monday,5,6.2,8,1,0.3656852284121307,0
60,Wednesday,7,6.2,7,1,0.5245003912467855,1
403,Monday,3,7.5,9,1,0.4352298160548668,0
305,Wednesday,10,6.5,5,0,0.05049533268972317,0
319,Thursday,8,7.1,6,1,0.14676574734051828,1
366,Saturday,9,6.5,6,0,0.5052615718031852,1
211,Friday,6,6.8,7,2,0.5043562968797324,1
406,Monday,9,5.4,7,2,0.16084969495810755,0
152,Monday,9,6.0,5,2,0.4918968010971519,1
109,Wednesday,6,6.8,8,2,0.60151404908024,1
76,Tuesday,4,5.8,9,1,0.47619564135594333,0
30,Monday,7,6.2,7,1,0.19239439231839753,0
314,Saturday,6,8.3,8,2,0.23985673208850736,1
486,Monday,10,6.3,5,3,0.4611625683257325,1
117,Saturday,7,7.0,7,0,0.09632394633925383,0
415,Monday,7,5.6,8,2,0.2757563137580889,0
356,Sunday,8,6.8,7,0,0.39195917630621274,0
192,Thursday,7,6.7,6,0,0.3259562763790853,0
19,Friday,8,7.5,6,0,0.41851866570345186,0
432,Monday,5,4.9,7,6,0.9226841910147922,1
173,Saturday,4,8.4,9,2,0.2260790145551969,0
228,Saturday,5,6.9,6,0,0.3218987995591085,0
350,Friday,6,6.6,7,0,0.25439316253528016,1
183,Thursday,7,7.5,6,3,0.2658848283186598,1
113,Friday,7,9.4,7,2,0.08716977617929547,0
183,Monday,7,7.4,8,2,0.1804662720109947,0
481,Thursday,7,6.1,7,3,0.6404437102245774,1
146,Saturday,4,7.6,9,2,0.6090312830128735,1
319,Wednesday,8,7.2,6,0,0.1778415970187492,0
116,Monday,3,5.0,8,3,0.7390383634286698,1
113,Wednesday,4,5.4,8,2,0.5347479511462506,0
251,Friday,7,7.2,6,0,0.2782025498493368,0
476,Monday,8,7.3,6,2,0.3281902321863789,1
251,Tuesday,8,7.2,6,0,0.21105655438321708,0
303,Monday,6,7.5,6,0,0.0800348602568163,1
459,Friday,7,6.3,7,0,0.43784273046743405,1
313,Monday,4,8.0,9,1,0.2689889867436694,0
118,Friday,5,8.9,7,0,0.388962899623053,1
301,Wednesday,5,5.9,7,4,0.9550455015671405,1
161,Friday,5,5.2,7,2,0.7843818777381701,0
401,Sunday,6,7.3,8,1,0.513426805866243,0
198,Monday,6,7.8,7,0,0.08312130412493322,0
260,Tuesday,6,7.5,7,0,0.06599448864764486,1
148,Saturday,6,7.6,8,4,0.5918599076959516,1
240,Tuesday,1,3.9,7,4,0.9810668506139026,1
47,Tuesday,7,5.9,7,2,0.4786423878613934,1
475,Saturday,6,8.7,7,1,0.21280560656602623,0
399,Sunday,6,5.3,8,4,0.7321858103337693,0
198,Thursday,4,6.7,7,1,0.5551477852215618,1
47,Tuesday,10,6.0,5,1,0.2620841217644507,0
78,Wednesday,10,7.5,5,0,0.18125891700338118,1
124,Tuesday,3,4.7,8,2,0.7503046117333402,1
75,Friday,6,6.3,8,0,0.13258904278649017,0
359,Friday,8,6.9,7,2,0.46976652955130677,0
137,Saturday,6,7.0,6,1,0.5642395720946296,0
90,Monday,5,7.4,6,1,0.23601275176844042,0
400,Thursday,5,4.9,8,2,0.627270929077879,0
325,Tuesday,7,5.4,6,3,0.7145324588592046,1
500,Wednesday,10,6.3,6,1,0.5838206146707704,1
61,Friday,8,7.1,5,1,0.46951259732667894,0
138,Tuesday,4,7.3,8,3,0.6195396534941896,0
50,Thursday,5,6.9,7,4,0.410627682497742,1
259,Friday,6,5.6,7,4,0.8415564990342675,1
461,Sunday,5,6.7,7,0,0.45472944546799465,0
107,Friday,4,8.0,9,1,0.2381232827236936,0
113,Saturday,8,9.8,6,1,0.11109511694170024,1
350,Thursday,5,7.4,8,3,0.39923330559687426,0
254,Tuesday,7,7.1,8,2,0.2996807571724169,1
118,Wednesday,10,5.3,5,2,0.8204427773461894,0
493,Thursday,5,6.9,7,0,0.2332140456742527,0
198,Friday,7,4.7,8,5,0.8538831623359812,1
337,Thursday,4,8.3,10,0,0.14022297359682984,0
365,Wednesday,7,7.4,7,2,0.35405779130513104,1
51,Tuesday,9,6.6,6,2,0.5189134085677726,1
245,Tuesday,9,5.3,6,4,0.8160881356634629,1
403,Friday,7,6.9,7,0,0.31242061821294126,0
426,Friday,5,4.9,7,3,0.8989882467968826,1
35,Friday,7,6.3,7,2,0.6380331208048721,1
302,Wednesday,7,7.2,8,2,0.07900850292529019,0
410,Tuesday,7,5.8,7,3,0.6281018288799516,0
499,Friday,5,6.7,6,1,0.6084745892601515,0
69,Friday,6,9.5,8,0,0.03321803634885515,0
349,Wednesday,6,4.6,6,3,0.8117120251788126,0
320,Thursday,8,5.8,5,3,0.6679794340961344,1
421,Wednesday,8,6.4,7,2,0.5669502872894597,1
468,Friday,6,6.1,7,0,0.2899563364621015,1
49,Saturday,4,7.9,8,0,0.17275277578539397,0
405,Friday,7,7.3,7,0,0.2737695632602117,0
74,Thursday,8,6.8,5,0,0.2991250221438917,0
192,Wednesday,6,6.9,6,2,0.8264826720120952,1
261,Friday,5,4.5,6,2,0.7910709134111674,1
356,Friday,6,7.3,7,3,0.4798531087133388,0
70,Thursday,10,6.9,7,2,0.25055355854870237,0
90,Thursday,7,5.9,8,3,0.22415155568708217,0
260,Monday,9,8.6,6,1,0.18160463154630566,0
126,Sunday,5,7.3,6,2,0.3044310499748311,0
231,Friday,9,7.0,5,2,0.43658002193662454,0
295,Wednesday,8,6.7,6,1,0.5284753271364017,1
498,Thursday,6,4.7,8,2,0.7379460578529548,1
419,Monday,8,5.5,7,1,0.25785784452951666,1
129,Monday,9,6.4,5,3,0.4205834607166513,0
280,Tuesday,4,7.9,8,0,0.08228275807808846,1
313,Friday,5,6.2,6,5,0.8376292282806135,0
100,Saturday,8,7.6,7,3,0.3556732451590617,0
326,Thursday,7,7.2,7,3,0.4949899138174772,1
297,Thursday,7,5.7,7,3,0.6441576575915174,1
182,Wednesday,8,5.6,7,1,0.32480504303284885,0
174,Tuesday,7,5.9,8,1,0.3807526164846602,1
316,Monday,6,5.8,7,1,0.5093194368070235,0
364,Friday,6,5.4,6,1,0.546480592377558,0
188,Sunday,10,8.4,5,1,0.306606845779725,0
57,Wednesday,7,7.4,6,0,0.46663990866919247,1
31,Friday,9,5.4,6,1,0.21535986787680533,0
84,Sunday,9,7.6,6,1,0.10943459592139376,0
152,Monday,5,6.3,7,0,0.5670363545985035,0
473,Friday,8,6.6,5,1,0.6191963709386643,1
36,Thursday,4,6.7,9,1,0.44207017841546536,1
213,Thursday,10,4.9,6,2,0.3134627739284948,0
414,Tuesday,7,4.3,6,2,0.9229786939026352,1
408,Friday,7,6.7,8,2,0.34615745413752536,1
364,Friday,5,6.2,8,2,0.6589181945491935,1
106,Monday,5,6.4,7,1,0.35553498132568095,0
414,Thursday,7,5.9,6,1,0.6551136620980925,1
342,Monday,7,6.7,6,1,0.13273794001745712,0
220,Saturday,6,5.4,6,4,0.9371771452391374,1
391,Thursday,8,6.7,7,2,0.5316997626372247,1
163,Saturday,6,4.3,7,3,0.9182669506580678,1
439,Wednesday,4,5.8,9,3,0.38706026827545376,0
220,Monday,8,6.1,7,5,0.7107162864244326,1
270,Monday,4,4.5,10,2,0.3736022337824983,1
120,Tuesday,3,8.2,8,2,0.6517930582832446,0
394,Tuesday,7,6.6,8,2,0.1687071595788912,0
336,Thursday,4,5.8,8,2,0.6404950762172721,1
400,Monday,7,9.0,7,2,0.17713246539997568,0
182,Thursday,8,7.0,7,1,0.33791304114894216,1
479,Wednesday,8,7.1,6,1,0.5899539522539883,1
106,Thursday,7,6.4,6,0,0.2692312313257267,0
217,Friday,4,6.0,8,2,0.5649599175526628,0
205,Thursday,5,6.9,8,0,0.14234894035148493,0
70,Sunday,7,4.0,8,6,0.9077385751673154,1
44,Monday,7,4.4,7,4,0.8653159972313392,0
329,Wednesday,5,4.9,7,3,0.3899408038582205,0
301,Wednesday,6,3.8,7,3,0.945829865416431,1
228,Wednesday,8,7.2,6,2,0.1221873902652147,0
184,Friday,8,5.8,6,3,0.5021266436159637,1
107,Thursday,6,8.1,6,1,0.6126088275023936,1
84,Thursday,9,6.3,5,0,0.1883386697200193,0
338,Wednesday,4,5.5,9,3,0.6292577290143542,1
250,Sunday,8,7.1,6,1,0.33231937274671114,0
363,Sunday,8,8.5,6,2,0.28174205973886896,0
441,Tuesday,8,6.2,7,1,0.17500939693005768,1
21,Monday,7,8.0,7,0,0.06141099988100401,0
196,Saturday,5,8.5,7,1,0.2598245812421203,0
178,Sunday,8,6.5,7,1,0.5569610591464628,1
417,Tuesday,6,5.9,7,1,0.6262942987258779,0
475,Wednesday,7,5.8,6,2,0.45533865453088407,1
7,Sunday,5,5.8,7,4,0.5149588473623072,0
70,Friday,6,4.7,7,5,0.9332643538890945,1
127,Tuesday,6,5.9,7,2,0.6875473646299477,0
399,Thursday,7,3.6,7,3,0.7513956345300484,1
466,Sunday,8,5.8,7,1,0.7220023547934228,1
160,Saturday,10,7.8,6,0,0.22268856580831328,1
248,Friday,7,4.8,7,5,0.7659235384824038,1
203,Friday,5,8.0,6,1,0.2750244760800392,0
148,Tuesday,8,7.2,6,1,0.1776354620914518,1
472,Saturday,7,9.4,6,2,0.6437031737994348,1
143,Tuesday,6,8.9,7,2,0.17292924671044416,0
432,Sunday,6,8.1,7,3,0.619592779222442,1
199,Wednesday,5,5.8,7,2,0.6051077876496117,1
405,Saturday,5,5.2,8,2,0.8380416287911292,0
426,Tuesday,4,4.7,8,2,0.7696378968002194,0
154,Thursday,8,8.8,6,1,0.2842566627014471,1
492,Monday,7,4.7,7,3,0.8668530385162074,1
376,Friday,7,6.2,8,3,0.8038207330156895,1
384,Saturday,5,8.6,8,2,0.5609549851690419,0
142,Friday,9,5.4,7,2,0.14460069106382212,0
313,Thursday,4,8.0,10,0,0.06836707002825224,0
165,Monday,6,6.4,8,0,0.45692254175390806,1
314,Sunday,8,7.4,6,0,0.45488674407290774,0
21,Friday,3,6.1,9,0,0.09088168943700217,0
82,Friday,7,5.4,6,1,0.5488468071362648,0
69,Friday,5,7.3,8,3,0.42455091992389393,0
131,Friday,7,7.1,8,0,0.18210729959528252,0
87,Wednesday,6,7.3,8,2,0.33094928372799726,0
218,Friday,8,7.7,6,1,0.08624120823045124,0
421,Thursday,9,6.0,7,1,0.2944844176121108,0
472,Saturday,10,7.8,6,3,0.5059487145896026,0
305,Saturday,6,8.2,6,1,0.13632395065767536,0
403,Monday,8,7.0,5,1,0.6296521668243947,1
371,Wednesday,7,6.0,8,1,0.3604953249739137,0
345,Monday,7,6.9,7,0,0.09815080244228891,0
341,Monday,9,4.1,5,3,0.9123847628606007,1
384,Thursday,5,6.9,7,2,0.6176352349944466,0
396,Saturday,6,5.8,6,2,0.8504592912551239,0
445,Monday,6,6.5,8,0,0.09064073790502221,0
425,Wednesday,5,6.0,6,2,0.6144818146566143,1
161,Sunday,6,7.2,7,0,0.3954362282048922,1
178,Saturday,8,5.3,6,2,0.6022018398926987,1
117,Thursday,8,7.3,7,1,0.21989826294626844,0
196,Friday,6,7.6,8,1,0.11011328554952068,0
383,Thursday,9,5.3,5,3,0.6855379617074083,1
490,Monday,2,4.8,10,2,0.6752084638973473,1
327,Monday,10,5.4,6,3,0.5729502992322576,0
86,Tuesday,8,7.4,5,2,0.5529734531453766,0
289,Wednesday,6,6.4,7,0,0.5821781060276664,1
81,Sunday,7,6.9,8,1,0.023969229117048827,0
152,Friday,6,6.3,7,1,0.24133881479436,0
61,Wednesday,2,5.7,10,3,0.8574804527781713,0
61,Thursday,7,6.9,7,3,0.6448672003442444,1
354,Tuesday,8,8.3,6,1,0.233938761639392,0
28,Friday,8,5.4,5,2,0.734620294512925,1
442,Saturday,7,7.9,8,1,0.19719526195876463,0
43,Tuesday,8,6.4,6,0,0.16275710574760544,0
169,Monday,7,6.4,7,0,0.2447995924799,0
423,Thursday,7,8.1,8,2,0.2581150897192974,0
86,Thursday,5,7.7,7,1,0.4858444751354833,1
177,Wednesday,6,6.5,8,1,0.33235497697536726,0
17,Friday,6,7.6,7,1,0.27746692809593165,0
98,Thursday,7,4.4,7,7,0.9819381725764219,1
454,Tuesday,8,3.8,5,4,0.888060178289055,1
494,Wednesday,5,5.6,7,2,0.6537331427794371,1
198,Wednesday,4,5.3,9,2,0.6910130193786387,0
98,Saturday,9,6.9,6,0,0.4121060739749839,1
65,Sunday,5,8.5,7,1,0.2752713109449305,0
330,Saturday,7,6.9,6,1,0.521066001517714,0
341,Friday,7,7.6,6,0,0.21779899555307536,0
5,Thursday,6,7.6,8,0,0.1737547593652276,1
2,Friday,8,4.4,6,3,0.8956966034215438,1
22,Sunday,4,8.0,8,2,0.42377871560103775,1
112,Tuesday,10,7.9,6,1,0.1193760852884092,1
57,Thursday,10,8.0,6,2,0.3214188634831356,0
66,Friday,9,6.4,5,2,0.3214296705399567,0
330,Friday,5,6.6,7,2,0.633006733462932,0
98,Tuesday,2,6.7,8,1,0.5570921003122842,1
144,Thursday,7,6.4,6,1,0.4941588698960893,0
368,Friday,4,5.3,9,3,0.8683631679692531,0
435,Wednesday,6,5.6,7,1,0.49294648008155284,1
125,Friday,10,7.3,6,1,0.22209059376315274,0
167,Wednesday,10,6.4,6,0,0.13259507464278042,0
86,Sunday,10,7.4,6,0,0.22971011378106662,0
76,Thursday,7,7.9,7,2,0.5322235201233105,1
344,Thursday,8,6.6,6,3,0.9107798308817512,1
495,Monday,3,5.2,10,1,0.15448452603352092,0
424,Tuesday,4,9.2,10,3,0.11082869510012082,0
294,Thursday,6,6.2,8,0,0.34728580770595485,0
444,Wednesday,8,6.1,6,1,0.6022021281098234,0
59,Thursday,6,6.9,8,0,0.15017023904284954,0
138,Monday,8,6.4,5,0,0.3591677808325101,0
99,Saturday,4,7.2,9,0,0.5462327192824032,1
192,Friday,7,5.9,7,1,0.47091029150297486,0
243,Tuesday,8,7.7,5,1,0.21187050669506374,0
319,Thursday,8,7.9,5,0,0.07887392914116337,0
49,Saturday,6,9.4,7,0,0.09112123872678134,0
448,Friday,7,8.9,6,2,0.4122029477429393,1
32,Tuesday,3,4.2,8,6,0.9547442129985999,1
391,Friday,6,7.3,7,0,0.23542791421409714,0
277,Tuesday,9,5.1,6,2,0.6455756854510812,0
20,Tuesday,6,8.1,6,1,0.7849921628504961,0
154,Tuesday,5,6.9,8,0,0.41632328577256245,0
383,Thursday,8,5.7,7,1,0.4996624336202598,1
68,Monday,10,5.2,6,2,0.47388630539040555,0
366,Sunday,10,6.5,5,2,0.4714345767151771,0
372,Wednesday,7,5.6,6,2,0.6527041316569484,0
214,Tuesday,8,8.1,6,2,0.17434993947329838,0
143,Thursday,10,6.6,7,3,0.19922074386406124,1
376,Tuesday,7,5.4,6,2,0.9104341400500079,1
232,Thursday,7,7.1,8,1,0.13773451103991952,1
213,Wednesday,6,7.0,7,0,0.13721657525617545,0
79,Monday,10,6.4,7,3,0.2054626460436308,0
214,Tuesday,8,8.1,6,3,0.6020322734617889,1
116,Wednesday,6,7.3,8,2,0.556719309455722,1
92,Monday,5,7.2,8,0,0.21680175443682093,0
270,Friday,3,4.4,8,3,0.5800352530418448,1
411,Thursday,3,6.2,8,1,0.3586844772164698,1
381,Thursday,5,7.4,6,2,0.633939447600934,1
489,Thursday,8,7.0,6,0,0.28652060129834167,0
168,Thursday,7,6.7,7,0,0.10160277871067844,0
58,Sunday,4,8.1,7,0,0.2490778209737833,0
284,Monday,5,7.1,7,1,0.6498001018973837,1
26,Monday,7,7.6,6,3,0.2573198616788946,0
369,Tuesday,10,7.1,5,1,0.34107216342097524,1
447,Tuesday,4,7.5,8,1,0.20042565573379378,0
66,Tuesday,7,7.5,6,2,0.2559595239851205,0
409,Friday,6,6.6,7,1,0.21508987936824697,0
248,Wednesday,6,6.7,7,0,0.4053810295464533,1
254,Sunday,4,7.5,9,1,0.18417160997899165,1
387,Tuesday,8,5.2,5,2,0.6592579185722617,1
456,Tuesday,6,4.8,6,3,0.7497144076333417,1
44,Sunday,6,8.0,8,3,0.47080893722733097,0
97,Saturday,8,8.1,5,2,0.6204806800498287,1
42,Wednesday,9,6.7,5,1,0.12676442759815956,0
500,Thursday,5,7.1,6,0,0.5456023543129901,1
227,Saturday,7,8.2,7,2,0.5618137185731362,1
262,Thursday,8,7.2,5,2,0.3902956367098202,1
167,Tuesday,6,7.4,8,2,0.3119021592033151,1
436,Saturday,8,5.8,5,1,0.49052127365221276,0
279,Thursday,6,8.7,6,0,0.10230376073045654,0
89,Monday,6,7.1,8,2,0.3869173326409624,1
379,Thursday,5,7.8,6,3,0.8713482740913703,1
178,Wednesday,10,7.4,6,1,0.3492664528436644,1
427,Saturday,6,6.2,7,0,0.4197636036457918,0
403,Monday,5,5.9,6,2,0.8467146096315357,0
197,Saturday,4,6.8,10,3,0.5448905595413419,1
307,Thursday,7,8.1,7,0,0.03189236787093837,0
267,Wednesday,4,5.5,8,1,0.43436165847122005,0
268,Tuesday,5,5.2,7,1,0.6943745689991673,0
74,Friday,8,7.2,5,3,0.6865228412673029,0
8,Sunday,7,9.5,8,2,0.141093822241322,1
408,Wednesday,4,5.7,9,2,0.3457284777853115,0
476,Tuesday,8,8.4,7,0,0.05846650689883052,0
297,Thursday,7,7.6,7,0,0.12176588298438756,0
164,Friday,9,6.2,7,1,0.6493525352431233,1
485,Monday,9,5.1,5,2,0.46418924126070193,0
85,Thursday,3,6.3,7,1,0.7449220369761027,1
72,Thursday,8,5.8,7,4,0.6182989452542862,1
55,Tuesday,10,8.1,5,1,0.5359779716193447,1
393,Wednesday,7,6.7,8,0,0.2122139478279335,0
47,Tuesday,8,7.3,5,1,0.2600091053951544,0
399,Friday,7,7.3,6,0,0.11707474210095672,0
432,Thursday,8,5.9,6,2,0.6517601846826503,1
238,Thursday,7,6.8,8,0,0.17608163022693307,0
104,Wednesday,2,7.9,10,1,0.16173470372462526,0
210,Tuesday,6,6.6,8,0,0.32922434416270463,0
42,Saturday,6,7.1,7,1,0.30062174653554236,0
316,Wednesday,8,7.5,6,2,0.3621346052455445,0
468,Thursday,9,5.1,7,2,0.3034079465104794,0
454,Thursday,6,4.1,7,5,0.9033464111458217,1
268,Wednesday,4,7.0,10,2,0.3959603720900021,0
386,Tuesday,7,7.9,7,1,0.1219640031663916,0
263,Monday,5,8.9,6,1,0.5267479719756646,0
336,Monday,5,6.9,7,0,0.3787078043019494,1
387,Friday,10,7.7,6,2,0.10526884979954854,0
365,Tuesday,5,8.3,7,0,0.10978038433206933,0
259,Monday,3,6.7,9,0,0.3176711609899669,0
283,Friday,8,5.9,7,3,0.2906290626418925,0
114,Monday,8,5.8,5,5,0.8631834356766472,1
363,Thursday,8,6.3,6,3,0.47586968834674637,0
40,Wednesday,8,8.4,7,0,0.24484347409852128,0
486,Monday,7,7.8,8,2,0.5259588171590353,0
417,Wednesday,7,6.4,6,3,0.5939001929939294,0
220,Monday,8,8.2,6,1,0.15791648846563466,0
129,Saturday,10,7.9,6,0,0.2454379339030952,1
8,Thursday,4,6.4,10,1,0.29843228096189495,1
101,Monday,5,6.9,8,0,0.5988144283825384,1
416,Tuesday,8,7.2,6,1,0.3865617016550407,1
380,Wednesday,7,6.9,8,5,0.5861053256988734,1
176,Tuesday,3,8.8,10,1,0.07753637990484051,0
107,Tuesday,5,6.5,7,0,0.6313130640796719,0
101,Thursday,7,5.0,7,2,0.8379524503237763,1
260,Saturday,7,7.8,7,0,0.2879661271992388,1
478,Wednesday,6,6.4,7,0,0.3131159134602811,0
454,Friday,10,5.1,6,2,0.6574075824681441,1
366,Saturday,6,8.2,7,4,0.45458301227803605,1
246,Tuesday,7,3.5,7,3,0.8004605614132307,0
275,Saturday,7,7.7,8,2,0.6684563489478179,0
32,Friday,7,3.9,8,3,0.8303574163181506,1
137,Wednesday,7,6.7,8,0,0.19278696009219126,0
12,Sunday,2,8.1,9,1,0.6249714239716623,0
395,Tuesday,5,7.6,7,3,0.4810023987453176,1
302,Tuesday,6,7.7,7,1,0.3525447859224777,1
375,Friday,8,5.4,5,3,0.6799840564981972,1
16,Wednesday,6,6.9,7,0,0.12554582638091172,0
129,Wednesday,5,5.9,8,2,0.48348376128544707,1
63,Tuesday,8,5.8,5,2,0.5368558681784555,1
109,Friday,9,6.6,6,1,0.5812846896001762,1
375,Friday,3,6.2,7,0,0.1810911439921541,0
21,Thursday,7,5.5,8,5,0.4609402474361417,0
158,Sunday,1,7.8,8,0,0.520329992154484,0
269,Tuesday,6,7.4,7,0,0.21590535511018638,1
162,Tuesday,10,5.7,6,1,0.455397166072864,0
260,Friday,7,6.5,7,2,0.3411510364417824,1
412,Friday,4,6.5,9,4,0.5192496614749915,1
102,Tuesday,4,6.5,8,3,0.6394322931148673,1
223,Monday,5,6.6,7,1,0.6216538279269901,0
59,Saturday,5,7.7,8,5,0.7547390411691958,1
247,Sunday,3,8.8,9,0,0.3482984171196359,0
128,Friday,7,6.9,6,1,0.1930649562812602,0
283,Tuesday,8,6.1,6,0,0.17598798428821738,1
325,Sunday,6,7.4,7,0,0.6670689639276284,0
25,Saturday,10,6.1,6,0,0.6770910332875978,1
131,Thursday,6,5.6,6,4,0.8515820129160739,1
353,Saturday,9,7.9,6,2,0.16302224519344874,0
196,Saturday,4,3.6,7,5,0.9629774845261261,1
281,Sunday,7,7.1,8,2,0.17901397422064172,0
404,Saturday,7,8.5,8,2,0.5083286301801687,0
418,Friday,5,7.2,8,2,0.6498224361240246,1
154,Thursday,7,7.7,7,2,0.6950197363213166,0
382,Wednesday,5,7.1,8,1,0.16137744708816337,0
133,Thursday,6,9.1,7,0,0.17556603773790144,0
227,Friday,6,5.2,7,1,0.7893006226205291,1
189,Sunday,4,7.5,10,1,0.22402785328227653,0
476,Wednesday,8,7.6,7,3,0.30788655093089656,1
477,Thursday,8,6.2,6,1,0.4000839094807507,1
265,Wednesday,6,8.1,8,1,0.07456423423714725,0
372,Friday,7,7.4,8,0,0.20584097607912286,0
486,Thursday,5,4.9,7,2,0.8215802337744053,1
434,Monday,4,7.1,8,1,0.5133736134513621,0
134,Thursday,6,7.4,7,0,0.18662689434628205,0
211,Monday,8,8.7,5,2,0.45612382427631576,0
60,Monday,6,6.5,8,1,0.40070042968211395,0
428,Friday,6,7.4,8,0,0.1132796834542847,0
377,Tuesday,7,7.0,7,2,0.47340474266331134,1
395,Wednesday,5,6.0,8,2,0.5113326857138317,0
450,Monday,4,6.3,8,1,0.32692273236241165,0
431,Tuesday,6,4.1,8,4,0.8477917531307787,1
364,Friday,5,6.1,8,3,0.6609388636686993,0
364,Thursday,4,8.6,7,0,0.2504164676200084,0
457,Saturday,8,7.2,5,1,0.6650377418002649,1
213,Wednesday,10,7.7,5,1,0.08394456377576939,0
216,Tuesday,3,7.0,9,2,0.2857746023288797,0
226,Wednesday,6,7.2,6,1,0.3703490947650268,1
470,Friday,7,9.1,6,0,0.06075889474540996,0
131,Thursday,3,6.2,8,2,0.5768546990093895,1
76,Sunday,6,6.9,7,1,0.30198664724180013,0
476,Thursday,6,8.0,8,0,0.10205898145414738,0
286,Thursday,7,6.6,8,1,0.49454881550969443,1
474,Friday,5,6.4,7,0,0.42974664097452403,0
496,Sunday,5,8.5,6,2,0.6595755110444981,1
277,Wednesday,8,7.0,6,0,0.3323832421986798,0
156,Tuesday,7,6.5,6,1,0.3515655121198243,0
248,Thursday,8,6.3,6,2,0.687571040747123,1
218,Thursday,3,5.7,8,3,0.4258954365614473,0
190,Sunday,5,5.5,7,4,0.8961062615701234,1
417,Wednesday,10,8.0,5,4,0.4882439014439518,0
469,Monday,6,6.2,7,2,0.41780004491102607,1
163,Sunday,6,5.4,6,1,0.8047672270908085,1
180,Saturday,6,9.5,7,1,0.45731081029362464,1
34,Tuesday,10,6.8,6,4,0.2108398467116763,0
41,Sunday,5,7.4,7,2,0.2759498517940456,0
307,Wednesday,8,4.8,7,2,0.3858865990834021,1
431,Wednesday,7,7.4,8,1,0.11541151366428967,1
338,Sunday,4,6.8,8,0,0.6415081360522749,1
314,Thursday,6,6.1,7,0,0.2730668906658822,1
75,Monday,5,7.2,7,3,0.5498649691029843,1
441,Wednesday,4,6.8,8,1,0.37603786480956725,0
279,Friday,9,5.5,5,4,0.6574238329331509,1
176,Tuesday,4,5.0,7,3,0.7469015447439927,0
384,Thursday,8,6.9,7,2,0.4808564046153311,1
150,Friday,5,6.8,6,1,0.4954115762368414,1
273,Wednesday,9,9.8,6,0,0.09523623360052752,0
325,Friday,6,4.0,8,6,0.972268194302719,1
108,Saturday,7,7.6,8,2,0.610071939189093,1
139,Wednesday,5,4.8,7,2,0.857018874405176,1
350,Wednesday,2,6.2,7,0,0.6050623551275391,1
271,Tuesday,3,6.2,9,0,0.3944609016833644,1
347,Thursday,3,7.4,9,0,0.08359136164995462,0
419,Saturday,7,8.1,8,0,0.12693385551149497,0
289,Wednesday,6,8.3,7,2,0.6982192441386694,1
212,Wednesday,8,7.0,6,0,0.34225482186036815,0
381,Wednesday,5,7.9,7,1,0.2340997306837342,0
272,Thursday,2,8.4,8,5,0.8144569413784357,1
418,Tuesday,9,7.0,6,0,0.42825696971305727,0
66,Saturday,8,8.8,6,1,0.22971892026283927,1
483,Tuesday,7,7.0,6,2,0.4091532753056819,0
424,Friday,9,6.7,6,0,0.25520159479483395,0
248,Thursday,6,5.9,6,1,0.5335895244527935,0
156,Thursday,7,7.2,8,2,0.22761593364370514,1
47,Tuesday,5,7.1,8,2,0.32809819651892647,0
423,Friday,4,7.1,9,0,0.2554657291870469,0
454,Tuesday,3,8.1,9,4,0.6109958120299726,0
201,Monday,5,7.8,8,1,0.1934722201587846,0
148,Thursday,10,4.9,5,3,0.7469217133925053,0
124,Friday,3,5.0,8,3,0.7933565694050437,0
1,Monday,5,6.8,7,1,0.6909021557964934,1
456,Monday,7,5.5,6,1,0.6271032727659374,1
247,Saturday,10,7.3,7,2,0.446751362290412,0
343,Saturday,4,6.3,7,2,0.9540527908271078,0
128,Tuesday,5,6.8,7,2,0.4254844429347496,1
191,Thursday,8,5.5,6,4,0.9064135601498358,1
67,Wednesday,8,7.2,5,0,0.19377883763821496,0
4,Thursday,5,5.4,6,4,0.9275991588513721,1
442,Saturday,5,7.6,7,0,0.24965707734460565,0
409,Monday,7,4.7,6,3,0.5180620252355459,1
303,Friday,6,5.3,8,2,0.3031246621791704,1
294,Thursday,7,7.5,6,0,0.3202445203385299,1
143,Thursday,6,8.2,6,0,0.1383860834749661,1
191,Friday,7,7.8,8,0,0.46212532532745415,0
21,Sunday,7,8.3,7,0,0.16777021869293957,0
227,Monday,3,8.5,10,2,0.24104816958729863,0
313,Monday,6,7.9,8,0,0.21708177833735742,0
117,Tuesday,7,4.9,8,2,0.21827393503498851,0
437,Sunday,8,8.5,7,1,0.2883106098178318,0
302,Friday,6,7.8,6,0,0.1671222320866937,0
500,Thursday,3,4.5,9,4,0.913083666932454,0
142,Monday,9,5.9,6,1,0.5452415367108834,1
484,Saturday,8,9.3,6,2,0.3705981413128765,1
460,Saturday,7,7.2,7,1,0.4035727286991069,1
401,Friday,6,5.3,6,1,0.6561102763952734,1
39,Wednesday,8,7.7,6,1,0.386919683371026,0
393,Monday,6,6.4,6,2,0.5104046983771172,0
355,Thursday,8,6.2,5,1,0.25845525151228665,0
252,Friday,10,7.7,6,1,0.29192317763946124,0
333,Monday,6,7.2,8,1,0.08592233589986426,0
207,Thursday,8,6.6,7,2,0.5737865957817049,0
210,Tuesday,5,7.1,7,0,0.24620861512152176,0
115,Friday,9,6.5,7,6,0.8247770968550664,1
225,Thursday,6,7.8,6,1,0.5828525591084167,1
134,Monday,9,5.0,6,2,0.6744395934572455,1
251,Thursday,6,6.5,6,4,0.7125734099690215,0
219,Wednesday,5,6.2,7,6,0.7459117585943073,1
407,Tuesday,6,7.1,8,2,0.5249410112558931,1
443,Saturday,6,6.0,6,2,0.8986835883673094,1
91,Monday,7,8.5,7,0,0.0401705209219451,0
354,Tuesday,6,5.8,8,4,0.8358987527327273,0
376,Monday,7,8.0,8,3,0.39468900978269106,0
46,Monday,7,7.4,6,4,0.8185666081724127,1
38,Tuesday,6,7.0,6,0,0.35447813808544204,0
142,Monday,7,7.0,6,0,0.46464249109324013,0
100,Thursday,5,4.5,6,4,0.9005815614023323,1
328,Monday,10,6.1,6,0,0.44515014696487065,0
190,Friday,7,10.0,7,2,0.33947794355715216,0
35,Monday,8,7.0,6,2,0.3330721708294521,1
147,Monday,6,7.2,7,1,0.8119332238226065,1
30,Tuesday,5,4.4,6,5,0.8163349093007329,1
334,Saturday,8,7.1,6,2,0.6028803236621257,1
84,Friday,7,6.3,7,3,0.3146278470402882,0
369,Friday,1,5.8,7,1,0.6495997940554855,1
281,Monday,10,7.4,7,2,0.198599168380214,0
424,Saturday,8,6.9,6,1,0.45432666371202707,1
344,Monday,6,5.8,7,2,0.8060770009244997,1
270,Tuesday,8,4.9,5,3,0.3608105856798113,0
154,Thursday,7,5.4,7,2,0.7053196006934837,0
102,Wednesday,7,5.5,8,4,0.8255558170224674,0
215,Sunday,5,7.0,8,1,0.4342882903676704,1
150,Monday,7,6.1,6,1,0.3906485893207776,0
432,Sunday,7,6.6,8,0,0.36933799960328395,0
83,Thursday,9,4.7,5,2,0.829114378642474,1
110,Thursday,7,5.5,8,2,0.5089771064208989,1
435,Monday,7,6.9,8,0,0.37884718112451665,0
387,Tuesday,5,8.5,7,1,0.1776296966835236,0
426,Sunday,7,9.3,8,0,0.24662619557115267,1
275,Wednesday,8,9.1,6,1,0.2625827367330308,0
201,Friday,5,7.0,7,2,0.5203330221136538,0
284,Sunday,6,7.3,7,0,0.6356565750526071,1
468,Tuesday,5,7.5,8,1,0.2369795104030537,1
173,Thursday,4,6.3,9,2,0.4691794328404502,0
327,Friday,5,7.7,7,1,0.6250221761819463,1
206,Tuesday,8,6.5,5,0,0.29910058943055823,0
63,Monday,6,7.0,6,0,0.3329729575383953,0
73,Wednesday,5,5.8,6,1,0.7409115050028413,0
251,Wednesday,10,7.9,5,0,0.2322066450613398,0
124,Friday,5,5.5,7,5,0.8645986623038825,1
375,Monday,8,5.9,5,2,0.5969197945348762,1
121,Sunday,7,7.0,6,2,0.3920929139271163,0
275,Monday,7,5.7,7,4,0.891242260552489,1
431,Thursday,3,7.4,7,0,0.23249992030934807,0
500,Thursday,9,6.9,7,0,0.24021210240251606,0
398,Monday,7,5.5,6,3,0.807989610603266,1
120,Monday,8,6.1,6,2,0.7271806906843717,1
422,Friday,9,6.9,6,2,0.2291393116108837,0
437,Saturday,10,7.6,5,2,0.6426930496622937,1
317,Tuesday,5,5.6,8,2,0.711883099819456,0
164,Wednesday,5,6.7,7,1,0.5619339516771223,0
424,Wednesday,5,7.4,7,2,0.5379376784505413,0
465,Monday,5,6.3,8,1,0.6157853215381134,1
286,Friday,9,5.5,7,3,0.6817431254596286,0
265,Saturday,4,9.0,9,3,0.5203993367923823,1
320,Tuesday,6,7.5,7,2,0.2279553407593464,0
161,Sunday,3,6.9,8,0,0.3147896708206395,0
376,Monday,8,6.8,6,1,0.3502352497319756,0
308,Friday,6,6.3,6,1,0.37151886832620507,1
89,Wednesday,8,5.5,6,1,0.5312454215438353,1
142,Wednesday,8,7.5,6,2,0.3313684953625801,0
203,Wednesday,3,8.7,9,1,0.1621895968600434,0
309,Tuesday,7,7.8,8,1,0.31904022672594223,1
227,Friday,4,7.0,10,0,0.19358528458967567,0
489,Friday,7,6.3,8,1,0.11266211666701534,0
443,Tuesday,5,3.5,7,4,0.9805652858510948,1
334,Saturday,10,9.3,5,2,0.31906647937403737,0
222,Tuesday,10,5.9,7,2,0.1691590410070004,0
41,Friday,6,7.7,6,0,0.09522233475967923,0
196,Monday,7,7.8,6,0,0.05202250066586969,0
68,Tuesday,2,7.8,9,2,0.385195512387736,0
476,Tuesday,3,5.0,9,3,0.6719969960992546,1
264,Thursday,7,7.9,7,3,0.20534091662921872,1
2,Friday,6,6.1,7,0,0.2820704209191185,0
361,Wednesday,7,6.6,8,2,0.19777909784134806,0
125,Monday,5,6.6,8,1,0.2936880070691006,0
110,Wednesday,7,6.0,7,2,0.5590204467456573,0
86,Friday,1,6.3,8,1,0.7719298927194498,1
425,Friday,5,6.9,7,3,0.6116322010740346,1
120,Tuesday,7,5.6,6,2,0.8127364317461061,0
127,Monday,10,4.7,7,2,0.4402232676675937,1
255,Friday,6,7.8,8,0,0.07231265735870403,0
183,Monday,8,7.0,7,0,0.04855052434588733,0
16,Monday,5,4.5,7,4,0.7465209942012256,1
477,Monday,7,7.2,8,0,0.24660812996111822,0
62,Wednesday,6,6.5,8,3,0.5759205255150835,1
369,Thursday,10,5.1,7,3,0.21373335638492585,0
432,Thursday,6,6.0,8,2,0.38640030470413606,0
158,Tuesday,6,7.1,8,2,0.6385549531157477,1
268,Friday,8,5.5,5,1,0.6474104085520583,1
35,Tuesday,8,5.5,7,2,0.33591322358724746,0
267,Saturday,6,6.7,7,0,0.42475126464045027,1
64,Thursday,7,5.6,7,3,0.8580413880227492,1
494,Thursday,4,5.4,9,1,0.4365752019466337,0
50,Tuesday,7,5.4,7,2,0.41030507959974366,0
469,Monday,8,7.2,5,3,0.6178319496865861,1
255,Wednesday,6,5.6,8,2,0.43165213456718254,1
149,Thursday,6,8.0,8,1,0.26805513578214923,0
325,Monday,5,9.3,8,1,0.2607639145465446,0
304,Sunday,4,7.2,9,0,0.252166761691454,0
276,Sunday,7,9.8,8,0,0.14635871945375234,0
357,Thursday,6,7.4,8,0,0.17286445841714101,0
451,Sunday,8,7.6,5,1,0.2537183212088406,0
172,Tuesday,6,6.6,7,0,0.28408957245147515,0
417,Monday,8,4.4,6,3,0.8258766121288127,1
201,Monday,3,6.2,8,1,0.29548232031833843,1
445,Thursday,4,5.4,9,2,0.5031862153870118,1
393,Monday,5,7.8,7,2,0.3781892864180229,1
324,Sunday,9,9.5,7,0,0.0927769854053213,0
35,Monday,7,7.0,7,1,0.4399827077991383,0
465,Tuesday,6,7.0,7,1,0.6383428711043868,0
482,Saturday,6,8.6,7,0,0.5349773982957785,1
216,Tuesday,8,6.8,7,0,0.3091391806712469,0
480,Tuesday,5,8.1,7,2,0.1320686948097147,0
65,Friday,8,9.5,6,2,0.27843426422695183,0
8,Tuesday,6,8.4,8,0,0.08932837771232131,0
301,Tuesday,9,6.0,6,4,0.8848236085213717,1
343,Tuesday,5,7.7,7,1,0.8119804899597683,1
431,Thursday,6,5.9,7,2,0.5127980899723051,0
424,Sunday,5,7.1,6,2,0.5532581908677696,1
332,Saturday,10,9.4,7,1,0.12299615091458879,0
438,Tuesday,7,5.5,7,3,0.43711829590643697,1
76,Wednesday,4,6.2,10,3,0.6712440760852597,0
174,Wednesday,5,8.1,7,2,0.42476493932213555,1
47,Sunday,8,6.4,7,0,0.14302723405196535,1
15,Tuesday,3,4.4,9,3,0.5426422497629176,1
361,Wednesday,6,4.9,6,3,0.8180928373260753,1
147,Friday,5,6.0,6,1,0.7569122358280517,0
26,Sunday,6,7.4,6,2,0.5131296183490851,0
308,Monday,7,6.3,8,1,0.09826337812915577,0
93,Tuesday,6,6.1,6,2,0.48381134582018126,0
406,Tuesday,6,6.8,7,0,0.0759894292191506,0
232,Monday,7,6.1,7,1,0.2017144301922604,0
21,Thursday,10,5.9,7,3,0.3292779105978304,0
307,Friday,9,7.0,7,2,0.12971096027600285,1
38,Thursday,6,6.8,8,2,0.37298710980965627,0
276,Monday,8,7.9,5,2,0.4047132536797247,0
157,Monday,8,9.1,6,0,0.10284503855977735,0
179,Tuesday,6,4.2,7,3,0.8340689517099598,1
132,Tuesday,6,7.3,8,0,0.24996549418285252,0
311,Friday,8,6.9,6,0,0.14295174239730185,1
455,Monday,5,8.2,6,0,0.10379735796145685,0
348,Monday,6,6.1,7,4,0.741621396971701,1
28,Wednesday,6,6.2,6,0,0.38865158434652336,0
260,Wednesday,6,5.2,8,2,0.6546419113460231,1
406,Wednesday,6,7.9,8,4,0.20406382374075158,0
76,Saturday,7,7.6,7,3,0.5769889835751426,0
429,Monday,7,8.1,8,0,0.08070332311853766,1
67,Friday,8,6.2,7,0,0.2607498343799107,0
342,Wednesday,10,5.9,5,2,0.42282390129709596,1
492,Tuesday,5,7.6,7,1,0.7899786486524328,1
194,Sunday,7,7.0,7,1,0.22721640324445308,0
472,Tuesday,8,7.5,6,0,0.20725934437208363,0
162,Friday,9,7.3,6,1,0.2859429944755427,0
347,Tuesday,7,6.8,7,0,0.19194080866516425,1
439,Thursday,4,6.0,7,1,0.27393798514066403,1
361,Friday,5,7.1,6,3,0.568637100026973,0
257,Saturday,7,6.5,7,0,0.4326605102433344,1
72,Saturday,5,7.5,7,1,0.5461773709739014,1
87,Thursday,4,8.7,7,1,0.3391181914718263,1
422,Tuesday,5,8.2,7,1,0.23409403916836416,0
262,Friday,5,6.1,7,2,0.48496040910357835,0
214,Friday,4,7.0,9,1,0.28443756296900424,0
153,Monday,10,6.1,5,3,0.5291000933473936,1
210,Wednesday,7,7.0,8,1,0.1819736243497615,0
401,Saturday,7,6.3,7,3,0.6980110164636879,1
61,Thursday,8,5.9,6,1,0.6350350252658662,1
268,Tuesday,10,8.9,7,0,0.15036613199548035,1
262,Saturday,7,7.6,6,1,0.28139517100376576,0
218,Monday,9,6.2,6,1,0.1037902740059488,0
283,Tuesday,5,4.1,7,2,0.8314059942824394,1
136,Friday,5,6.9,6,0,0.23254160684740194,0
467,Wednesday,8,9.3,6,2,0.2798208984657612,0
380,Friday,8,6.0,5,1,0.47667217570301723,0
362,Monday,8,6.2,6,1,0.2820423879019168,0
449,Tuesday,7,6.8,7,0,0.4861177497004536,1
441,Monday,5,5.9,8,3,0.4413653598273726,0
93,Sunday,6,10.0,8,0,0.03912728315009674,0
109,Wednesday,9,7.9,7,0,0.40027042230429244,1
241,Wednesday,5,7.5,7,1,0.28864251160200793,0
355,Monday,7,9.2,6,0,0.14107890872297035,0
424,Monday,5,8.7,8,3,0.347034264716131,0
142,Wednesday,6,6.8,7,2,0.5317668593592468,1
291,Monday,4,6.4,8,0,0.6822603268996713,1
432,Thursday,6,6.4,7,0,0.3421760160430835,0
237,Wednesday,6,6.0,6,2,0.38416077700338747,0
340,Friday,3,6.4,9,0,0.337375372242067,0
312,Friday,8,6.1,5,0,0.6206693583896072,0
177,Wednesday,8,5.3,6,3,0.710413589125487,1
141,Tuesday,7,3.8,7,3,0.9264554125579364,1
189,Friday,4,8.0,10,1,0.26114499433598226,0
486,Friday,4,3.5,9,5,0.8753883395414875,1
49,Monday,10,7.1,6,1,0.19017314674798808,0
302,Sunday,1,8.6,7,3,0.5601886050480064,1
369,Monday,4,7.2,9,2,0.129389261094744,0
190,Monday,10,6.5,6,2,0.48595306297488966,0
136,Tuesday,10,7.0,5,2,0.20814898686746164,0
43,Sunday,10,6.9,6,2,0.33634480196009353,1
404,Thursday,8,6.6,6,2,0.49489595887366866,1
380,Friday,5,6.3,7,1,0.5909884035611336,0
353,Tuesday,3,5.9,10,3,0.3643251244720188,0
90,Thursday,7,8.1,6,2,0.16039514380805817,0
295,Wednesday,5,7.7,7,3,0.7493109649851412,0
341,Saturday,9,7.2,6,2,0.5633948440790704,0
245,Monday,3,6.8,7,1,0.7893326562228067,1
433,Tuesday,7,5.8,8,1,0.1715125416107147,0
192,Monday,8,7.1,7,0,0.3339075214927426,1
318,Saturday,9,7.3,6,1,0.41559409833496597,0
106,Wednesday,8,6.3,7,1,0.236362051415763,0
363,Wednesday,7,7.0,7,3,0.368322579003952,1
310,Wednesday,7,6.8,6,1,0.19643347456888927,1
382,Sunday,8,6.4,5,1,0.48436571655875565,0
233,Saturday,7,8.5,7,1,0.285375271676032,0
265,Friday,7,7.9,7,1,0.1784547240676847,0
344,Tuesday,7,5.9,8,2,0.6596760619884781,1
37,Tuesday,6,10.0,7,0,0.01613929491215714,0
305,Sunday,4,6.3,8,4,0.4735423505867081,0
41,Wednesday,4,7.4,10,1,0.05712455502521018,0
17,Tuesday,6,7.4,7,1,0.3950099040173555,1
344,Wednesday,6,7.6,8,1,0.4778732117716818,0
277,Sunday,5,9.5,7,1,0.18847137278314025,0
307,Wednesday,4,6.4,7,1,0.39460849572263906,1
59,Thursday,6,6.8,8,0,0.3768268661279009,1
423,Saturday,8,7.9,7,1,0.527040589304237,0
183,Wednesday,2,4.7,8,4,0.7634635754202062,0
41,Tuesday,5,6.9,6,3,0.26327266049825754,0
39,Sunday,7,7.9,6,1,0.5356307675320033,0
397,Sunday,9,6.5,6,3,0.8550679497298701,0
192,Saturday,10,10.0,6,0,0.11768062130078921,0
267,Friday,6,7.0,7,1,0.4888718644431768,1
494,Tuesday,6,5.8,6,2,0.7652700294914198,1
147,Sunday,6,6.7,8,5,0.8825103163474712,1
395,Tuesday,7,5.8,8,1,0.33234170528937634,1
333,Saturday,6,6.5,7,2,0.32127791413398804,1
127,Sunday,7,7.8,6,2,0.5653526210590314,1
46,Thursday,4,7.2,8,3,0.4855422938639549,1
45,Saturday,3,7.9,9,1,0.729771334559723,0
1,Friday,8,7.5,6,2,0.49931821904617985,0
168,Tuesday,6,7.2,7,1,0.15796743406405878,0
108,Friday,8,9.3,6,3,0.31904666827368855,0
19,Monday,7,7.8,6,2,0.28373746699362445,0
332,Thursday,4,5.5,8,1,0.8139851498552746,1
72,Tuesday,10,6.7,6,4,0.3873148876828587,0
456,Wednesday,7,5.3,7,2,0.49238391908892315,1
445,Saturday,5,7.4,7,1,0.3493303317846369,0
109,Sunday,5,5.7,8,1,0.7903103417245332,1
268,Tuesday,4,6.4,8,4,0.8182247271011246,1
445,Thursday,7,6.6,7,1,0.2811376251931666,0
240,Thursday,6,5.1,7,4,0.8451476432017789,1
417,Sunday,10,7.4,5,1,0.4707128031157321,0
301,Wednesday,8,6.3,5,0,0.6129178967439858,1
90,Friday,10,5.4,6,1,0.1126671291442483,0
103,Sunday,5,8.5,6,1,0.34599115047528284,0
476,Wednesday,6,6.3,7,1,0.3150504563765684,0
250,Sunday,8,8.8,6,0,0.2160157432083794,0
453,Sunday,8,7.6,7,3,0.5741423275636197,1
8,Sunday,6,6.9,7,0,0.4819312648291767,0
153,Tuesday,4,5.5,9,1,0.28175218738941016,0
347,Wednesday,2,5.3,10,2,0.1796329408730274,0
174,Saturday,6,7.6,8,0,0.32171966188802575,0
343,Wednesday,6,7.1,7,1,0.6313830160460379,1
158,Thursday,7,5.7,7,2,0.6479112609764472,1
493,Monday,4,5.2,8,2,0.4896272057610273,0
431,Monday,5,7.5,7,1,0.2893086864656527,0
215,Wednesday,7,7.6,7,3,0.35691771759232366,1
177,Thursday,8,5.7,6,3,0.4741641053464967,0
175,Wednesday,7,6.5,6,0,0.17422388003432987,0
340,Thursday,6,7.3,7,2,0.48923786831872723,0
338,Thursday,4,5.4,9,2,0.7555607450060161,1
146,Friday,8,5.6,6,2,0.5904840681983711,1
450,Friday,8,7.7,5,2,0.1968417523921313,0
324,Wednesday,5,5.6,8,1,0.6342998395865533,1
478,Wednesday,8,6.8,5,1,0.21999124284835897,1
161,Monday,6,6.8,8,1,0.2933502570279595,0
127,Thursday,5,5.3,8,3,0.6227054595071917,1
420,Thursday,8,7.9,5,2,0.46386641588995453,1
82,Wednesday,7,4.8,6,4,0.8833320955212075,1
485,Wednesday,6,7.0,7,2,0.4427160429426268,1
147,Friday,4,6.1,10,1,0.4296505344285668,0
239,Monday,4,6.8,10,1,0.29452803949080436,0
412,Sunday,8,7.1,5,1,0.6915832830205817,1
424,Monday,7,5.3,7,2,0.6208318336930261,1
84,Sunday,4,7.0,7,1,0.4221755721043726,1
113,Wednesday,4,7.3,8,1,0.1742453594620249,0
225,Wednesday,10,6.4,7,2,0.4967927999698658,0
332,Tuesday,7,6.1,8,1,0.4112991783735337,1
378,Monday,9,4.3,6,3,0.8619151908654142,1
243,Tuesday,9,5.6,5,4,0.7505153194748083,1
143,Monday,5,5.8,7,1,0.31673554393045117,0
41,Friday,10,7.7,6,1,0.1066194615062296,0
423,Tuesday,4,6.2,10,1,0.23958109816610879,0
258,Friday,8,7.3,7,1,0.13669700305366808,0
447,Tuesday,6,5.8,7,4,0.71102593526754,1
285,Sunday,8,4.9,5,2,0.8534251484348114,1
105,Thursday,6,7.9,8,1,0.07798669092079873,0
202,Monday,8,5.8,6,3,0.5123422866761996,1
450,Wednesday,9,7.8,6,1,0.2850967862469763,0
307,Tuesday,9,6.4,5,3,0.34905899304900206,1
331,Tuesday,6,8.4,6,1,0.5398463275335733,1
461,Thursday,5,10.0,6,1,0.20399149003547729,0
266,Friday,6,7.2,6,2,0.5857776886638687,1
398,Sunday,7,5.8,7,3,0.7688617339690971,1
210,Thursday,8,7.4,6,2,0.284745838502288,0
51,Sunday,9,7.9,7,1,0.293642095409456,1
118,Sunday,5,5.9,6,1,0.7806157966802093,1
201,Saturday,5,6.6,6,1,0.5935708437111411,0
377,Thursday,4,6.2,9,3,0.7096135615479081,0
39,Monday,6,7.1,7,1,0.319110859597708,0
28,Tuesday,7,5.6,8,3,0.6375597869983367,1
259,Friday,7,5.5,7,2,0.5466567989748493,1
84,Wednesday,4,5.3,8,1,0.29768613160470003,0
454,Monday,5,4.5,7,4,0.8161007497015691,0
155,Wednesday,5,7.5,8,1,0.29197111295547645,0
117,Monday,10,6.8,5,1,0.1960991590793137,0
2,Friday,6,7.6,8,0,0.30489080635627924,0
93,Monday,4,5.8,9,2,0.3051418241618877,0
166,Thursday,7,5.8,8,4,0.6563982830249557,1
387,Friday,6,7.1,8,0,0.13252374322579322,0
400,Monday,4,7.8,8,2,0.3145547660578424,0
350,Thursday,6,7.9,7,4,0.3522881943206764,1
296,Friday,6,5.4,7,4,0.6995407666817519,1
258,Tuesday,6,7.8,7,3,0.24542390516658222,0
81,Tuesday,8,8.5,5,1,0.037536899900682166,0
425,Wednesday,8,7.2,7,2,0.10811473896875141,1
268,Thursday,7,8.1,8,0,0.29605175072519446,1
419,Thursday,8,7.3,6,2,0.29610995192267037,0
235,Monday,6,5.4,7,1,0.334448047402587,1
321,Wednesday,5,7.8,8,3,0.35211922498516607,1
311,Tuesday,7,7.2,8,1,0.12261417450048831,0
301,Saturday,7,6.2,7,2,0.8342493969133523,0
463,Tuesday,4,6.0,8,2,0.8658044679995496,1
474,Saturday,9,7.9,5,2,0.5322543046575616,1
357,Wednesday,4,9.6,9,2,0.25587296862995956,1
213,Friday,8,8.9,5,1,0.06794049665860839,0
62,Thursday,8,4.3,6,2,0.818232506476845,1
49,Thursday,1,6.7,8,0,0.4463894746408661,0
127,Wednesday,7,8.5,8,0,0.1304696692186098,0
223,Friday,10,6.2,7,1,0.24321613917332646,0
409,Wednesday,5,6.1,7,1,0.19627642780153778,0
279,Wednesday,3,6.1,7,1,0.8135945069679678,1
408,Thursday,6,7.7,7,0,0.27896200886311384,1
294,Saturday,7,7.9,7,2,0.5648176795932601,1
284,Friday,6,7.3,6,0,0.5847512426977439,0
277,Wednesday,5,6.5,7,0,0.2633094813318326,1
438,Friday,4,8.8,10,1,0.09009805565083108,0
107,Friday,3,6.3,7,1,0.6578645707372777,1
146,Sunday,3,8.5,8,1,0.4553471604346628,1
420,Saturday,6,4.9,7,5,0.9243941248171434,1
99,Friday,7,6.7,8,0,0.4346338769642688,0
429,Wednesday,7,6.1,6,1,0.3016635654762303,0
375,Friday,7,6.8,8,2,0.15355620930078914,1
73,Thursday,8,4.8,5,3,0.7973279087298849,1
437,Sunday,9,9.4,7,0,0.30629224633624375,0
486,Tuesday,7,6.9,7,5,0.7841934288451687,0
122,Monday,7,9.4,7,1,0.4241281250758435,1
30,Monday,7,7.6,8,0,0.06701788530131614,0
188,Friday,7,7.0,8,1,0.24366219662387986,0
364,Sunday,7,7.4,8,2,0.4913597607532908,0
354,Monday,7,7.5,7,0,0.1280155955113455,0
288,Friday,10,7.6,6,1,0.14068493031888074,0
451,Friday,9,7.3,5,1,0.13348405228051965,0
195,Friday,3,9.4,10,1,0.12488605155239414,0
156,Wednesday,7,8.1,7,2,0.27066104560069026,0
172,Saturday,7,6.6,8,1,0.4437209322917037,0
335,Monday,9,5.7,5,2,0.643239768958611,0
41,Friday,6,7.2,6,1,0.14451167562260422,0
63,Tuesday,7,6.9,7,1,0.13978333005938506,1
23,Wednesday,5,7.0,6,1,0.5313558852829164,0
360,Saturday,8,5.5,5,4,0.9087312588695964,1
75,Tuesday,4,7.8,10,1,0.08368796867900044,0
48,Tuesday,6,6.3,6,1,0.37639760269327627,0
160,Friday,4,9.4,8,1,0.06525279861950223,0
313,Thursday,6,7.0,8,2,0.3310881982315294,1
118,Thursday,5,6.6,6,0,0.6749007858254225,1
100,Tuesday,8,7.3,6,2,0.26166028375273676,0
380,Monday,6,5.9,8,5,0.719794162222795,1
417,Wednesday,9,8.7,7,2,0.11803442946520318,0
408,Monday,6,9.5,8,0,0.10223879349466244,0
167,Sunday,4,8.3,10,1,0.29736485808560076,0
290,Monday,6,7.5,6,5,0.8193554633180774,1
440,Wednesday,7,6.0,6,3,0.7164722914761941,1
156,Monday,10,6.7,6,2,0.340014712865166,1
421,Monday,5,7.4,8,2,0.36804373097770615,0
7,Friday,10,5.3,6,1,0.05178110811800796,0
196,Friday,6,8.6,8,0,0.08832450317758665,0
421,Monday,6,4.9,8,2,0.6313584438172698,0
56,Monday,8,4.2,6,3,0.9391997210741249,1
321,Monday,9,8.8,7,0,0.0715888680155159,0
193,Friday,8,7.6,6,0,0.2554580049778885,1
47,Thursday,4,5.6,8,1,0.29521067757014924,0
148,Monday,7,6.9,7,1,0.1800021946673441,0
275,Thursday,10,7.0,7,2,0.5322675627931004,0
157,Friday,2,6.8,9,0,0.28532034163681086,0
202,Saturday,7,6.2,8,0,0.1884494961055213,0
444,Sunday,6,7.8,8,0,0.3646629552774161,1
402,Wednesday,5,8.1,7,1,0.2036463828188717,0
476,Monday,9,4.6,7,3,0.5555976130630775,0
419,Tuesday,3,6.1,9,2,0.35380648404105064,1
427,Friday,6,5.3,6,4,0.7318551156879844,1
495,Sunday,9,6.5,6,1,0.32197334041931847,0
479,Wednesday,8,7.2,5,1,0.3654410757457148,1
475,Tuesday,8,5.1,6,2,0.5345065802645943,1
126,Wednesday,7,8.8,8,0,0.03468500730713116,0
395,Tuesday,6,6.8,8,0,0.23196669605534928,1
305,Tuesday,6,6.2,7,2,0.2690269073141075,1
369,Thursday,5,4.4,8,2,0.4617063295843173,0
294,Monday,8,6.9,6,2,0.7042437631963808,0
64,Tuesday,7,6.8,7,0,0.3737528340697836,1
325,Friday,8,5.1,7,2,0.7746284743425322,1
392,Monday,5,5.5,7,2,0.7144894496725651,0
418,Monday,5,8.8,7,1,0.11705034848454754,0
176,Tuesday,7,6.2,8,1,0.5587091811579038,0
116,Saturday,2,7.5,7,1,0.7425547134545822,1
440,Friday,1,7.4,10,0,0.2878172635997853,1
204,Monday,9,6.5,6,1,0.20877523682398155,0
486,Thursday,5,8.3,7,1,0.4823292236113065,1
321,Tuesday,7,5.8,7,2,0.22256623442139142,0
31,Friday,7,6.2,6,4,0.4091644747540002,0
388,Friday,9,6.2,7,0,0.4063242434900505,0
113,Saturday,6,6.4,7,3,0.5774207063603513,1
365,Wednesday,6,5.6,7,1,0.282029183516121,0
434,Sunday,5,7.4,8,1,0.627394918006918,1
325,Sunday,8,9.0,6,0,0.3607815579890592,0
414,Saturday,8,6.0,7,3,0.8352822100940125,1
376,Thursday,9,6.5,7,0,0.2529625033302988,0
344,Wednesday,4,7.6,7,1,0.7326159879138309,0
443,Wednesday,10,9.1,6,1,0.21258862642997176,0
67,Monday,6,7.8,8,3,0.36807532250292746,1
75,Tuesday,6,6.5,8,0,0.07864118324585138,0
45,Friday,7,6.0,7,1,0.6983481400872292,0
260,Thursday,5,8.1,8,2,0.30006587524835515,0
154,Sunday,6,8.5,7,0,0.4640424525766984,1
155,Monday,9,6.7,5,1,0.5780860663697434,0
430,Monday,9,6.5,5,2,0.39262591211832404,0
363,Friday,7,9.1,7,1,0.08358239532240418,0
448,Wednesday,9,8.9,7,0,0.06523640755592848,0
475,Monday,7,7.2,7,2,0.24675908467281688,0
234,Sunday,6,7.6,8,0,0.13106259393202935,0
51,Friday,5,5.3,7,1,0.479815243048631,0
306,Wednesday,5,6.8,6,1,0.4070574761903475,1
262,Saturday,5,8.8,8,0,0.14429009530547135,0
315,Friday,10,4.4,6,2,0.5435773794188,0
125,Friday,8,7.4,6,1,0.28028246350125174,0
399,Saturday,9,8.2,5,0,0.14308239327591513,0
245,Monday,7,7.5,7,0,0.1430813896495603,0
30,Thursday,5,5.9,7,2,0.3397025140964929,0
426,Monday,8,6.3,7,1,0.3416313696435357,0
485,Monday,9,6.0,5,3,0.7177562916591922,1
122,Sunday,8,9.8,7,4,0.7671091237701361,0
125,Thursday,4,8.6,9,1,0.1453812125872025,0
37,Friday,4,7.1,8,0,0.21568127083804456,0
170,Saturday,8,7.4,7,2,0.31788924753652475,1
124,Sunday,6,7.4,6,1,0.6265236462756338,1
357,Saturday,7,7.0,8,1,0.25148076356934257,1
35,Thursday,5,4.4,8,5,0.9137372070116229,1
87,Wednesday,7,6.7,7,2,0.4268390167959797,0
134,Monday,4,9.1,8,2,0.4101546351480473,1
196,Wednesday,7,7.1,6,0,0.1932351838075538,0
274,Wednesday,8,6.0,6,2,0.5587268144719784,1
201,Thursday,8,7.0,6,0,0.22790284790866155,0
369,Friday,4,6.4,10,3,0.509186394336376,0
285,Sunday,7,6.2,7,4,0.7580125926714597,1
77,Friday,5,5.4,7,4,0.9641476645122983,1
59,Friday,10,6.7,6,1,0.2784248561712124,0
431,Wednesday,8,4.9,6,4,0.7533338024197201,1
126,Monday,7,6.7,6,0,0.13726927832604569,0
500,Tuesday,10,6.6,5,2,0.6189377465157859,1
401,Friday,5,7.6,6,2,0.6391341475999243,1
109,Tuesday,6,6.5,6,0,0.5456572575321637,1
224,Friday,8,5.4,6,2,0.4386053267969898,0
496,Thursday,10,6.9,6,0,0.10397482578370366,0
278,Tuesday,9,8.0,5,0,0.2363706909164755,0
68,Tuesday,8,6.1,7,0,0.49289956354467845,0
69,Thursday,5,8.6,7,1,0.28214945243826184,1
165,Wednesday,5,6.8,7,1,0.8648239948590791,1
489,Friday,8,6.3,6,0,0.3228542197824743,0
305,Friday,4,5.9,8,1,0.21331094305661522,0
397,Thursday,7,6.9,7,1,0.6782739981031388,1
162,Saturday,8,7.3,5,1,0.6978727729775047,0
365,Thursday,4,5.2,9,2,0.3262746204598639,0
342,Sunday,8,9.3,7,1,0.14133484572405247,0
309,Tuesday,8,6.3,7,1,0.4053376272144026,0
379,Friday,6,8.6,6,0,0.39057167423040823,0
343,Wednesday,6,5.4,8,3,0.8428177732454158,1
435,Tuesday,3,7.9,9,1,0.4711814602239976,0
387,Tuesday,6,8.3,7,2,0.16617702830281827,0
42,Thursday,3,8.2,8,0,0.1082933503884605,0
354,Tuesday,5,7.2,6,0,0.6569226185759429,0
416,Tuesday,6,7.9,7,4,0.6851238836911754,1
109,Sunday,4,8.0,10,0,0.22360551890626013,0
51,Saturday,4,6.2,8,2,0.8746134851269954,0
250,Friday,4,7.2,8,2,0.4576262959254349,1
497,Friday,9,5.4,5,2,0.47735206137497865,1
341,Sunday,6,5.9,6,3,0.9392354594402573,1
430,Thursday,9,7.0,7,0,0.1366631763711611,0
383,Tuesday,6,6.0,7,3,0.7869905352277624,1
492,Saturday,6,9.3,6,1,0.6069412498091766,1
21,Friday,6,8.7,8,3,0.219844458847543,0
300,Wednesday,1,10.0,8,1,0.26577911935605714,1
139,Wednesday,8,5.1,5,5,0.9813135671219426,1
359,Wednesday,6,5.3,8,1,0.4988651690850619,1
324,Sunday,7,8.4,7,2,0.4618595125220506,1
499,Wednesday,2,6.3,9,1,0.6955916327549367,0
385,Sunday,6,6.5,7,0,0.306500676998252,0
92,Sunday,6,6.9,7,1,0.5112753782574152,0
447,Thursday,7,6.6,6,1,0.2636695617850098,0
280,Thursday,6,7.5,8,0,0.06134967157240031,0
125,Wednesday,6,4.5,6,4,0.8199802738797929,1
483,Monday,8,7.2,7,1,0.13622677067526792,0
397,Monday,9,6.5,5,0,0.5560591897256332,1
111,Friday,6,5.7,8,1,0.2936793512858437,0
354,Wednesday,4,8.4,9,1,0.1234781884897343,0
139,Monday,4,6.2,8,1,0.6961189611790641,1
484,Tuesday,7,6.3,7,1,0.549503972917129,0
435,Sunday,9,7.1,6,0,0.4646186873403426,1
273,Wednesday,3,8.6,9,2,0.4947186517834431,1
99,Sunday,4,7.5,9,0,0.3225962154073639,0
252,Tuesday,6,6.6,7,4,0.5456811965692745,0
338,Thursday,2,7.8,9,0,0.16813923397587252,0
104,Monday,6,4.0,6,4,0.8442838566228471,1
214,Thursday,7,6.9,6,0,0.15338447572358374,0
249,Thursday,7,7.0,7,3,0.37992391930740976,1
152,Tuesday,6,7.7,7,4,0.7814896881670654,1
250,Thursday,6,7.1,8,0,0.10197349992052818,0
275,Friday,4,5.3,8,1,0.8411056418877683,1
165,Friday,3,4.7,8,4,0.9780969945499328,1
487,Friday,6,7.5,7,3,0.45298971165051344,1
341,Tuesday,7,6.1,6,6,0.9105681273723413,1
8,Thursday,7,6.3,8,2,0.18359928796311673,0
284,Sunday,9,6.4,6,2,0.6450182044656917,0
5,Saturday,7,7.4,8,1,0.35629203199040316,0
145,Sunday,8,7.3,5,0,0.5133780093933084,0
101,Wednesday,7,5.2,7,2,0.8019594306630435,1
164,Friday,10,7.6,7,0,0.291072932596972,1
374,Thursday,6,5.8,7,3,0.6500274138901695,1
147,Monday,8,8.4,6,1,0.25636369122919783,0
64,Saturday,7,7.7,7,2,0.6222151250755072,0
91,Friday,8,6.6,6,3,0.37923185228644624,1
117,Tuesday,7,4.9,7,2,0.4522593083512525,0
354,Monday,6,7.3,6,3,0.4229600266582948,0
267,Saturday,7,7.4,6,4,0.7087425726038085,1
310,Monday,8,6.9,7,1,0.046423872693704266,0
173,Monday,8,8.3,7,0,0.09656378598125771,0
47,Wednesday,9,7.7,7,0,0.05100836978197082,0
140,Monday,7,8.0,7,1,0.14211576147229166,0
246,Sunday,4,4.5,8,3,0.9381861467371551,1
149,Wednesday,7,6.4,6,1,0.36220658649674303,1
246,Thursday,6,4.8,8,2,0.5769318527909508,1
395,Sunday,6,8.0,7,4,0.6015354130823877,0
487,Thursday,6,4.4,7,3,0.7794141721183843,1
476,Wednesday,5,8.0,7,0,0.1790173232252247,0
5,Friday,2,8.6,9,0,0.16212598971008405,0
465,Wednesday,9,6.5,7,1,0.3613090623446915,0
184,Tuesday,6,7.1,8,1,0.13312291611589927,0
20,Friday,3,8.6,10,0,0.22944305451701194,0
425,Saturday,7,9.9,7,2,0.053934931734659186,0
46,Friday,8,8.7,6,1,0.17984146713777097,0
12,Sunday,6,8.0,6,0,0.3829174066413164,1
70,Friday,4,8.6,8,0,0.2648317420204902,0
17,Friday,4,5.5,10,2,0.5596917626359569,1
371,Saturday,10,6.6,6,0,0.3359694212398562,0
147,Monday,4,7.8,9,0,0.2480533913752939,0
154,Wednesday,3,6.7,10,1,0.35991780890722297,1
304,Friday,6,7.5,6,1,0.30002110334934035,0
108,Thursday,8,7.8,6,1,0.21534288430844026,0
236,Tuesday,10,7.8,6,2,0.18548044431087585,1
308,Tuesday,6,4.5,6,3,0.6342876943761994,0
352,Wednesday,6,7.5,6,0,0.6110688848582368,1
70,Thursday,4,5.9,8,5,0.811290613185857,0
183,Saturday,9,7.7,6,2,0.08746385380866066,0
250,Sunday,6,6.9,7,0,0.2987643933454547,0
228,Friday,6,6.2,8,1,0.168659307166129,0
102,Saturday,7,6.7,7,0,0.3949013700326184,0
75,Wednesday,7,7.6,6,2,0.163395788240062,0
417,Wednesday,6,6.5,6,1,0.4559420594254154,0
446,Wednesday,9,6.4,6,1,0.7261766710141843,0
216,Thursday,3,6.3,10,4,0.7891262938014001,1
407,Monday,7,7.4,8,6,0.6444471798635361,1
399,Thursday,7,5.7,6,4,0.6851475820955935,1
411,Friday,6,8.6,6,3,0.6205950152459419,1
203,Wednesday,8,5.9,6,3,0.4221989851585578,0
192,Sunday,8,6.9,6,0,0.6105637861321456,0
249,Thursday,9,6.7,7,0,0.18260047671702578,1
499,Tuesday,6,7.3,8,1,0.1825450740222469,0
242,Wednesday,6,6.5,8,0,0.19743340006583382,0
465,Friday,8,6.4,7,1,0.5499720994241407,1
179,Wednesday,6,8.0,7,1,0.44950812605997154,0
437,Monday,3,4.0,7,4,0.9710796619091885,1
462,Thursday,8,6.0,5,1,0.603338149828619,0
219,Sunday,3,6.4,9,2,0.5890644720284299,1
82,Thursday,7,6.2,7,0,0.4245482013263588,0
92,Sunday,10,9.1,5,0,0.08760775707587971,0
435,Saturday,8,6.6,5,1,0.8226758152323186,1
175,Monday,5,6.6,6,0,0.5085073259831804,0
239,Friday,6,7.4,7,2,0.473158761958824,0
260,Wednesday,7,5.8,8,3,0.38373449609428867,0
391,Tuesday,6,4.0,8,5,0.9282912073924517,1
365,Friday,8,3.6,6,4,0.8898939604394271,1
163,Friday,9,8.3,5,4,0.5628570985191254,1
48,Tuesday,9,7.2,7,0,0.12557855483851316,0
329,Sunday,4,7.0,9,2,0.36841366953914473,0
328,Friday,7,6.3,7,0,0.5586808790079898,0
116,Sunday,7,6.4,6,2,0.7634082394476447,1
429,Tuesday,10,6.9,7,2,0.1322138289281847,0
337,Sunday,7,8.3,8,2,0.5678011663182801,0
337,Wednesday,5,5.6,8,2,0.695016261910898,0
369,Monday,7,7.0,7,1,0.19212436668708144,1
225,Friday,10,5.7,6,6,0.8910211345796195,1
352,Friday,6,6.6,6,0,0.6827471558927454,0
328,Thursday,5,6.0,6,3,0.8521303605180618,1
147,Thursday,6,7.8,6,0,0.4739735173939111,0
63,Monday,5,6.7,6,1,0.41931348418027603,1
294,Thursday,8,5.3,5,2,0.7991571012703678,0
323,Wednesday,5,6.6,8,2,0.8236607612895516,1
443,Thursday,9,7.9,6,2,0.3950883247551965,1
325,Wednesday,7,5.3,8,1,0.5303642228190494,0
13,Sunday,8,7.1,5,1,0.34725281085512405,1
431,Thursday,8,6.2,5,1,0.48381916807638276,1
494,Friday,8,7.0,6,1,0.36081782560883185,1
189,Sunday,6,7.1,8,0,0.4680791443490701,1
287,Thursday,5,7.1,7,1,0.3746542548198775,1
208,Monday,6,5.8,6,1,0.845215818667928,1
114,Monday,8,6.5,5,4,0.7670305699811509,1
480,Friday,3,6.5,9,2,0.49920967512263176,1
22,Tuesday,3,8.8,8,1,0.18741713604334018,1
349,Thursday,7,7.1,7,0,0.10128059461343848,0
214,Tuesday,8,7.7,6,0,0.1500347618515695,0
171,Tuesday,8,8.9,6,1,0.3684576379461375,1
323,Thursday,5,7.0,6,2,0.8906683503789998,1
54,Sunday,4,7.1,9,0,0.33459511341521564,0
394,Thursday,5,5.5,7,2,0.5843167146701482,0
298,Sunday,6,5.9,8,2,0.5990410241538983,0
320,Sunday,6,4.8,8,2,0.5069795108624363,1
126,Tuesday,7,7.8,7,1,0.20558152796071588,1
277,Tuesday,9,7.2,5,1,0.3638881797818068,0
464,Friday,6,6.4,7,0,0.4602234134360881,0
204,Saturday,8,7.1,7,2,0.3790916154359937,1
194,Thursday,8,5.5,6,2,0.4282180117866223,0
169,Sunday,5,8.0,8,0,0.19370581321902933,0
152,Monday,8,6.0,6,3,0.7208778571387366,1
35,Tuesday,8,6.4,6,1,0.37705812748652,1
184,Thursday,6,5.4,7,1,0.2758629916085969,0
286,Wednesday,7,5.6,7,3,0.7794373435985051,1
57,Monday,6,7.8,6,1,0.4675737217081271,0
222,Wednesday,4,8.0,8,2,0.37616420773188186,0
303,Monday,10,5.2,5,1,0.28588734857327686,0
163,Friday,9,7.4,7,1,0.3368264269429194,0
19,Saturday,8,6.5,6,1,0.5294377977983308,0
370,Saturday,6,6.8,7,1,0.398518876269304,0
264,Friday,6,8.1,8,3,0.18354088881272818,0
282,Wednesday,4,6.4,9,0,0.26134767143388393,0
113,Thursday,7,6.3,7,1,0.2393333665801242,0
488,Monday,7,4.7,6,5,0.9200663481109199,1
327,Wednesday,6,6.3,8,1,0.39445315851008916,0
30,Tuesday,7,5.9,7,3,0.28792469240532326,0
135,Saturday,6,8.0,7,0,0.233705127425018,0
67,Sunday,6,6.7,7,2,0.7343925398725494,1
65,Thursday,5,8.2,6,0,0.16464411479980526,1
292,Friday,4,7.2,10,0,0.02212940080043355,0
25,Monday,5,6.9,8,1,0.5148400497769506,1
37,Thursday,5,7.5,8,2,0.2869698071491912,1
1,Friday,9,6.9,7,0,0.29836605409033506,0
399,Wednesday,5,7.6,6,0,0.1474869057131648,0
37,Tuesday,2,6.5,7,0,0.4777508312603897,0
141,Saturday,7,7.3,8,0,0.3591744416492396,0
232,Friday,8,5.7,5,1,0.5020578153276966,1
136,Saturday,8,6.5,5,0,0.5053992264279569,0
389,Saturday,7,9.0,8,1,0.13542672410961998,0
188,Sunday,4,8.0,9,1,0.21292767754888303,0
128,Tuesday,5,4.9,7,2,0.6864605751160013,1
201,Monday,8,8.0,6,2,0.4505863484365707,1
127,Wednesday,9,6.9,7,3,0.5431939783492926,0
257,Monday,4,5.7,9,1,0.26613253898610995,0
164,Thursday,7,8.8,7,1,0.2165214744696303,0
35,Thursday,5,8.2,8,0,0.1915610201673247,0
194,Thursday,5,7.6,7,2,0.1944156601641851,0
191,Tuesday,7,6.9,6,0,0.5774689424660612,0
104,Sunday,6,7.8,7,1,0.3447831015751798,0
23,Monday,2,4.1,7,4,0.9354750011582492,1
265,Wednesday,7,7.6,6,2,0.5274947908645808,1
290,Friday,7,6.9,7,0,0.2548152487318007,0
430,Friday,8,7.0,6,0,0.1769216064867436,1
462,Wednesday,5,7.0,7,0,0.26991473113299325,0
384,Monday,3,6.1,8,1,0.5925063885606785,1
260,Thursday,6,5.6,7,3,0.6861036449386013,1
414,Monday,8,6.8,5,1,0.6351466080903616,1
479,Monday,6,5.1,7,2,0.8320305716959534,1
358,Friday,8,7.0,5,0,0.14527040200908634,0
75,Tuesday,4,5.5,8,1,0.5853849385801366,1
355,Wednesday,8,7.9,6,0,0.05826886582688576,0
72,Thursday,7,5.0,6,3,0.8322189114052536,1
259,Sunday,6,7.3,7,0,0.34981433919628335,1
398,Sunday,9,7.5,7,1,0.46113440604682365,0
188,Wednesday,7,8.2,6,0,0.14595617425514626,0
461,Tuesday,5,7.0,6,0,0.43380464579951106,0
173,Tuesday,8,5.7,6,1,0.49231409645890356,0
480,Tuesday,6,5.6,8,2,0.3437972219417232,1
290,Thursday,7,8.4,8,2,0.23115781524758847,0
45,Thursday,5,6.7,6,3,0.828270410490535,1
61,Thursday,6,6.5,6,1,0.4002670485026478,0
83,Wednesday,5,5.9,6,1,0.6695698398083672,1
123,Tuesday,6,5.2,7,2,0.7964842115183828,0
358,Thursday,7,9.0,7,1,0.07313681150424595,0
16,Wednesday,8,6.8,7,1,0.3674029868176024,0
66,Thursday,4,5.4,10,2,0.33675607168672966,0
424,Friday,9,7.6,6,0,0.14252385303575923,0
145,Thursday,9,7.4,6,2,0.2301143569936941,0
375,Wednesday,6,5.2,7,3,0.5454669586844474,0
162,Thursday,7,6.0,7,4,0.6981851815662028,1
234,Tuesday,7,7.3,8,0,0.07308463216466388,0
380,Monday,7,7.6,7,1,0.2635805270870058,0
144,Thursday,8,5.8,6,1,0.49032912902471737,1
358,Tuesday,6,4.5,7,3,0.7631363558856648,1
188,Friday,5,7.0,7,1,0.45286802490360856,0
322,Friday,7,7.7,7,1,0.046120812044227404,0
450,Sunday,3,7.3,9,2,0.6177044631581323,1
474,Sunday,8,7.0,5,2,0.5829663656566381,0
13,Monday,8,8.6,6,0,0.09230167585780245,0
184,Sunday,5,5.0,8,2,0.7312510903319169,1
111,Friday,9,7.6,6,1,0.3827443957846933,0
415,Friday,6,7.6,7,0,0.08874978125723147,1
290,Monday,6,5.8,7,2,0.7844921985103205,1
295,Saturday,5,4.6,7,4,0.9680343056328065,1
451,Monday,7,7.6,6,2,0.1291569933122201,0
392,Saturday,6,7.8,7,2,0.648129808073732,0
215,Monday,4,8.4,10,2,0.44673929216130925,1
462,Friday,7,6.0,7,2,0.4035972990843968,0
120,Wednesday,6,6.9,7,0,0.5595001222774963,1
382,Tuesday,9,4.7,5,2,0.6627942824176376,0
55,Monday,7,7.6,7,2,0.6255336518460396,0
27,Wednesday,7,4.9,8,3,0.5974256961972773,0
118,Monday,9,6.7,6,2,0.7885840869921068,1
221,Thursday,7,5.5,7,1,0.3902441398866573,0
231,Thursday,8,7.1,5,0,0.5859742381183327,1
53,Saturday,5,7.2,6,0,0.3112561267508133,1
295,Friday,10,6.4,6,1,0.3099557471054838,0
321,Monday,7,6.6,7,1,0.07694717824268398,0
401,Tuesday,4,6.7,9,1,0.11943025220900466,0
233,Tuesday,7,8.4,7,1,0.24467663447976348,0
158,Sunday,7,8.0,7,1,0.6825167245919299,1
437,Saturday,7,6.6,6,3,0.8521497418607263,1
269,Wednesday,2,6.0,10,3,0.2770479855871855,0
21,Monday,5,7.9,7,0,0.3439268765947629,0
403,Saturday,4,6.1,7,1,0.7339033973758587,1
53,Saturday,4,7.4,7,1,0.14807492151483284,0
275,Saturday,7,5.4,7,3,0.8858202665976362,1
313,Saturday,5,7.3,6,1,0.7167572598019194,1
281,Thursday,6,5.4,8,2,0.48231899010611146,0
214,Tuesday,5,5.9,7,4,0.8175447996502416,0
31,Wednesday,9,6.9,7,1,0.04653084995370115,0
337,Thursday,7,7.4,8,0,0.3772779128905541,0
183,Thursday,3,5.8,10,3,0.45185536840657914,1
23,Thursday,8,8.0,6,1,0.24460557600004798,0
32,Tuesday,6,5.3,6,2,0.6797615847601536,1
446,Wednesday,9,7.6,6,1,0.2500815683514865,1
74,Wednesday,6,6.2,7,0,0.5403181711952348,1
10,Monday,5,7.8,8,0,0.23198649620626885,0
484,Wednesday,5,6.2,6,1,0.4756663680349672,1
456,Saturday,6,6.6,7,0,0.68865393499461,0
54,Saturday,7,8.1,8,0,0.19732484232465272,0
52,Wednesday,5,7.2,7,1,0.6413955460806056,0
148,Thursday,9,6.1,7,3,0.6107759527257368,1
160,Monday,7,7.4,6,2,0.10555062183292974,0
370,Friday,7,6.5,7,0,0.1866964243413542,0
14,Wednesday,7,6.9,8,2,0.45450972542951606,1
178,Wednesday,6,7.1,6,1,0.23864165731312292,0
412,Saturday,4,5.7,7,2,0.6623143284535097,0
366,Wednesday,7,6.7,6,2,0.1809318393867201,0
500,Monday,10,4.9,6,2,0.6359479209385158,1
53,Tuesday,8,5.4,5,2,0.33116377318928675,0
408,Wednesday,7,6.6,6,2,0.4619905945390103,1
335,Wednesday,3,7.9,8,4,0.7236083169009796,1
22,Saturday,9,7.1,5,1,0.2899561029636803,0
30,Thursday,8,6.3,7,1,0.1428887293185578,0
191,Friday,9,6.2,6,0,0.4702487373251063,1
260,Wednesday,5,7.2,6,1,0.25837263264042726,0
205,Wednesday,6,5.4,7,1,0.48073987402283663,1
59,Wednesday,4,5.0,9,2,0.8302293266853352,1
471,Wednesday,3,8.3,8,2,0.6863890929765158,1
264,Thursday,5,7.2,8,1,0.05918259737722076,0
466,Tuesday,7,5.9,7,3,0.7633685382950195,1
12,Saturday,6,6.6,8,0,0.47938022167554667,0
119,Wednesday,5,6.0,8,3,0.5114903716626157,0
415,Monday,7,5.1,8,2,0.2564784617330963,1
462,Monday,1,6.3,8,2,0.780637848035315,1
290,Monday,5,6.7,7,0,0.33800418499796775,0
338,Wednesday,7,8.3,7,2,0.33188822072525864,0
248,Tuesday,6,6.8,6,0,0.8025079511084797,1
354,Monday,9,7.6,6,3,0.2794695033788406,0
127,Thursday,5,6.4,7,0,0.3930015492470894,0
75,Friday,5,6.1,6,3,0.735278399702856,1
361,Monday,5,6.7,6,0,0.17489298652705848,0
204,Wednesday,5,7.7,6,0,0.15913215106248124,0
49,Friday,7,6.0,7,3,0.6936956856441889,0
79,Sunday,8,7.7,6,2,0.4546159016419346,0
441,Friday,10,6.9,6,0,0.3001520046483941,0
479,Tuesday,8,6.7,5,1,0.45050449293482553,1
241,Friday,4,7.7,9,3,0.5194132600430447,0
349,Thursday,9,6.8,6,0,0.06511549691143345,0
154,Tuesday,7,6.5,7,1,0.6629471890088735,1
274,Saturday,7,7.3,6,2,0.5421926632775693,1
96,Wednesday,9,4.2,6,3,0.6987708294241688,0
214,Sunday,10,7.2,7,2,0.32564262728543153,0
294,Friday,6,5.4,6,2,0.8020014401520096,1
209,Friday,5,6.5,7,0,0.5745713811775638,1
343,Friday,9,6.7,6,1,0.6770831779396848,1
88,Wednesday,10,7.3,5,2,0.4531258950007102,0
306,Thursday,7,9.1,8,0,0.032385963385066024,0
264,Saturday,7,9.0,6,4,0.4060989712438299,1
425,Friday,7,6.7,8,1,0.15506217609779624,0
390,Saturday,7,8.1,7,2,0.38241197114616166,0
325,Saturday,4,6.9,9,3,0.8203367619475722,1
428,Sunday,7,7.6,6,1,0.22524244201368418,0
377,Friday,7,7.0,7,2,0.23380069035538886,0
320,Thursday,7,5.5,6,2,0.7306150155372322,0
157,Tuesday,7,6.1,7,0,0.2983731298373663,1
156,Friday,7,4.7,6,5,0.8976526709003766,1
139,Tuesday,2,6.5,8,3,0.8774549397498741,1
121,Tuesday,5,6.7,6,2,0.3749348132707965,0
65,Tuesday,8,6.6,7,0,0.1355848442764383,1
107,Saturday,9,6.2,6,1,0.69729850831712,1
147,Saturday,6,7.3,6,1,0.6389120148993132,1
137,Thursday,5,6.9,7,2,0.4522169391971416,0
411,Wednesday,8,7.3,6,4,0.7044094667773905,1
162,Friday,7,7.0,8,0,0.23463739318889926,0
428,Thursday,6,6.3,6,2,0.6561603651066145,1
452,Wednesday,8,6.5,6,0,0.10461311332932297,0
100,Wednesday,4,7.0,9,2,0.2639274460986447,0
338,Wednesday,9,6.2,5,1,0.6510100477968587,1
399,Thursday,3,5.7,8,1,0.40093401446049765,1
307,Friday,5,6.2,8,1,0.2554667437263928,0
141,Wednesday,4,7.2,8,0,0.44906173294396406,0
83,Sunday,5,8.3,6,1,0.577657454335724,1
177,Monday,7,7.8,7,0,0.13413140592209313,0
198,Wednesday,8,5.7,5,2,0.7316878735733313,1
112,Wednesday,6,9.0,8,1,0.09871353478133307,0
56,Monday,4,5.9,10,1,0.7381349392431249,1
460,Wednesday,2,6.4,9,0,0.171050006254787,0
179,Tuesday,8,8.1,6,2,0.3721263851709628,1
421,Thursday,8,4.7,6,4,0.9158250297441527,1
401,Wednesday,9,6.9,7,3,0.5311451434776078,0
186,Friday,6,6.4,6,1,0.4218697774427243,1
471,Thursday,8,5.0,6,2,0.7957926784339847,0
218,Monday,5,5.0,8,4,0.5282656357436699,1
413,Friday,7,8.0,8,2,0.25447013118310735,0
417,Monday,6,7.3,7,1,0.18506208989976095,0
316,Saturday,5,8.5,8,1,0.18100903341463484,0
475,Sunday,7,6.2,6,0,0.2723846760259117,1
217,Wednesday,7,7.0,7,1,0.2923717449775999,0
120,Sunday,8,10.0,7,0,0.22695702261630027,0
439,Friday,4,6.4,9,1,0.129793853492899,0
394,Sunday,8,7.5,7,2,0.48927660294472813,1
175,Friday,7,6.7,8,2,0.24356980639928336,0
23,Tuesday,9,6.6,7,1,0.22124312513659639,1
213,Saturday,9,6.5,7,2,0.2979857405324439,0
405,Tuesday,2,6.8,7,0,0.45640257172422644,1
235,Tuesday,9,8.7,5,2,0.4659566073821682,0
13,Tuesday,9,6.6,6,1,0.1532315004887501,0
101,Tuesday,4,8.2,10,2,0.7163931008450475,0
417,Thursday,3,10.0,8,0,0.1464543299774169,0
24,Friday,8,5.7,7,2,0.4226334976504848,1
364,Sunday,7,8.0,8,1,0.23395263746608874,0
11,Monday,5,5.3,7,2,0.6833341314452135,0
273,Sunday,9,7.2,6,3,0.805531719994781,1
452,Sunday,7,10.0,7,2,0.07709912301467461,0
431,Monday,2,7.5,8,4,0.45842151296317196,0
281,Wednesday,4,7.1,10,0,0.18388528760365666,0
94,Saturday,9,6.0,5,5,0.8467787408972862,1
201,Thursday,7,6.0,8,2,0.4355480233640035,0
21,Friday,5,5.7,7,2,0.35542713958594935,0
340,Friday,7,5.5,6,1,0.7230360933775225,0
467,Thursday,5,7.7,6,0,0.24626533092626585,0
211,Monday,4,7.5,10,1,0.13293107166064397,0
140,Thursday,9,6.5,5,1,0.20866423449109328,0
293,Monday,9,6.0,6,1,0.08033292496917728,0
298,Thursday,7,7.6,6,0,0.3428847390124129,1
401,Saturday,3,9.4,8,1,0.3683811935061454,1
101,Thursday,10,7.9,5,1,0.4225250579063234,0
304,Sunday,10,7.5,6,0,0.40374400859554843,0
359,Wednesday,9,7.8,5,2,0.7260123518310679,1
28,Friday,7,7.9,7,1,0.10867981620392451,0
41,Friday,7,6.9,7,2,0.1695399470825114,1
355,Sunday,7,7.6,7,1,0.2828975194113866,0
303,Friday,4,6.1,7,1,0.2210923622859928,0
496,Tuesday,5,7.7,6,2,0.6668036359951346,1
146,Sunday,5,7.2,8,1,0.40435188916289244,1
256,Friday,8,5.5,5,2,0.618386637223217,1
462,Monday,7,5.6,7,4,0.6741838822668403,1
227,Friday,5,6.7,8,0,0.15684568167737803,0
236,Saturday,3,6.3,8,1,0.748630044058785,0
361,Thursday,7,10.0,6,2,0.16096588480368165,0
380,Wednesday,4,7.3,9,0,0.15094702128897813,0
455,Saturday,4,6.8,10,2,0.3789096179954134,1
489,Friday,10,6.9,6,0,0.1283184208375709,0
13,Thursday,10,7.6,6,1,0.1198282184238692,1
210,Monday,6,7.0,6,1,0.5324354483593592,0
229,Tuesday,3,5.5,8,1,0.6337868185826894,1
397,Friday,9,6.6,7,2,0.31523419829079513,1
100,Saturday,7,7.1,8,2,0.6023354565839858,1
31,Tuesday,8,6.2,5,2,0.304293632425776,0
386,Wednesday,5,5.7,6,1,0.367460557772574,1
16,Monday,4,7.8,8,1,0.18341161556540153,0
137,Friday,6,7.3,8,2,0.48663457118816683,0
329,Monday,7,7.3,7,3,0.16033022005171751,0
166,Monday,5,4.5,8,4,0.7091428119415826,0
459,Monday,9,6.2,6,1,0.46016999404211056,0
310,Friday,3,8.2,10,0,0.059705966196103785,0
440,Wednesday,7,7.2,6,4,0.7056013730069403,1
470,Tuesday,7,5.3,7,2,0.6332601712274771,0
481,Sunday,9,9.4,6,0,0.10183142380775302,0
100,Tuesday,5,3.8,8,4,0.7933103300232269,0
109,Wednesday,8,6.9,6,1,0.7169043706060269,1
343,Sunday,7,9.5,7,0,0.45366413368293396,1
173,Wednesday,7,4.8,8,2,0.6666102890266971,0
237,Thursday,5,6.1,8,2,0.31789494126357865,0
162,Monday,5,5.0,8,5,0.8417555433964358,1
393,Friday,6,8.4,7,0,0.2733888789406516,1
216,Wednesday,5,5.7,8,1,0.7585788919054861,1
264,Saturday,9,8.6,6,1,0.1182146311271791,0
263,Tuesday,7,8.4,8,2,0.47194404814257146,0
292,Wednesday,8,5.2,7,2,0.1937713310743675,0
274,Friday,4,4.9,8,3,0.802993868716646,0
3,Sunday,3,8.0,8,1,0.3121816689749487,1
28,Monday,6,7.6,7,0,0.15485356475341058,0
326,Saturday,4,7.3,10,3,0.41974176497820087,1
492,Tuesday,7,6.7,7,3,0.7257629792776308,1
428,Thursday,5,8.5,6,0,0.2230726106204547,0
149,Tuesday,7,6.4,8,4,0.5135278550694534,1
28,Thursday,5,8.4,7,1,0.4176094249127174,1
488,Wednesday,8,6.0,7,2,0.1711615999961508,1
310,Wednesday,5,9.6,7,1,0.04523693417085004,0
438,Monday,3,5.6,7,1,0.5263646402223457,1
65,Monday,8,8.1,7,0,0.15559344492015972,1
356,Sunday,5,6.2,7,2,0.7859704690096369,1
21,Sunday,9,8.3,6,0,0.1277920807409819,0
252,Friday,5,6.7,8,0,0.16066502300202615,1
235,Tuesday,5,7.0,7,0,0.4366176843642643,1
227,Wednesday,6,7.5,7,0,0.31764366977930547,1
13,Friday,5,7.0,6,1,0.48761507644794516,0
313,Sunday,7,7.6,8,1,0.1301887969076659,0
49,Wednesday,7,4.5,6,4,0.8228709315408931,1
118,Saturday,8,9.1,5,2,0.5130265755738076,0
54,Sunday,6,9.2,8,0,0.08864714394128459,1
138,Saturday,3,7.3,8,1,0.4967806718834717,1
53,Tuesday,10,7.4,5,3,0.2690897632217447,0
44,Monday,6,8.3,7,0,0.15912378489280482,0
303,Thursday,6,7.4,8,1,0.08450623840735368,0
53,Thursday,6,6.1,7,0,0.08769581226210821,0
74,Tuesday,6,5.3,7,1,0.7264385076643449,0
46,Tuesday,3,7.5,10,2,0.34387597379572593,0
13,Friday,8,6.9,6,3,0.3391501069105733,0
165,Wednesday,5,6.7,7,0,0.6427514204233257,1
102,Tuesday,6,5.8,6,1,0.5469474418445345,1
280,Thursday,10,6.3,6,2,0.2537315292594379,0
258,Friday,8,7.1,6,3,0.279598726016796,0
470,Friday,10,6.3,5,1,0.3375462497830545,0
337,Monday,5,6.7,7,1,0.5197688416882399,0
356,Friday,8,6.7,5,0,0.21226359439281128,0
398,Thursday,7,7.5,8,3,0.6161220422437044,0
138,Monday,6,5.0,7,2,0.7626606581143655,1
163,Friday,5,6.3,7,1,0.7820593689535955,1
409,Wednesday,9,5.4,6,1,0.4132177466997996,0
387,Wednesday,5,6.9,7,1,0.19500914453895876,0
111,Wednesday,7,5.7,7,3,0.5402305851791656,1
102,Wednesday,8,7.8,5,2,0.32639591860406786,0
17,Wednesday,5,6.2,8,0,0.3095471850884835,0
268,Saturday,4,6.7,8,2,0.7618783901314045,1
182,Monday,10,5.7,7,3,0.6184642144585895,0
372,Sunday,5,7.7,6,1,0.5611964019995754,1
24,Thursday,10,5.2,5,1,0.33636586667685026,0
29,Tuesday,6,6.6,7,2,0.2099594027604071,0
171,Monday,6,6.6,7,1,0.6713712511673309,1
409,Thursday,6,6.1,8,0,0.21025086616608335,1
228,Thursday,6,7.0,8,2,0.09583477569963932,0
378,Monday,9,6.1,7,3,0.7033751950914097,0
188,Tuesday,8,7.0,6,0,0.2525002778931054,0
346,Friday,6,6.0,6,1,0.5517845264014065,1
230,Monday,3,5.8,9,1,0.48912231592254135,1
321,Saturday,7,7.7,8,2,0.16704362733026654,0
340,Friday,7,7.7,6,0,0.41950294959315326,1
119,Wednesday,9,10.0,7,1,0.02172046014577169,0
156,Wednesday,4,6.3,9,2,0.5459148946279413,1
272,Monday,6,7.6,8,0,0.08505668265044543,0
175,Saturday,5,6.9,7,1,0.5832520522718763,0
465,Monday,6,7.6,8,2,0.4047816030855215,1
104,Tuesday,7,8.3,6,1,0.1767088577823716,0
92,Thursday,7,6.9,7,1,0.3625917257874867,1
186,Tuesday,3,7.6,9,1,0.23389541305390485,0
460,Thursday,7,7.2,7,2,0.18085104710976166,0
283,Saturday,7,7.4,8,0,0.1388365714570371,0
181,Wednesday,7,6.2,6,0,0.3386568069312852,0
170,Sunday,6,7.0,8,1,0.09391623248535691,0
187,Saturday,1,5.8,9,4,0.904883904110528,1
175,Wednesday,8,7.9,6,0,0.2644959945925893,0
222,Wednesday,5,8.9,7,1,0.18455477756624178,0
233,Wednesday,8,5.0,6,2,0.7093019248715889,1
162,Thursday,9,7.9,6,4,0.35750558024018114,0
421,Tuesday,3,6.6,8,2,0.4930751500581292,0
134,Sunday,8,6.6,6,1,0.7680537093525764,1
391,Thursday,4,6.9,8,3,0.5632544453853623,1
480,Wednesday,6,5.7,7,1,0.4430109229197439,1
224,Friday,6,7.0,7,1,0.239468767409906,0
153,Wednesday,8,6.3,6,0,0.1925235745885798,1
33,Saturday,8,7.0,5,1,0.477441921465675,0
55,Thursday,7,8.1,6,1,0.6947201688078827,1
442,Monday,3,4.6,10,2,0.7040567064701442,1
7,Tuesday,1,6.0,8,2,0.23691691071207852,0
244,Saturday,8,5.0,7,4,0.8352646731186593,1
313,Thursday,8,6.9,5,1,0.2770191295148283,0
126,Sunday,5,6.8,8,1,0.4190265093586485,0
12,Monday,7,5.8,6,3,0.8390944085687503,1
16,Tuesday,6,7.0,7,0,0.2150256749362261,0
208,Tuesday,9,7.4,7,2,0.5134991062287264,0
43,Thursday,7,8.1,6,1,0.24058604855041799,0
373,Wednesday,8,10.0,6,1,0.06407799960139139,0
484,Monday,5,6.0,7,1,0.30702565566634804,0
461,Friday,7,5.9,8,1,0.4047851258198908,0
135,Thursday,6,6.7,7,2,0.5815137835617996,1
228,Tuesday,5,6.8,8,1,0.11396820266654745,0
111,Wednesday,2,8.8,9,0,0.1346485713251724,0
307,Friday,8,7.3,6,1,0.11609184630202367,1
457,Tuesday,10,5.6,6,1,0.46195960068054903,0
160,Tuesday,4,5.5,8,3,0.38547513358513424,0
331,Wednesday,8,7.5,6,1,0.2933173145549377,0
264,Friday,8,6.5,6,2,0.14742516757907503,1
225,Saturday,5,9.1,6,0,0.41947572550150636,1
471,Wednesday,5,7.3,7,2,0.6792317200749922,1
217,Tuesday,9,5.4,6,2,0.5084139882976175,1
456,Saturday,9,6.0,5,1,0.5693199449031099,0
45,Sunday,7,7.8,8,0,0.5791793501564877,1
214,Friday,5,6.3,8,0,0.37362796220970473,1
59,Sunday,9,8.8,5,2,0.511871014305739,1
132,Friday,5,7.1,8,2,0.37599367581527066,0
104,Friday,9,7.1,7,0,0.16840279342513634,0
195,Wednesday,10,5.2,5,1,0.5064898853033835,1
413,Wednesday,9,6.1,5,3,0.4642085990240942,0
489,Monday,7,6.6,8,1,0.24653173567604236,0
157,Saturday,1,5.2,10,3,0.9351135117327382,1
98,Sunday,6,8.1,8,1,0.1803600845987695,1
226,Thursday,10,7.7,5,1,0.4198313529914834,0
412,Wednesday,8,6.1,5,0,0.2726208275556438,0
205,Monday,7,8.2,7,1,0.19490266615086066,0
79,Tuesday,5,8.2,6,1,0.16437537607312594,0
124,Tuesday,9,7.3,5,1,0.2795396932329311,1
471,Thursday,3,6.6,9,4,0.8689984155028376,1
428,Sunday,6,8.6,7,0,0.2064988807828231,0
218,Monday,10,4.9,6,3,0.26085391016799075,0
4,Monday,5,6.8,8,2,0.4684633638509441,1
90,Thursday,8,5.7,5,2,0.3877541211198764,0
104,Tuesday,3,5.9,8,3,0.5046948521565037,1
393,Saturday,5,7.9,7,1,0.5054948876292257,1
119,Wednesday,7,5.7,7,2,0.21625667925123793,0
133,Tuesday,7,4.9,8,2,0.5951303420379882,0
312,Tuesday,10,9.4,7,1,0.0857718193989995,0
96,Monday,5,6.0,7,3,0.536325130083157,0
468,Thursday,8,5.7,7,2,0.5198171893601111,1
434,Tuesday,8,8.1,5,0,0.4060939673013117,1
331,Wednesday,5,6.0,6,1,0.6986701941512395,1
143,Wednesday,8,5.2,6,1,0.20409126875150077,0
288,Monday,8,5.6,7,3,0.30721409918701714,0
28,Monday,6,6.2,7,1,0.5763242590764888,1
278,Thursday,7,5.4,7,4,0.7428478093565574,1
233,Friday,5,5.7,7,2,0.54819806654564,1
17,Sunday,5,6.9,6,1,0.5388906560965542,0
59,Tuesday,6,7.9,7,1,0.3021717660556867,0
90,Monday,8,9.2,5,2,0.22171253290411375,0
492,Monday,6,8.0,7,1,0.6655989726713832,1
199,Wednesday,5,6.4,8,0,0.5498073544921728,1
362,Thursday,6,5.0,7,4,0.8247654483686231,1
441,Saturday,8,8.2,7,0,0.41143653943420044,0
26,Friday,4,5.5,8,2,0.6425559010974737,1
25,Tuesday,8,6.3,5,2,0.7718310103038653,1
394,Wednesday,8,8.6,6,0,0.10895569831350611,0
301,Sunday,4,9.4,10,0,0.37540641316892237,0
339,Wednesday,6,6.9,7,1,0.3312499834183757,1
267,Thursday,8,8.2,7,3,0.18744969871552852,0
461,Sunday,3,8.8,9,3,0.5272621225085204,0
181,Friday,4,7.5,9,0,0.11081600901544193,0
456,Friday,3,6.4,10,2,0.6014696315439044,1
360,Tuesday,5,6.0,7,2,0.5806477190033917,1
68,Wednesday,9,6.8,6,0,0.3351413727430555,0
495,Monday,8,5.2,6,3,0.29901500814789445,0
351,Thursday,5,6.1,8,2,0.2725829550396339,0
412,Monday,9,7.4,5,1,0.16279504104866363,0
459,Saturday,8,6.6,7,1,0.6686536627061526,1
491,Saturday,9,9.3,6,1,0.15355117871703694,0
321,Thursday,6,7.0,7,0,0.08096352355201371,1
49,Monday,8,7.6,5,0,0.23382504962759101,0
175,Monday,10,6.4,7,5,0.6163042198160057,1
52,Friday,6,7.5,6,1,0.6405490914362179,0
102,Thursday,6,5.3,8,1,0.6232125797392517,1
216,Friday,6,7.2,6,0,0.6100989629607745,0
438,Tuesday,6,7.3,8,0,0.10402461957450689,0
188,Thursday,8,8.2,6,0,0.09130292454941964,0
57,Friday,7,4.3,8,2,0.5452392962630187,0
47,Wednesday,4,5.9,9,1,0.7548391357517493,1
159,Thursday,7,4.6,7,3,0.6606971243525923,1
489,Friday,5,5.7,6,5,0.8383634869518813,1
174,Tuesday,3,6.6,10,1,0.34601295209312544,0
242,Monday,9,7.4,5,2,0.3772443458437259,0
282,Thursday,5,9.4,8,4,0.5780272039270787,1
241,Monday,7,8.3,7,3,0.4787306569414886,0
370,Friday,1,6.1,8,1,0.5954356932713262,1
5,Friday,7,7.6,7,1,0.1197236050114791,0
84,Saturday,6,8.9,7,1,0.12027220952824816,0
308,Thursday,3,6.6,9,0,0.20977291355648933,0
361,Monday,5,6.6,6,1,0.199251757568362,1
459,Tuesday,5,6.4,8,3,0.6680476352330468,1
248,Saturday,8,8.0,6,0,0.590398134539281,1
54,Tuesday,7,7.2,7,1,0.3258483250079557,0
161,Friday,3,6.9,9,0,0.1917270872823099,0
434,Friday,7,8.8,6,0,0.19240216206434022,0
422,Wednesday,2,7.9,8,3,0.6493116010035287,1
411,Wednesday,4,4.8,7,5,0.9700648973534799,1
226,Thursday,7,4.5,8,4,0.7100671559755385,0
15,Saturday,5,7.9,7,1,0.34631562155113577,0
224,Tuesday,9,6.6,6,0,0.13433632272549176,0
61,Sunday,7,5.3,7,3,0.8975800792618273,1
122,Thursday,8,4.4,5,6,0.9874043349237464,1
277,Sunday,8,7.1,5,1,0.520043247601922,0
46,Monday,6,7.0,8,1,0.2562375016159047,0
453,Monday,4,7.1,7,0,0.17235824220976984,0
390,Saturday,6,6.7,6,2,0.5858152787821191,1
294,Saturday,8,6.7,5,1,0.8492810545914843,1
62,Wednesday,6,6.1,7,2,0.512306295990249,0
86,Friday,8,7.3,7,1,0.29830023943349476,0
446,Saturday,6,5.6,8,1,0.8590135070955586,1
210,Monday,3,6.7,7,2,0.3893329460296621,0
78,Thursday,4,7.9,7,1,0.39086171762205574,0
202,Saturday,10,7.0,7,2,0.1575304634016962,0
302,Wednesday,4,6.9,8,0,0.2366850765007238,1
397,Tuesday,5,7.2,8,1,0.22332009499708105,1
223,Friday,8,5.9,5,3,0.8875010923233368,1
222,Wednesday,4,6.6,8,0,0.16211965480523885,0
3,Monday,5,5.1,6,1,0.5039760651033752,0
478,Sunday,6,8.0,8,1,0.12285621014564979,0
6,Thursday,6,6.9,6,1,0.34500478529396894,0
93,Saturday,5,8.8,7,5,0.6718192384266386,0
8,Saturday,6,8.5,7,3,0.3260963243338794,1
428,Monday,8,8.1,5,1,0.2978479266430391,1
493,Tuesday,6,8.2,6,3,0.31595914662550817,0
235,Tuesday,5,5.8,6,1,0.5437811461179053,0
108,Wednesday,8,7.3,7,3,0.46751405743282626,1
161,Friday,10,7.5,6,4,0.5069328337896298,1
209,Thursday,8,6.0,6,3,0.8233598037579947,1
240,Thursday,4,8.2,10,5,0.46284177289726797,0
331,Tuesday,4,6.6,10,0,0.41757826334728665,0
333,Wednesday,7,7.5,7,0,0.07498610473490516,1
50,Thursday,7,8.0,7,0,0.11458768737804183,0
11,Wednesday,4,7.2,10,3,0.25438819649883815,0
351,Monday,7,8.9,6,0,0.08703672927680205,0
156,Friday,7,9.6,7,0,0.06605306735125194,0
492,Monday,9,6.7,5,2,0.8690617167782135,1
70,Wednesday,6,7.8,6,0,0.33487069735514635,1
169,Friday,9,9.5,5,2,0.16507890865982636,0
272,Monday,9,6.0,6,1,0.26133174766920625,0
68,Thursday,5,3.5,8,4,0.8381617024303126,1
355,Wednesday,7,7.9,7,2,0.41438869125066635,1
252,Monday,6,6.2,7,1,0.7454928686913407,1
48,Tuesday,6,5.3,7,2,0.5994960639021297,0
184,Sunday,7,6.5,8,0,0.12938578709659246,0
320,Thursday,5,4.8,7,3,0.8102427634644351,1
187,Sunday,3,9.4,9,0,0.2407006204045729,0
90,Thursday,5,8.4,6,0,0.10751724902704676,0
446,Thursday,9,6.4,6,4,0.919849884293593,1
332,Wednesday,6,6.5,6,2,0.7064104354222461,1
139,Tuesday,6,6.9,7,2,0.639145966654887,0
357,Tuesday,8,8.7,7,0,0.13609689786036386,0
89,Wednesday,3,5.4,8,2,0.7408301242734705,1
274,Wednesday,7,6.5,6,1,0.39309663124413413,1
19,Tuesday,10,8.2,7,1,0.12866164261818547,0
471,Tuesday,7,6.3,8,2,0.4041519812224228,0
311,Tuesday,3,5.7,8,2,0.5062290707017678,1
358,Wednesday,6,6.9,6,1,0.5280926232405342,1
374,Friday,8,4.6,6,3,0.7725497197851241,1
466,Saturday,7,7.8,7,1,0.5341385142855443,1
154,Tuesday,7,6.4,8,3,0.6462190754240227,1
390,Tuesday,7,7.5,6,1,0.19545593360610514,1
260,Wednesday,5,5.9,8,4,0.8710194758131281,1
108,Saturday,5,7.9,8,2,0.6601705969592097,1
371,Monday,6,7.0,7,0,0.07287934715434354,0
285,Friday,7,5.3,6,4,0.8410024403219272,1
59,Wednesday,4,5.6,10,4,0.7554088052424884,1
125,Tuesday,10,8.2,6,1,0.16519905171356025,0
354,Wednesday,2,7.8,7,1,0.4575327114069322,0
273,Tuesday,3,4.6,9,5,0.8650288884984683,1
107,Saturday,8,6.9,7,2,0.81251744771731,1
299,Thursday,7,7.1,6,1,0.19252120903582398,0
245,Thursday,6,7.3,6,0,0.35126636042094117,0
336,Thursday,8,7.0,5,1,0.3201973196119824,1
450,Thursday,8,7.2,7,2,0.3511807918406146,1
418,Thursday,7,6.3,6,2,0.4989477142119401,1
247,Monday,7,6.9,7,1,0.2998098034073673,0
8,Wednesday,1,5.5,7,2,0.8409406039383776,1
141,Tuesday,6,6.3,8,1,0.21391320975624487,1
362,Friday,6,4.2,6,5,0.8672244421124425,1
8,Monday,10,5.4,6,3,0.5825743311214882,0
478,Thursday,5,5.6,6,1,0.735459231033734,1
352,Tuesday,6,5.7,8,2,0.5648376296019387,1
484,Sunday,9,8.3,7,1,0.40305934274029975,0
495,Wednesday,8,4.8,5,4,0.740669646627431,1
94,Wednesday,7,5.9,6,6,0.8276605821203705,1
321,Sunday,8,8.2,5,2,0.3847115091452845,0
427,Wednesday,5,5.1,7,1,0.5720802063343737,1
39,Sunday,10,8.9,7,1,0.14549549126551586,0
81,Monday,8,6.9,5,2,0.1385747809219945,0
187,Tuesday,3,7.5,9,0,0.1310444265538347,0
84,Friday,5,5.6,6,1,0.46558359627139145,1
88,Saturday,2,6.5,8,2,0.7684782219042433,1
242,Tuesday,8,6.5,5,1,0.6445497376532969,0
342,Sunday,8,8.4,5,4,0.46505344533555865,1
93,Thursday,6,7.6,6,1,0.1419525511238533,1
86,Saturday,9,7.9,6,0,0.1763324189021647,0
44,Wednesday,6,6.4,6,1,0.3396206544551249,1
137,Tuesday,10,5.8,7,2,0.6833208048576789,1
421,Sunday,4,8.7,10,2,0.44132458611021214,1
74,Sunday,8,7.0,7,2,0.7970623582793106,0
36,Thursday,6,4.9,8,6,0.9323596658783123,1
101,Monday,5,5.5,8,3,0.9569432546120931,1
476,Monday,6,5.9,7,3,0.4702683205024629,0
156,Thursday,7,6.3,7,1,0.3992672243293719,1
426,Monday,7,6.6,7,1,0.1532278423604675,0
255,Wednesday,8,5.1,6,2,0.5842793351785219,1
171,Tuesday,8,6.1,7,0,0.3280804968322568,0
469,Friday,9,6.3,6,1,0.3266708693195744,1
216,Monday,4,6.5,9,0,0.23916742141455705,0
170,Thursday,3,5.8,9,3,0.3111376227940184,0
252,Thursday,6,9.7,8,0,0.18706843860605224,1
360,Thursday,5,6.3,8,0,0.2896466298604232,0
322,Wednesday,8,6.0,6,1,0.07339646640740093,0
55,Tuesday,4,5.4,8,4,0.9288990732578586,1
456,Friday,5,7.6,8,5,0.7999808761203229,0
432,Saturday,6,5.2,8,2,0.4515233642745169,1
91,Friday,10,4.6,7,3,0.6311180172514905,1
278,Sunday,10,7.4,6,1,0.37912303219124344,0
101,Friday,4,7.3,8,0,0.8296141866010549,1
155,Friday,2,6.6,9,0,0.40099250425959804,1
377,Tuesday,5,9.1,8,1,0.19156042279188223,0
349,Wednesday,6,6.1,6,4,0.3584398606244807,0
451,Thursday,6,6.3,7,1,0.15637143082538746,0
364,Tuesday,6,6.7,7,1,0.39476166223704223,1
141,Thursday,8,6.8,6,0,0.32920606443257144,0
173,Tuesday,6,6.6,7,2,0.49566730080593574,1
10,Friday,7,6.5,7,0,0.4168461118655181,1
228,Wednesday,8,5.1,5,1,0.6005955426358117,1
265,Wednesday,7,7.5,6,4,0.6589798325053635,0
438,Sunday,8,8.6,7,1,0.18710520719110238,0
248,Wednesday,3,6.1,10,2,0.6431341923467869,1
247,Wednesday,7,6.6,6,0,0.5036452361864023,1
155,Tuesday,7,8.6,6,0,0.2843814445511655,0
34,Saturday,6,6.5,8,0,0.3247361409904258,0
499,Thursday,5,6.9,7,3,0.680822352741348,1
129,Thursday,7,6.8,6,1,0.1719149119537122,0
160,Tuesday,7,8.6,7,1,0.06786893018788445,0
89,Thursday,6,8.9,7,1,0.17423487398899987,0
93,Tuesday,6,7.7,6,3,0.31739825605429145,0
327,Friday,6,10.0,8,1,0.18063862939412254,0
241,Saturday,5,7.4,7,2,0.8108799938783026,1
323,Friday,6,3.5,7,5,0.9377203930168982,1
468,Friday,5,6.1,7,3,0.6976451352802735,1
404,Thursday,6,6.2,8,2,0.6874844860844669,1
117,Friday,7,8.6,8,0,0.02373793181046994,0
94,Wednesday,8,6.5,6,2,0.38192477969594946,1
163,Friday,6,8.3,6,1,0.5029216136014498,0
99,Tuesday,6,7.7,7,3,0.29954738277337223,0
113,Monday,7,7.1,6,2,0.16118624761854458,0
359,Wednesday,8,7.2,6,1,0.5587448766371029,0
91,Wednesday,6,7.0,8,0,0.19236770584389112,1
346,Tuesday,7,8.1,7,2,0.17031936825519753,0
206,Friday,7,6.4,8,3,0.43653174939705736,0
17,Monday,5,6.2,8,3,0.42895040873759194,1
274,Tuesday,8,7.2,6,2,0.4323516386264788,0
173,Friday,2,6.9,7,1,0.7066251050808189,1
116,Wednesday,9,6.4,6,0,0.1936867628568818,1
349,Friday,4,9.3,9,1,0.09161206204457498,0
468,Thursday,6,7.6,7,1,0.17439673049918905,0
181,Sunday,8,6.7,6,1,0.5040434824799418,1
91,Thursday,6,7.4,7,1,0.1787578723927184,1
82,Monday,7,5.6,6,3,0.7868882191009632,0
324,Wednesday,8,5.3,7,1,0.2591870019578417,0
449,Monday,10,7.7,7,0,0.4016335745790189,0
114,Sunday,6,6.4,8,1,0.5823767464785249,1
257,Monday,7,6.7,8,1,0.3585508813141052,0
58,Wednesday,7,5.5,6,1,0.3254484871855344,1
154,Tuesday,6,6.4,7,1,0.7119246212123077,0
365,Saturday,4,6.9,10,1,0.38324228361878176,0
404,Tuesday,4,6.6,10,1,0.2866682281787822,0
116,Sunday,6,10.0,6,2,0.4146193394852546,1
343,Monday,7,8.2,7,1,0.4170730449956705,1
266,Monday,9,6.6,5,1,0.7079716282098096,0
315,Tuesday,6,6.5,8,2,0.3864570283809431,0
203,Saturday,10,6.6,6,0,0.2666241691342803,0
41,Saturday,4,6.2,9,2,0.5193002224001535,0
105,Monday,7,6.5,7,2,0.39844724570785267,0
389,Monday,6,8.3,7,4,0.37281837656892236,0
378,Friday,4,3.5,8,3,0.9372357808426943,1
193,Monday,3,7.9,8,1,0.576125572767544,1
401,Monday,6,8.1,8,6,0.7311953928308629,1
278,Monday,6,4.1,6,2,0.7180512319290091,0
354,Monday,5,6.7,7,1,0.4414168566965547,0
237,Tuesday,8,6.2,7,2,0.14868066513698436,0
425,Monday,6,6.5,7,1,0.3903433347084854,1
221,Wednesday,5,7.0,8,1,0.04835342367932401,0
68,Saturday,6,7.8,7,0,0.40270441661293116,0
197,Wednesday,5,5.1,8,3,0.8571871191284103,1
256,Friday,10,8.7,7,0,0.03189936974466621,0
139,Monday,6,6.1,6,0,0.7240989687495408,0
312,Friday,5,9.9,7,1,0.34494747609896537,0
435,Tuesday,10,5.6,5,1,0.32696214260073947,1
149,Friday,8,5.4,6,2,0.5402164034762283,1
99,Monday,7,7.1,7,2,0.3679330946319954,1
76,Saturday,5,8.5,8,0,0.15251858615391042,0
282,Tuesday,8,8.2,5,0,0.37147213036697346,0
371,Wednesday,4,5.5,8,2,0.7891956738485304,0
403,Sunday,8,7.0,5,0,0.6909490825683897,1
109,Thursday,7,8.9,8,2,0.4025310561711033,1
188,Wednesday,8,6.3,7,1,0.13362706532395008,0
199,Sunday,2,8.5,8,0,0.34528613534687197,0
303,Wednesday,5,4.4,6,3,0.7190269029368528,0
327,Monday,5,4.8,6,3,0.8411368653278493,1
154,Sunday,4,8.6,7,3,0.9307867710605354,1
40,Tuesday,7,6.5,7,2,0.5075923213449002,0
133,Saturday,6,8.3,7,1,0.6517650335054692,1
405,Tuesday,5,5.9,8,2,0.6833901744248329,0
462,Friday,4,4.7,8,3,0.8033486069547958,1
132,Thursday,5,6.8,8,1,0.3193146434647032,0
279,Sunday,8,5.7,6,2,0.8542984645122013,1
362,Thursday,6,6.9,8,1,0.2548792693730682,0
84,Monday,8,5.5,7,3,0.22643593756395325,0
399,Thursday,10,7.5,7,1,0.07113032869399559,0
242,Monday,6,6.4,8,0,0.24079279568228318,1
116,Friday,4,6.3,7,0,0.4213614474736718,0
109,Saturday,6,7.8,6,0,0.5682572663751323,1
221,Thursday,10,7.8,6,2,0.07702885585386943,0
392,Friday,9,6.9,7,0,0.07409596101017922,0
41,Monday,5,8.8,6,1,0.13047973497890253,0
368,Thursday,6,8.8,8,0,0.35292300239990626,1
147,Wednesday,8,5.9,6,2,0.6553625711723181,0
112,Thursday,7,5.4,6,2,0.6615602641304154,0
103,Monday,8,5.2,5,2,0.5916481634197734,1
46,Friday,6,8.9,6,2,0.5215630169500528,1
412,Monday,7,5.2,6,4,0.5454676687202274,1
494,Friday,6,6.2,8,0,0.3138939784796933,0
475,Monday,9,6.7,5,2,0.4130667996273786,0
324,Saturday,3,9.5,9,0,0.11906035351856661,0
378,Tuesday,3,5.1,9,3,0.9566379254420753,1
271,Thursday,5,8.0,8,1,0.3228253097525949,0
483,Tuesday,5,6.7,7,0,0.2862207661603921,0
421,Friday,3,6.5,9,2,0.5296975987052963,0
385,Wednesday,3,6.7,10,2,0.11901450217147609,0
195,Friday,9,5.9,5,3,0.830060175188738,1
367,Tuesday,6,6.2,6,1,0.630070199290079,1
280,Friday,6,5.8,8,2,0.22492067184115883,0
283,Monday,7,5.1,6,3,0.6264854757818504,0
40,Tuesday,10,5.3,5,1,0.3952863653870624,0
447,Thursday,7,8.1,7,3,0.1597558935479979,0
189,Monday,6,6.3,7,2,0.6785057983584403,0
164,Tuesday,5,7.5,8,1,0.5639909647284893,1
482,Sunday,8,7.2,5,2,0.8713840263849564,1
477,Sunday,6,7.2,7,0,0.2482445560406116,0
24,Friday,10,6.6,7,3,0.5055503666212722,1
24,Tuesday,6,7.6,7,2,0.4213669464610696,1
490,Tuesday,9,5.9,6,5,0.6364535505715961,1
4,Friday,5,6.5,6,2,0.7615514622102736,0
323,Monday,5,7.8,7,0,0.33458834627350753,1
290,Sunday,3,8.7,8,1,0.6067358780998401,1
441,Tuesday,8,8.5,6,1,0.07582698597221384,0
433,Sunday,6,6.2,7,1,0.28832174986058695,1
471,Thursday,8,5.9,6,1,0.32520565106870597,0
181,Friday,10,6.5,7,0,0.10045866492964937,0
248,Monday,5,5.1,6,3,0.9283454596713568,1
116,Saturday,5,8.4,7,1,0.41949440616342626,0
279,Tuesday,5,7.0,7,0,0.30491213903600045,0
365,Friday,2,6.5,9,2,0.2828549836265453,0
69,Saturday,6,8.6,6,0,0.2934949386999994,1
351,Tuesday,8,5.8,5,2,0.6233443414995762,1
254,Wednesday,7,8.1,8,2,0.13533965619829585,0
181,Thursday,3,8.8,9,1,0.1891559076633517,0
318,Tuesday,6,7.1,7,0,0.39602073304048363,0
169,Thursday,7,6.7,8,1,0.2587295246318569,0
313,Tuesday,8,6.9,5,1,0.26091157573811136,1
249,Wednesday,8,5.0,7,6,0.8531876306505305,1
188,Friday,6,6.5,6,2,0.6940126741635898,0
54,Thursday,6,9.2,7,0,0.23054251676540574,0
326,Tuesday,8,9.2,6,3,0.1968233168180847,0
357,Saturday,5,7.5,7,3,0.6762334845818889,1
313,Saturday,8,6.7,5,1,0.4521405866676128,0
138,Thursday,5,7.9,7,1,0.27981907242150905,0
168,Wednesday,10,6.7,5,1,0.08849115785319667,0
391,Wednesday,7,7.8,6,0,0.3292420974687407,0
103,Friday,3,5.8,8,2,0.5876967351689343,0
422,Friday,8,7.1,6,1,0.4060759975969407,1
85,Tuesday,7,6.3,7,1,0.4916231634718024,1
317,Friday,7,6.7,6,1,0.5806788312367197,0
212,Tuesday,10,6.0,5,1,0.32773238045641995,1
3,Monday,6,6.5,6,1,0.43866658750089144,1
384,Friday,3,7.1,9,3,0.7119348227273022,1
179,Friday,9,7.5,6,0,0.38901197243890373,1
342,Wednesday,3,6.5,8,1,0.4686666815709141,1
303,Thursday,5,8.4,8,0,0.17887435578052469,0
452,Sunday,7,5.9,7,3,0.6578616658032327,1
476,Thursday,5,4.9,8,6,0.7782753118808058,1
332,Friday,6,6.0,7,1,0.4077576912814873,0
38,Monday,6,6.7,7,0,0.171225553631004,0
499,Tuesday,10,8.6,6,2,0.2519253453709487,1
420,Tuesday,2,6.5,8,1,0.6501319653926927,1
239,Thursday,7,5.6,7,2,0.508917562038505,1
169,Friday,5,5.9,8,1,0.32860119975692637,0
453,Wednesday,5,6.8,6,1,0.48831129613161706,0
397,Wednesday,8,5.4,6,4,0.8671353156396178,0
343,Tuesday,8,9.0,6,2,0.7313471061465486,1
314,Tuesday,7,3.9,7,5,0.9496546515044598,1
306,Sunday,4,6.5,9,1,0.4205080178947893,0
30,Thursday,9,6.0,5,3,0.4820544347419345,0
190,Monday,5,5.5,7,4,0.9576152161464447,1
357,Friday,9,7.5,6,1,0.1739451728771109,0
25,Friday,5,5.9,7,2,0.6483578707198419,1
112,Friday,9,7.4,6,1,0.0894078862136957,0
411,Monday,7,8.6,7,1,0.14794883326078384,1
435,Wednesday,3,8.2,9,3,0.4806608402001061,0
206,Monday,6,6.9,6,2,0.2831506428460244,1
185,Saturday,10,7.4,5,2,0.3412808745311035,0
382,Friday,8,7.8,6,1,0.31987467550700066,0
496,Thursday,6,6.4,7,3,0.42238602014318305,0
379,Wednesday,9,6.1,5,2,0.7726302378857626,1
47,Tuesday,7,5.5,6,2,0.4674604981489263,1
374,Monday,10,7.1,7,1,0.24316818391360168,1
228,Sunday,6,6.1,7,1,0.37262002402084454,0
39,Tuesday,6,5.9,8,1,0.48078886220467415,0
16,Monday,8,9.2,7,2,0.12232166638958762,0
22,Sunday,7,8.2,7,1,0.14492354792546203,0
213,Thursday,8,7.2,6,2,0.24262644495583802,1
310,Friday,5,5.8,7,4,0.345676931525474,0
149,Monday,9,7.6,5,1,0.11307308850653335,0
456,Thursday,8,5.5,6,2,0.7598896417229064,1
241,Wednesday,9,4.9,7,4,0.8012629093470419,1
272,Friday,4,6.0,9,3,0.36255521850412015,1
59,Monday,4,5.3,10,3,0.6775790362898269,0
287,Wednesday,5,7.3,8,2,0.4649601910623683,1
426,Friday,6,7.1,7,3,0.5524177211073792,0
202,Thursday,4,7.0,9,0,0.06710141699056382,0
32,Thursday,8,7.4,6,1,0.20738592098841652,0
443,Monday,6,7.3,8,1,0.1721565680080885,0
162,Monday,9,5.9,5,2,0.5797686020815345,1
255,Friday,10,7.3,6,1,0.0920424979512653,0
254,Friday,5,7.1,7,2,0.4548791820557905,1
9,Sunday,5,6.7,7,4,0.814387455577119,1
465,Friday,8,6.3,5,1,0.5637724570006882,0
139,Thursday,7,7.7,8,0,0.24606388763110648,1
480,Saturday,7,5.8,7,3,0.5404659175248137,0
10,Monday,9,7.1,6,1,0.29119793198361005,0
214,Wednesday,6,6.6,7,4,0.7821628832169392,1
273,Tuesday,4,6.7,9,0,0.5586846943439552,0
324,Monday,4,6.4,10,0,0.1172296573358175,0
48,Friday,6,7.2,6,1,0.4699431846876177,0
436,Thursday,6,4.8,8,2,0.5278441501898534,0
111,Thursday,8,7.0,6,1,0.49049697606706144,0
153,Wednesday,9,5.4,7,2,0.41217325630189916,0
123,Wednesday,9,7.9,6,0,0.07951380122191601,0
405,Monday,5,5.1,7,2,0.6945385075744164,1
357,Friday,5,3.8,7,4,0.8609269933365444,0
102,Wednesday,3,4.7,8,3,0.8342897961896247,1
241,Saturday,7,7.3,7,2,0.6295482203295941,0
321,Tuesday,8,4.8,6,3,0.751085645331619,1
191,Tuesday,5,5.1,6,1,0.8583446560870169,1
217,Friday,4,5.9,10,2,0.3578858569681567,0
51,Saturday,10,8.0,7,1,0.14492226279402404,0
292,Wednesday,5,5.8,8,1,0.11791011508484416,0
81,Friday,6,6.4,8,0,0.03287775087639604,0
489,Sunday,6,7.1,7,1,0.4091182124331715,0
383,Sunday,4,5.7,8,4,0.9656136211146328,1
88,Friday,8,7.2,6,0,0.2755127872908988,0
194,Friday,3,9.4,9,1,0.04752294396860825,0
104,Tuesday,9,4.6,7,2,0.6566564596309067,1
271,Saturday,7,6.3,7,0,0.47406414545536907,1
96,Wednesday,6,5.2,7,2,0.3064655985436883,1
423,Sunday,6,7.2,7,0,0.5169840852148475,0
379,Monday,7,5.0,7,3,0.8772697701032034,1
198,Wednesday,5,8.2,6,0,0.4003429031279325,1
1,Thursday,7,8.4,7,0,0.44963876781234474,1
495,Wednesday,5,7.5,8,4,0.2851902131710909,0
407,Tuesday,2,7.8,10,3,0.35690398482380825,0
378,Thursday,8,6.8,6,1,0.612569656898971,1
167,Friday,10,8.0,7,3,0.20320689702007302,0
126,Friday,8,6.3,7,0,0.05714549445114471,0
313,Tuesday,6,6.1,8,2,0.5577471401647095,1
81,Friday,6,7.5,7,1,0.01545768210269569,0
418,Tuesday,6,6.2,7,1,0.3382736477069268,0
251,Tuesday,6,9.3,6,1,0.09136385720617508,1
169,Friday,7,8.0,7,0,0.1019869539888766,0
477,Saturday,2,6.7,9,0,0.45644836955791185,0
73,Thursday,1,6.5,8,0,0.6920432259710185,1
141,Thursday,7,6.5,8,1,0.5795588545486078,0
70,Tuesday,6,5.8,6,2,0.5135909066872966,1
262,Thursday,5,7.8,6,1,0.19368588827813785,0
340,Monday,4,5.7,8,3,0.6573621874480753,1
308,Sunday,5,7.3,7,1,0.5106609155243513,0
245,Saturday,6,6.5,6,0,0.6596365159182032,1
3,Friday,9,6.0,5,1,0.252244794107001,1
337,Thursday,4,7.6,8,4,0.8513377602510078,1
63,Friday,8,7.5,6,3,0.2749084085876963,0
49,Thursday,8,6.3,5,0,0.38041382833036,0
76,Tuesday,6,8.1,7,1,0.19812573252389024,0
368,Tuesday,8,7.4,5,1,0.5222942818579115,0
175,Friday,7,6.8,6,1,0.49898485661685404,0
109,Sunday,4,8.5,9,2,0.5546287973529987,0
183,Monday,5,8.4,7,0,0.1414008911295334,1
192,Tuesday,7,7.2,7,0,0.4881279614973631,1
65,Wednesday,5,7.0,6,2,0.6314890644282237,1
337,Saturday,8,5.1,5,5,0.9861553165537187,1
451,Tuesday,9,7.0,7,1,0.09891013588099488,0
474,Tuesday,6,7.3,7,2,0.4216056144183668,1
271,Thursday,5,7.1,8,0,0.2933979797780776,0
100,Thursday,5,5.6,7,2,0.5200503062790867,1
32,Monday,6,5.9,7,2,0.35117421226057527,0
352,Monday,6,7.6,8,1,0.48679249358852933,0
128,Friday,8,6.2,7,2,0.32680288553120546,0
452,Wednesday,5,6.9,7,1,0.19108567884091718,1
402,Sunday,6,4.9,6,2,0.4952839086576885,1
369,Friday,8,6.7,6,1,0.4054264008213613,0
339,Monday,6,7.7,7,0,0.1579043162434245,0
43,Thursday,6,7.1,8,0,0.26252616706296,1
372,Wednesday,8,6.5,6,0,0.28643384446897924,0
419,Monday,9,5.4,5,1,0.466131620350556,1
488,Sunday,7,5.2,7,3,0.6421258908184149,1
78,Saturday,10,6.5,5,2,0.8752550059675267,1
314,Tuesday,7,7.9,7,3,0.7495898488570887,1
289,Tuesday,8,6.6,6,0,0.5195982718636128,1
270,Monday,10,7.5,5,3,0.22363638964565472,0
162,Tuesday,5,8.4,8,1,0.43959472668498734,1
189,Thursday,5,6.8,7,1,0.26915088712968605,1
247,Wednesday,8,7.7,7,0,0.5101815022046896,1
388,Sunday,6,8.8,7,1,0.6947566516083135,1
216,Monday,5,5.0,8,3,0.7298905668679859,1
315,Thursday,6,5.8,7,3,0.6331957737394526,0
413,Saturday,4,5.4,10,1,0.3434620301934685,0
339,Thursday,7,4.5,7,3,0.4726929832697309,0
390,Monday,7,6.1,6,0,0.34919209891736946,0
377,Tuesday,9,6.4,5,1,0.29411854963589035,1
481,Wednesday,9,4.5,7,4,0.7921475980022196,0
433,Sunday,6,7.9,7,1,0.3220317176376755,1
168,Sunday,10,6.8,5,1,0.3373767324511943,0
339,Sunday,4,9.1,9,2,0.31739014944784955,0
193,Saturday,4,7.6,8,1,0.7170980917864399,1
453,Wednesday,4,6.9,10,4,0.5798404689097932,1
283,Sunday,4,7.2,9,2,0.4089914956487772,0
336,Sunday,8,7.3,5,2,0.6426623208154586,0
390,Wednesday,10,7.1,5,3,0.23627634054180782,0
488,Tuesday,10,7.8,6,1,0.19876580969752744,0
13,Thursday,3,5.1,10,4,0.6452346087889861,1
240,Tuesday,8,5.7,6,1,0.5602061179559976,0
320,Monday,10,7.1,7,1,0.17154627846016138,0
446,Sunday,8,7.4,6,3,0.8420963915314221,1
483,Sunday,5,8.4,7,3,0.4364350148974591,1
147,Tuesday,7,5.9,8,1,0.35352676200166444,0
204,Wednesday,5,8.2,7,0,0.2611877915884287,0
80,Saturday,8,6.8,5,2,0.5798987642234319,1
379,Friday,4,6.3,8,2,0.8116504505941752,1
43,Wednesday,8,8.0,6,0,0.12210387270174154,0
458,Friday,5,7.4,7,0,0.26349719627768325,0
89,Saturday,7,9.8,7,2,0.20309919069635896,0
148,Sunday,6,8.5,7,2,0.28999978540915866,0
95,Wednesday,6,8.2,7,2,0.23626694347064392,0
452,Tuesday,8,6.3,6,3,0.37649441155192587,0
428,Sunday,10,9.0,6,2,0.17326690013801432,0
151,Monday,5,6.8,8,0,0.44920706685233924,0
2,Friday,7,4.0,8,4,0.8670416008650536,1
376,Monday,4,7.3,8,1,0.4523015541143152,1
22,Wednesday,6,7.4,7,1,0.2765237414334224,0
371,Wednesday,5,5.4,7,3,0.5826364402092283,0
313,Monday,4,7.1,7,0,0.5280745849779687,1
485,Sunday,9,7.5,6,1,0.3088370740845048,0
328,Monday,7,8.2,7,0,0.351881910738632,0
7,Saturday,5,7.9,7,0,0.130510517071173,0
206,Saturday,6,7.4,7,0,0.2872524078628684,0
440,Tuesday,9,5.1,5,1,0.5578338324313008,0
375,Friday,9,4.3,6,2,0.3625745171255987,1
451,Tuesday,8,8.2,5,0,0.07841493917017534,0
114,Friday,5,7.2,6,1,0.41616657379373445,0
272,Thursday,7,6.4,8,4,0.3389863937570213,0
83,Tuesday,4,7.4,8,0,0.43939524054296103,0
179,Wednesday,6,6.4,7,2,0.614382428223154,0
210,Friday,8,4.3,6,5,0.9092979889942977,1
500,Sunday,9,8.6,6,0,0.2978090164516915,0
464,Monday,5,8.1,6,3,0.5081385297364669,1
328,Thursday,8,6.3,5,3,0.7322920306017335,1
124,Tuesday,8,6.7,6,1,0.3721643117640637,1
481,Saturday,6,6.7,8,1,0.5132599849591339,1
113,Monday,8,8.9,7,2,0.1165134378771292,1
12,Friday,9,8.1,7,0,0.18973331673047902,0
126,Tuesday,8,5.7,6,1,0.15401593737220776,0
53,Thursday,4,7.4,8,1,0.041620481707029,0
331,Saturday,6,6.3,6,0,0.6510190488781004,0
389,Friday,7,5.7,7,2,0.585500560364293,0
283,Friday,5,6.2,7,2,0.41334259700811526,0
140,Thursday,10,6.0,6,6,0.6908620736063472,0
401,Saturday,7,5.5,7,1,0.7472465132702827,1
390,Thursday,6,8.3,6,1,0.2810981004942643,0
97,Sunday,5,7.7,7,1,0.3742011801945435,1
5,Thursday,5,8.6,7,0,0.2297158522231681,0
57,Thursday,8,6.5,6,1,0.5642777612410869,0
412,Tuesday,8,4.9,6,2,0.512276792709677,0
334,Thursday,5,7.9,6,0,0.313515911404693,1
69,Monday,9,7.0,7,0,0.11098848976024228,1
118,Saturday,6,7.1,8,0,0.6052602189488895,1
376,Friday,5,8.1,7,1,0.5832090410526253,1
59,Sunday,7,5.8,7,2,0.5560865326593563,0
33,Monday,4,7.9,8,1,0.2218878895571514,0
318,Tuesday,4,7.6,10,1,0.1257911775872967,0
50,Saturday,5,7.7,6,1,0.2936783578914909,0
368,Wednesday,5,4.9,8,3,0.9178106362143825,1
489,Wednesday,8,7.8,6,1,0.19650650083552318,0
19,Saturday,4,8.3,9,1,0.2557987017657516,0
214,Thursday,7,7.0,8,0,0.3404923203243324,1
197,Tuesday,8,6.6,6,0,0.45965458478132093,0
379,Saturday,9,6.0,5,2,0.8394386391592533,1
450,Monday,6,5.4,8,2,0.5344272055568448,1
478,Saturday,6,6.5,8,2,0.34640279874546703,1
47,Monday,10,4.8,6,4,0.7181032980988713,1
167,Friday,9,4.8,7,5,0.7559832138255994,1
452,Monday,6,6.2,8,1,0.3221653749826744,0
289,Friday,9,5.1,7,3,0.714017544105122,1
141,Monday,7,6.4,7,2,0.7252110646890112,0
84,Saturday,7,7.5,7,0,0.12726319900669913,0
182,Wednesday,10,5.0,6,3,0.8234909366591686,1
391,Monday,9,7.7,5,1,0.409366523860787,0
79,Friday,10,7.9,6,1,0.15293615231092897,0
215,Thursday,4,4.1,9,3,0.8611939517907192,1
14,Tuesday,10,8.3,5,0,0.296895236315015,0
215,Monday,6,7.4,7,0,0.1945807864233921,0
403,Wednesday,6,6.8,7,1,0.7128532381831989,1
128,Monday,7,8.5,7,1,0.03511384969464352,0
310,Monday,8,6.8,6,0,0.07141851404605679,0
477,Tuesday,9,5.8,6,2,0.5053756009578426,0
248,Thursday,8,4.9,7,3,0.730025756930141,0
404,Thursday,5,6.6,6,1,0.553613822177103,1
29,Monday,5,6.6,7,0,0.06299859599472224,0
280,Sunday,6,5.4,6,4,0.7556602298223238,0
338,Saturday,6,7.0,6,3,0.8472986887499919,1
319,Tuesday,7,8.5,8,1,0.04219284622110124,0
202,Monday,9,7.3,5,1,0.19724392723611794,0
361,Sunday,7,5.8,6,4,0.650534695055842,0
57,Wednesday,10,7.1,6,0,0.2307685025005969,1
392,Tuesday,9,7.5,7,0,0.1189724359108724,0
218,Thursday,6,7.9,7,4,0.4551103454567146,0
62,Friday,3,7.4,9,0,0.23478678634310438,1
157,Tuesday,10,8.1,5,0,0.29936686204140944,1
202,Friday,6,7.6,7,1,0.08550000836743439,0
17,Friday,8,6.4,6,2,0.37514804563717774,0
322,Thursday,5,7.1,8,3,0.17639524753692903,0
6,Saturday,10,7.1,6,1,0.3675889903336317,0
58,Monday,8,7.2,6,2,0.3361483548124002,1
325,Thursday,4,7.6,9,0,0.2744744533107144,0
412,Wednesday,3,6.6,8,1,0.4655228806640686,0
318,Wednesday,7,7.1,7,3,0.379524997764614,0
169,Tuesday,7,6.1,7,0,0.30248625667495005,1
453,Wednesday,8,6.3,5,0,0.3695440088058025,1
82,Monday,5,6.6,7,4,0.85969525561389,1
474,Tuesday,5,6.0,7,3,0.572643549049563,1
468,Tuesday,3,8.3,10,1,0.2391145354466635,1
425,Friday,5,7.4,8,1,0.10331047279982736,0
433,Monday,3,7.6,8,3,0.2597435617704605,1
219,Friday,5,7.4,6,0,0.18347439283158057,0
177,Tuesday,7,6.9,6,2,0.4123523946990958,0
204,Monday,7,5.2,7,1,0.346735006810372,0
71,Tuesday,5,8.0,7,0,0.39325773425432087,0
387,Tuesday,7,9.2,6,1,0.0975673833931848,0
266,Thursday,9,7.5,7,2,0.5780640838828858,0
98,Wednesday,6,5.8,7,1,0.8286667529836304,1
345,Sunday,4,8.1,7,2,0.2815675562241309,1
291,Sunday,8,6.4,5,1,0.6580822299506669,1
208,Wednesday,9,6.1,6,4,0.8283002343915101,1
2,Friday,5,3.8,6,6,0.9756929549012201,1
124,Monday,5,8.3,7,1,0.2612098312309107,0
280,Thursday,3,7.1,8,0,0.1559739820466559,0
74,Friday,6,7.4,8,2,0.511719656459418,1
166,Tuesday,5,7.6,7,2,0.563274490440931,0
22,Monday,3,7.3,9,1,0.40122519023519443,1
154,Monday,6,7.9,8,2,0.34944940477953557,0
427,Wednesday,6,8.3,7,0,0.08493581954409891,0
439,Thursday,6,6.7,7,1,0.11071152477230836,0
295,Wednesday,6,4.7,6,2,0.746947937859274,1
219,Wednesday,10,5.7,6,2,0.16785239060662427,0
157,Wednesday,7,7.4,7,1,0.4238280673239797,1
495,Friday,8,5.5,6,1,0.3210616796539315,0
230,Monday,10,6.6,5,1,0.2050391796503946,0
20,Friday,8,9.7,6,0,0.32357255935242607,0
475,Friday,6,8.0,8,1,0.0718169614166529,0
41,Friday,3,4.3,10,5,0.5491109124468061,0
438,Friday,6,9.5,6,1,0.2113967448520526,1
148,Wednesday,9,8.3,6,0,0.13097666859176746,0
108,Tuesday,8,7.5,5,0,0.23717072969550343,0
403,Thursday,6,6.9,6,0,0.6831956998493279,0
84,Sunday,6,5.7,7,1,0.5508349640069292,1
483,Thursday,7,6.3,7,0,0.11380567568190984,0
367,Monday,5,4.3,7,2,0.7818645433899997,1
322,Monday,5,7.8,6,3,0.24489509107445093,0
414,Sunday,5,7.6,8,2,0.8828417691733588,1
309,Monday,7,5.8,7,1,0.34337487350894125,1
290,Monday,4,7.9,9,0,0.3260309357550941,0
406,Wednesday,9,7.1,6,0,0.07314306122604702,0
323,Sunday,6,9.4,7,0,0.40750697863046503,1
134,Tuesday,4,6.2,10,0,0.11662212251286183,1
207,Wednesday,9,8.4,6,0,0.2452698895744497,0
283,Thursday,10,7.0,6,1,0.18477423870586088,0
266,Monday,10,5.8,6,2,0.712658308589462,1
73,Saturday,9,8.1,5,1,0.2663581241578048,1
481,Thursday,5,6.8,7,3,0.547809372132173,0
352,Wednesday,7,7.2,8,1,0.3380512330937946,0
48,Saturday,10,6.2,6,1,0.47932884196525083,1
326,Sunday,5,4.6,7,5,0.9414929285166475,1
233,Wednesday,4,6.1,9,2,0.6753078713921621,1
443,Tuesday,6,7.4,7,0,0.46452381513068813,0
100,Saturday,4,8.1,10,0,0.11029561709554789,1
59,Wednesday,5,6.2,6,2,0.820717052905472,1
258,Sunday,5,7.7,8,3,0.5667579983690696,0
413,Sunday,8,6.9,6,4,0.7268324688709924,1
452,Monday,4,6.5,7,0,0.19998704163896577,0
65,Sunday,7,8.9,7,0,0.21939159428068605,0
83,Wednesday,5,5.1,7,2,0.7939768781242481,1
154,Friday,8,9.0,5,2,0.6272772639990959,1
473,Monday,8,6.9,6,0,0.3326952983636222,0
266,Saturday,8,9.8,5,0,0.3671099996711919,0
309,Friday,8,8.9,6,0,0.14630356141660425,1
79,Friday,5,4.0,7,4,0.8179060010610121,1
315,Sunday,6,7.6,7,0,0.20883169234714974,0
150,Thursday,9,5.5,7,3,0.5114252439561088,1
435,Wednesday,7,6.5,8,3,0.47162871104229365,1
48,Saturday,8,7.9,7,0,0.212574714258067,0
405,Friday,4,8.4,9,3,0.4224810551318641,1
379,Sunday,8,6.1,6,1,0.8182990621034266,1
248,Sunday,3,10.0,8,1,0.2721745084459111,0
278,Wednesday,3,6.0,9,2,0.4273003512092016,0
356,Wednesday,5,5.1,6,3,0.8576754611372716,1
98,Tuesday,7,8.0,7,0,0.20880256472788986,0
414,Friday,8,6.9,6,1,0.5860749484712977,1
25,Wednesday,5,9.4,8,1,0.1674069329638149,0
493,Friday,3,5.5,8,1,0.46740812223404643,0
284,Monday,8,6.9,5,2,0.7897617057294684,1
449,Monday,8,8.2,5,2,0.6502304064452897,1
369,Tuesday,7,5.7,8,2,0.36516212032038614,0
301,Monday,10,8.2,5,0,0.4562170071229438,1
68,Thursday,7,7.2,8,1,0.15126845379948023,0
7,Monday,5,5.5,8,2,0.29687729136640817,0
305,Monday,9,8.2,7,3,0.041269669990618464,0
137,Monday,6,6.5,8,0,0.3605659206509479,1
164,Friday,6,8.1,8,2,0.6378761982206551,1
83,Saturday,5,6.6,7,0,0.5210545907174625,1
385,Tuesday,5,5.0,6,3,0.8420494914395767,1
138,Friday,6,6.2,8,1,0.3368651591672345,0
420,Wednesday,10,6.6,5,1,0.2886322998055283,1
73,Tuesday,4,6.9,7,1,0.6611499202515384,0
237,Thursday,9,7.3,5,2,0.1995663495842789,0
46,Tuesday,3,9.1,8,3,0.5135380848501744,0
106,Friday,10,6.6,6,0,0.17912594242391477,0
416,Monday,10,8.8,5,2,0.36428231173457115,0
288,Sunday,4,8.6,8,0,0.11464670511441148,0
262,Monday,7,6.6,7,0,0.06587244467293168,0
176,Thursday,8,7.1,7,0,0.32824793710805367,0
166,Sunday,5,7.9,6,0,0.4261195971610787,1
145,Monday,10,7.9,5,1,0.07381796939807443,0
330,Thursday,7,8.1,7,0,0.25332898555475075,0
370,Wednesday,5,5.0,8,5,0.745448612176323,1
283,Thursday,7,7.9,7,0,0.03848694973094938,0
54,Tuesday,5,7.2,6,3,0.7621557672997672,1
178,Monday,7,7.2,7,1,0.4457308219584481,0
419,Thursday,6,6.5,7,2,0.5973089385431859,1
244,Wednesday,5,7.5,7,2,0.4581092024932875,0
341,Thursday,8,7.8,7,0,0.19192619931036528,1
127,Tuesday,3,6.8,9,3,0.5018609331234809,0
409,Wednesday,10,7.9,6,0,0.03614340851599412,1
412,Thursday,7,5.9,7,2,0.32512345589179076,0
367,Thursday,10,6.7,6,3,0.5938170560910002,1
271,Wednesday,8,7.1,6,2,0.2659082815437292,0
132,Tuesday,4,6.3,8,0,0.45379803811496056,0
93,Tuesday,7,6.3,8,0,0.05837193926217708,0
379,Tuesday,3,5.6,8,4,0.9648736788716199,1
73,Wednesday,5,7.2,8,2,0.6076551805695674,0
411,Tuesday,6,9.0,6,3,0.5575859510339654,1
410,Thursday,5,7.4,7,1,0.1863091470291476,0
403,Thursday,6,6.5,6,4,0.8890913430024436,0
248,Wednesday,5,8.3,6,1,0.7424216398481362,1
348,Wednesday,10,6.7,7,1,0.07542202503073063,0
273,Tuesday,7,7.6,7,0,0.27554232612964646,0
43,Thursday,8,7.4,6,6,0.6900938559039946,0
377,Sunday,6,5.6,8,5,0.7100058109793548,1
41,Friday,7,6.8,7,3,0.2828609225845888,0
170,Friday,2,9.3,9,1,0.0647702515142498,0
434,Saturday,10,6.7,5,0,0.38290729714918764,0
212,Wednesday,5,8.6,6,0,0.2723957139744984,0
493,Monday,9,7.9,6,1,0.15785977877306434,0
168,Thursday,9,6.2,7,1,0.09180617513833571,1
39,Tuesday,3,6.8,8,1,0.5421173645565369,0
369,Thursday,7,5.6,6,3,0.43709222516927115,1
245,Friday,7,7.8,7,0,0.30654863921473113,1
151,Friday,7,5.6,7,2,0.7047200689368891,1
111,Tuesday,6,7.3,8,1,0.43301022660453997,0
480,Thursday,6,9.0,7,1,0.15182294243018124,0
436,Thursday,5,6.0,8,2,0.42015924447727,0
47,Saturday,9,7.9,5,0,0.18044472835521683,1
63,Friday,7,5.0,6,3,0.3609718744063124,1
225,Sunday,7,7.6,7,0,0.29929957138284585,1
366,Monday,3,5.6,10,3,0.44717359349131136,1
69,Wednesday,6,7.1,7,1,0.2599339919058934,0
299,Tuesday,6,6.2,8,0,0.16456972815782756,1
432,Monday,8,5.6,5,3,0.5949255760312213,1
290,Sunday,3,7.4,9,0,0.44624715811215937,0
296,Sunday,4,4.3,9,2,0.6886527936771168,0
203,Tuesday,10,5.6,6,4,0.6725080320061774,0
61,Monday,5,9.7,7,0,0.43575284576620815,1
434,Tuesday,3,6.5,9,1,0.46469766830532305,0
451,Saturday,5,6.9,7,0,0.11539511510890883,0
318,Tuesday,5,7.3,7,0,0.45060090316375756,0
314,Monday,8,8.1,5,1,0.3329598214349465,0
161,Monday,8,8.8,6,0,0.10661629992206757,0
331,Wednesday,5,6.8,7,2,0.4803912674932193,0
16,Sunday,6,7.3,7,1,0.26303821681771555,0
338,Tuesday,8,7.3,6,1,0.33239171191956385,0
94,Wednesday,8,6.9,6,0,0.5617944581971759,0
304,Monday,4,6.6,8,1,0.3381699137756373,0
138,Thursday,5,7.6,7,1,0.4701247327478593,1
338,Friday,10,7.5,6,2,0.23818866111348783,0
38,Tuesday,6,6.9,8,0,0.07298413499710614,0
127,Tuesday,9,9.7,7,1,0.10351515488811679,0
275,Saturday,7,9.8,8,2,0.2938091895174875,0
164,Monday,9,7.5,5,2,0.5153002025268272,1
443,Thursday,8,8.2,5,1,0.369994224126451,1
319,Wednesday,7,6.0,8,2,0.42901377304137467,0
77,Tuesday,7,6.9,7,1,0.6221562600731488,0
174,Friday,4,7.7,7,2,0.4962636797854215,0
387,Saturday,6,9.2,7,3,0.3297675852516251,0
458,Thursday,5,5.6,7,1,0.6916345503679184,0
358,Monday,6,6.1,8,3,0.6314657862108426,1
321,Wednesday,6,6.9,8,2,0.15890425436044098,0
376,Wednesday,7,8.7,6,1,0.4236865007610779,1
91,Thursday,8,6.9,5,1,0.39060574611165516,1
238,Friday,6,8.2,7,1,0.35001992839734736,0
264,Monday,8,6.7,5,0,0.09555703637492273,0
179,Thursday,6,7.7,6,0,0.43445258660801744,0
494,Thursday,7,5.5,8,1,0.5495733499869577,0
490,Wednesday,10,5.9,7,4,0.339188388010163,1
209,Friday,4,6.5,9,0,0.5932189797330047,1
73,Tuesday,6,5.4,8,2,0.7305156560401985,1
390,Tuesday,3,5.3,8,6,0.9006377838407792,1
107,Sunday,7,7.0,8,2,0.691800259952882,1
345,Wednesday,7,5.0,7,3,0.6152176695823423,1
295,Wednesday,7,6.6,8,1,0.2896596512832712,0
369,Thursday,5,7.1,7,0,0.17164604327028019,0
444,Sunday,5,6.5,8,2,0.7608173593120588,0
284,Sunday,7,7.0,8,1,0.553738781852517,1
353,Thursday,4,6.3,9,5,0.5345147189108509,1
182,Monday,8,8.6,6,0,0.2531033595356367,0
37,Sunday,4,7.6,10,4,0.3726740082236307,0
137,Thursday,6,9.4,6,0,0.3183619414655531,0
338,Wednesday,6,6.2,6,1,0.6741450165413746,0
56,Saturday,5,6.9,6,1,0.7509505673593369,1
187,Wednesday,3,8.1,9,0,0.22055235217233746,0
341,Monday,6,3.7,8,4,0.8745679493838473,1
258,Saturday,4,8.3,9,1,0.22226133015587618,0
445,Thursday,7,6.6,7,4,0.44537418732616685,0
58,Wednesday,5,6.8,8,0,0.25504042607076316,0
363,Tuesday,6,6.3,7,0,0.3454004274626535,1
123,Thursday,3,7.4,10,4,0.37487781916476115,0
188,Tuesday,8,4.5,7,3,0.68825939366693,1
230,Wednesday,9,5.8,6,3,0.6154837056159297,0
168,Thursday,5,9.1,6,1,0.15980706082692195,0
420,Saturday,10,7.5,5,1,0.6034034484849687,1
114,Thursday,8,5.3,6,1,0.7859082258249883,1
252,Friday,6,6.8,8,0,0.2601881150927637,0
107,Friday,6,7.6,6,1,0.6618829911669276,0
37,Friday,5,6.8,7,0,0.43663746799780956,1
335,Tuesday,5,6.6,7,1,0.4704974670666398,0
92,Saturday,6,6.7,7,1,0.6483567578121793,1
18,Wednesday,6,5.2,7,2,0.4488399125567627,0
354,Monday,4,4.5,9,4,0.9208521225672532,1
63,Tuesday,9,5.7,6,2,0.4126627293430357,1
150,Friday,8,8.3,7,2,0.19880993564210922,0
139,Monday,10,6.2,6,2,0.5415191274129,1
186,Monday,7,6.5,7,2,0.23857594856153372,0
185,Friday,9,4.9,5,3,0.7605325903733182,1
205,Saturday,4,7.4,8,1,0.4386608292183354,0
260,Thursday,8,6.2,6,1,0.3281636579006069,0
214,Tuesday,3,6.3,8,1,0.5788859775416942,0
256,Monday,5,6.0,8,1,0.4469600604378434,0
135,Thursday,10,6.0,5,1,0.3227253627707932,1
61,Monday,6,6.4,6,0,0.7501549720408555,1
363,Thursday,6,6.7,7,1,0.15505859545231027,0
310,Tuesday,8,4.0,5,3,0.7784336910870764,0
88,Sunday,6,5.4,6,1,0.8389364210436944,1
324,Wednesday,4,6.1,8,0,0.2651329563765292,0
476,Tuesday,5,7.8,7,1,0.14896459828883674,0
207,Saturday,8,5.7,6,1,0.824277935844809,1
129,Tuesday,7,7.4,6,1,0.22050119883964364,1
311,Tuesday,8,8.7,5,0,0.08288629123399616,0
3,Saturday,8,7.1,6,1,0.36614021397673857,0
462,Tuesday,7,6.2,8,3,0.6028168400832904,1
422,Wednesday,7,7.3,8,1,0.2566474948326347,0
242,Wednesday,7,6.8,7,3,0.5074716947145907,1
121,Monday,6,6.0,7,2,0.39165568022233443,1
385,Monday,6,7.0,8,0,0.13769896444180085,1
102,Friday,8,5.9,5,3,0.6701484030669272,1
38,Friday,9,8.4,5,5,0.49873944853811686,0
341,Tuesday,3,6.4,8,1,0.6531356835718631,0
496,Tuesday,10,7.2,6,0,0.17554620532401352,0
413,Sunday,8,9.4,5,4,0.5145569220102097,0
133,Sunday,7,7.2,7,1,0.5830559354094714,1
497,Wednesday,4,5.8,8,1,0.2499236174744128,0
202,Saturday,5,6.7,7,0,0.24179970453026756,0
348,Friday,8,6.7,5,1,0.27542366485205494,1
21,Tuesday,7,6.5,8,2,0.21343340995689905,0
242,Monday,4,6.5,7,1,0.5744572577576579,0
455,Monday,5,7.1,8,0,0.208381026293654,0
451,Saturday,5,7.5,7,3,0.510066753598353,0
109,Friday,5,6.1,8,2,0.6656175359075739,1
303,Friday,7,6.7,8,1,0.12154614229973645,0
84,Monday,4,5.9,8,1,0.21085992315196264,0
83,Thursday,8,6.1,5,2,0.6410000729536118,1
291,Friday,4,3.9,9,6,0.9406604513556945,1
452,Saturday,8,6.4,5,2,0.40958067642574186,1
69,Monday,10,7.7,7,1,0.1290199533822545,0
129,Friday,8,7.5,5,2,0.3331422166497973,0
196,Monday,5,7.6,7,1,0.22654425716587914,1
140,Friday,5,7.2,6,2,0.4208693786460364,0
444,Thursday,4,6.1,8,0,0.5648150657161968,0
283,Monday,9,5.2,6,2,0.4947401419794352,1
312,Friday,7,6.3,7,1,0.7679857664469232,0
234,Monday,3,3.5,9,7,0.970837295353682,1
23,Saturday,4,8.8,10,0,0.38692571866506464,1
153,Tuesday,3,6.9,7,3,0.6063210406577906,0
277,Friday,8,7.7,7,1,0.18102708236844087,0
61,Sunday,4,6.8,8,3,0.9236531972737608,1
319,Wednesday,8,4.8,5,3,0.42829738202546147,0
378,Thursday,5,6.9,7,0,0.5942339621196561,1
52,Wednesday,8,6.9,7,3,0.9013937621910512,0
344,Monday,6,6.5,7,0,0.5590758476028796,1
153,Thursday,8,7.0,6,1,0.431460131339538,1
237,Friday,5,6.1,7,3,0.4104822475242202,1
311,Sunday,5,7.6,7,0,0.577850506885349,0
302,Saturday,6,8.0,7,0,0.14598917288307875,1
32,Thursday,8,8.7,5,3,0.3336675170545138,0
55,Friday,4,7.6,8,2,0.5794249110140315,0
352,Saturday,5,5.9,7,6,0.9775664729662912,1
389,Thursday,6,6.2,7,0,0.1647129703208185,0
36,Monday,7,5.7,6,2,0.6507655644363842,1
110,Wednesday,6,8.3,7,1,0.2738340530855097,0
490,Saturday,8,6.8,6,1,0.6417471227955719,1
177,Thursday,5,6.4,7,1,0.19502594611568502,0
362,Friday,8,6.6,6,2,0.5605950679965629,1
314,Tuesday,8,7.2,6,0,0.15513313052124947,1
295,Sunday,5,6.0,7,2,0.823759660845507,1
336,Wednesday,8,6.7,5,2,0.579592975761245,1
97,Friday,4,7.8,10,2,0.29634284508284164,0
369,Monday,7,6.3,8,2,0.18664739179159093,0
213,Monday,5,8.9,6,2,0.29254818729654425,0
317,Friday,7,5.6,7,3,0.6736564190775214,1
137,Sunday,6,6.8,8,1,0.7336221451977383,1
6,Wednesday,5,7.6,7,1,0.29920342175966974,1
499,Monday,3,6.7,10,1,0.42498285754531334,0
109,Wednesday,6,6.4,6,0,0.7348822260990546,1
35,Monday,9,5.4,6,2,0.5321048884286396,0
39,Tuesday,7,6.0,7,2,0.765508575187066,1
150,Friday,3,8.9,8,0,0.09615909264483814,0
425,Sunday,6,7.8,8,0,0.20573233440219868,0
118,Monday,9,7.4,6,1,0.6371548387839828,1
261,Thursday,6,6.0,6,1,0.49656777918378747,0
426,Tuesday,5,6.9,7,1,0.5378912072384434,1
87,Monday,10,6.4,7,1,0.2561030472993509,1
465,Tuesday,4,5.2,7,4,0.8440796528922558,1
76,Thursday,6,5.8,7,2,0.48843591827704974,1
471,Monday,5,6.1,7,2,0.7486592861762063,1
464,Wednesday,8,9.2,7,0,0.02852572009209333,0
451,Monday,7,8.9,7,0,0.03322507894309354,0
414,Tuesday,5,4.7,7,2,0.7592139388004578,0
313,Tuesday,5,5.7,7,5,0.8664695687018953,0
383,Saturday,7,7.2,7,1,0.3928904844340649,0
214,Friday,7,6.7,6,0,0.1648016406214687,0
457,Saturday,6,7.2,8,0,0.3624136401126121,1
285,Wednesday,6,8.9,8,2,0.13323129369910544,0
239,Tuesday,4,6.1,10,0,0.17519963823924936,0
165,Wednesday,10,8.9,6,1,0.20956033253323603,0
87,Monday,8,7.9,5,2,0.36836579258386026,0
141,Friday,7,6.6,6,0,0.67678561700667,1
160,Wednesday,8,5.9,6,2,0.4081163486939257,0
46,Tuesday,6,5.9,8,2,0.5169330316696451,1
372,Thursday,5,9.0,8,3,0.2746423373859096,0
495,Wednesday,7,7.6,8,3,0.08913171426890006,0
112,Sunday,7,7.8,6,0,0.18157313262677546,1
407,Wednesday,10,4.1,6,4,0.872268475675489,1
45,Thursday,5,6.1,7,0,0.7627463664038898,0
401,Tuesday,5,6.3,8,2,0.6184731317950815,0
247,Sunday,10,7.7,6,0,0.20835595882645583,0
104,Wednesday,9,6.5,6,0,0.1542984612057859,0
85,Thursday,8,6.2,5,4,0.8487253760167434,0
450,Monday,5,7.1,8,2,0.15457867702287212,0
485,Friday,7,7.8,7,2,0.19667551712144266,0
134,Tuesday,4,6.0,9,3,0.558027034208867,1
108,Wednesday,5,5.5,8,2,0.7771369247215383,0
18,Saturday,4,6.7,8,2,0.5097189663372479,1
94,Sunday,5,6.2,7,0,0.6052798276728323,1
150,Wednesday,4,6.4,8,4,0.583617580205471,0
246,Saturday,8,9.8,5,3,0.6654978561345836,1
289,Monday,10,6.3,5,0,0.5156752743566204,1
414,Saturday,8,6.1,5,3,0.9441638115120677,1
209,Thursday,8,6.2,5,3,0.7634831940040454,1
126,Thursday,6,8.6,6,2,0.10981509912328885,0
235,Saturday,7,7.1,7,0,0.3726070266585793,1
416,Saturday,4,6.4,7,2,0.768221612477917,1
426,Tuesday,4,4.6,10,7,0.9479695359991878,1
499,Friday,4,6.3,10,2,0.39115069283827675,0
462,Monday,4,5.0,9,3,0.6605989384934353,1
122,Saturday,8,7.7,7,2,0.6545077595423735,0
138,Friday,8,6.2,6,4,0.6521933099168017,0
495,Monday,5,4.2,8,4,0.7012646211609047,1
115,Friday,7,8.7,7,1,0.1626446979296238,0
420,Thursday,9,9.3,6,1,0.18432994501499772,0
162,Thursday,6,7.0,8,0,0.30747662069214804,0
201,Tuesday,5,8.5,7,2,0.2911030610558994,1
234,Tuesday,6,7.0,7,1,0.36493214009840863,1
28,Friday,9,4.4,6,4,0.7194821789930227,1
11,Tuesday,6,6.4,8,1,0.4123901318696671,0
206,Wednesday,10,5.9,6,3,0.45945165227747503,1
167,Friday,5,4.9,7,4,0.7208285958843424,1
247,Monday,5,6.7,7,0,0.31603256151870646,0
47,Thursday,4,5.8,10,3,0.290108866794629,1
246,Thursday,9,6.9,6,4,0.5856896254670891,0
127,Friday,7,7.6,7,0,0.16465222272359872,0
147,Wednesday,5,8.7,7,1,0.1476260580066567,0
118,Wednesday,6,6.7,6,0,0.6769772300833952,0
399,Wednesday,7,5.4,7,1,0.4320442038668066,1
382,Saturday,5,6.8,8,2,0.6212483190875194,0
412,Monday,7,6.2,7,0,0.10765995253562714,0
152,Sunday,8,10.0,6,0,0.19016407603240787,0
72,Thursday,6,6.6,7,2,0.5776405088288117,0
363,Saturday,3,8.0,10,1,0.41348290351075284,0
137,Wednesday,6,8.0,7,1,0.2674945340193369,0
175,Wednesday,5,8.4,6,1,0.41146346059420125,0
289,Sunday,4,7.6,8,2,0.7622682061292267,1
446,Monday,8,6.3,6,0,0.6408741777343235,1
481,Monday,8,6.1,7,0,0.23031909256978358,0
19,Tuesday,7,5.2,8,2,0.5505763161065671,0
195,Sunday,6,8.5,6,4,0.9123011622775855,1
330,Thursday,7,10.0,8,0,0.04130885064774385,0
424,Thursday,5,8.3,7,0,0.09835650705164457,0
175,Friday,8,6.7,6,1,0.28000281792108483,0
490,Wednesday,6,5.2,8,3,0.7601155332149296,0
449,Friday,6,6.0,7,2,0.6671907992319759,1
413,Wednesday,6,7.2,6,0,0.1472624013807639,0
434,Saturday,10,7.0,7,2,0.5066488625010069,1
354,Tuesday,4,6.5,7,3,0.7808117055832421,1
499,Tuesday,6,7.2,8,0,0.30397323291884015,1
141,Thursday,3,7.0,9,1,0.5458515103817664,0
246,Wednesday,7,9.5,6,1,0.41215479995959114,0
385,Friday,10,9.4,5,1,0.0921376659986002,0
418,Wednesday,6,6.3,6,3,0.7862166616541497,1
93,Tuesday,5,7.9,8,1,0.05772763253818828,0
432,Wednesday,6,5.0,6,2,0.8494899835211308,1
239,Thursday,9,7.8,6,2,0.15954114861342106,1
205,Monday,9,7.3,5,2,0.24548026374007909,0
48,Thursday,4,5.6,10,3,0.485914565320408,1
433,Tuesday,8,8.1,7,1,0.05733176375936632,0
245,Wednesday,6,5.5,7,2,0.7494096734855596,1
320,Tuesday,9,6.5,7,1,0.17061986323501088,0
317,Sunday,10,7.6,6,2,0.3238598211582896,0
413,Friday,10,4.7,5,2,0.529715117497038,1
295,Tuesday,5,6.9,6,1,0.761295934281347,1
128,Friday,5,5.6,7,2,0.2485437825413862,0
344,Saturday,10,6.9,5,2,0.8856969429467108,1
282,Wednesday,6,6.6,8,1,0.4912267845799348,1
17,Saturday,5,5.4,8,1,0.613574001294772,1
71,Monday,4,6.1,9,3,0.6908003265719791,1
269,Saturday,7,7.2,8,3,0.22959096784796942,0
325,Thursday,6,6.3,6,2,0.8301407910756815,1
282,Tuesday,7,5.6,6,2,0.6859176571172428,1
305,Wednesday,7,5.1,7,2,0.20439117330236733,0
451,Sunday,4,6.2,8,0,0.217104093141635,0
7,Friday,5,4.4,7,3,0.5082040403301082,0
314,Thursday,8,5.7,5,1,0.5988961833923002,1
305,Monday,9,8.2,6,5,0.22429008899424538,1
103,Wednesday,6,4.8,8,3,0.43929384238451846,0
309,Tuesday,7,7.8,7,0,0.12066532700064848,0
193,Monday,4,5.1,8,1,0.7373997637770188,0
241,Thursday,6,7.3,6,1,0.45854950779167375,1
62,Saturday,9,10.0,5,1,0.29049451251428066,0
17,Friday,10,7.4,6,2,0.45087722331724106,0
171,Tuesday,6,6.5,7,5,0.8474534814461895,1
25,Thursday,6,6.5,8,0,0.45658272268364647,1
251,Sunday,4,8.5,7,1,0.3402509596817096,0
253,Friday,5,7.2,7,0,0.3244070501600513,0
387,Friday,6,7.0,7,0,0.1604528110164573,0
207,Sunday,6,6.8,6,1,0.8749429338292122,1
29,Friday,5,7.1,8,1,0.06920105098013901,0
117,Monday,9,4.5,7,2,0.3016663969688175,0
491,Wednesday,7,6.0,7,1,0.13368185052747328,0
416,Sunday,6,9.5,7,0,0.24705098476259812,0
282,Thursday,8,7.7,6,2,0.17428036129537164,1
380,Monday,6,6.5,7,2,0.43908076169709465,0
144,Wednesday,10,5.4,6,1,0.3288912240083713,1
25,Friday,5,9.1,8,1,0.33244025766623636,1
310,Sunday,7,6.7,8,4,0.6598918696185597,0
156,Wednesday,2,5.6,9,2,0.6404272044496,0
73,Thursday,6,6.9,6,0,0.3942045233758215,1
120,Saturday,7,6.8,6,1,0.6908957086944326,0
312,Wednesday,6,4.3,7,2,0.8857005320515393,1
321,Monday,4,5.0,10,3,0.22860350406809526,0
93,Sunday,5,7.2,7,2,0.19140645066363454,0
86,Thursday,4,5.3,8,2,0.5655449499635933,1
336,Thursday,6,4.8,6,4,0.8822987428525707,1
425,Thursday,8,4.9,6,4,0.492004289434138,1
499,Monday,6,6.5,7,3,0.8489841176726948,1
364,Sunday,10,7.2,6,3,0.5119555654991845,0
435,Wednesday,7,7.7,8,3,0.3618074489314175,1
118,Wednesday,2,5.3,10,1,0.7691787585227031,1
233,Tuesday,7,6.5,8,2,0.3385671206047701,1
199,Wednesday,6,5.9,7,2,0.5491173453531609,1
206,Saturday,9,8.1,7,0,0.15406675922034757,0
413,Friday,6,6.7,7,1,0.2645263587583033,1
339,Sunday,6,7.8,8,0,0.16187029515651982,0
147,Wednesday,10,8.2,6,1,0.2994902503601937,0
450,Friday,2,6.9,10,1,0.2338704914650007,0
425,Thursday,6,8.0,6,3,0.6605116189356459,0
429,Saturday,7,5.8,8,3,0.5009807545158161,0
271,Friday,6,4.9,6,2,0.7315629217596393,1
387,Wednesday,2,8.3,7,1,0.24598338226127303,1
139,Wednesday,7,7.0,7,3,0.7669652347297715,1
181,Tuesday,6,7.4,7,2,0.2425088002176616,0
430,Thursday,6,8.1,7,1,0.211737008679031,1
30,Sunday,9,6.5,6,1,0.43566765142713554,1
57,Tuesday,7,6.0,6,2,0.7563023033469568,1
232,Monday,5,7.7,7,2,0.24517561478836766,0
146,Monday,7,6.3,8,2,0.3814520661838096,0
435,Friday,6,6.0,8,3,0.6610209259539012,1
384,Wednesday,6,5.2,6,4,0.9567339868974177,1
48,Tuesday,8,7.8,6,0,0.12803516627981346,0
194,Wednesday,5,6.0,6,2,0.3290736561473991,0
224,Friday,8,7.8,6,1,0.34029772352106724,0
136,Thursday,6,7.3,7,5,0.34864639629185257,1
22,Friday,5,8.4,8,1,0.09395075259157037,0
6,Wednesday,5,4.7,8,4,0.7915128795344667,1
204,Wednesday,5,3.5,8,4,0.8184028522499158,1
239,Monday,7,8.8,7,2,0.19099675767243762,0
185,Monday,6,7.9,7,4,0.4820464356749311,0
360,Wednesday,9,5.5,7,2,0.27933420799164305,0
292,Tuesday,5,5.7,6,1,0.12984891223987916,0
335,Thursday,8,6.8,6,0,0.3061579276884887,0
220,Monday,9,6.5,5,0,0.15098047745972698,0
116,Monday,10,5.9,6,3,0.7247321670401703,1
313,Saturday,5,6.4,7,1,0.5692041503482363,1
49,Thursday,9,6.1,6,3,0.48210584689400526,0
173,Friday,7,7.3,8,0,0.271199064802883,0
82,Saturday,9,7.4,6,1,0.5636327600479037,1
322,Wednesday,5,6.1,8,1,0.07840966636338055,0
333,Friday,6,5.9,8,1,0.1686997826704271,0
45,Thursday,6,9.3,8,0,0.2544406124601406,0
335,Tuesday,6,6.0,8,2,0.6399962444569729,1
20,Wednesday,7,7.3,6,0,0.652274587573456,1
448,Thursday,10,9.7,5,1,0.07539505315720582,0
221,Tuesday,8,7.5,7,2,0.20451065026215248,0
123,Wednesday,6,7.3,7,1,0.1447632048734794,0
234,Wednesday,6,8.2,6,3,0.5569680843086011,1
221,Monday,8,8.4,6,0,0.06645834167969107,0
323,Monday,6,6.7,8,3,0.6578802048514291,1
339,Monday,6,5.1,8,2,0.33257698535221025,0
3,Monday,4,6.5,8,1,0.10414246578823241,0
182,Wednesday,6,7.4,8,2,0.2746166518003351,0
206,Thursday,1,6.3,9,0,0.4010541647369985,0
320,Tuesday,3,6.4,9,1,0.5024524393699684,1
40,Saturday,6,9.3,7,1,0.5135595382418985,1
59,Saturday,8,8.3,7,0,0.2919442397028139,0
439,Thursday,10,7.4,6,1,0.0917363206650059,1
62,Friday,7,5.5,7,2,0.566160293564692,0
132,Wednesday,8,6.4,6,1,0.2846557523239322,1
60,Monday,7,7.2,7,1,0.31351926796853147,0
372,Sunday,8,8.2,6,0,0.49604605717774664,1
331,Monday,7,8.6,7,1,0.2641656149090903,0
122,Sunday,7,8.2,7,2,0.590262108253712,1
479,Thursday,3,6.1,7,1,0.567972622378963,0
107,Tuesday,7,9.0,8,2,0.11108340957552996,0
96,Thursday,7,6.4,7,2,0.19649576983858028,0
347,Thursday,6,7.8,8,0,0.06608059615333364,0
414,Monday,6,6.0,8,1,0.584738745992644,0
235,Wednesday,4,5.8,8,3,0.6278473138291656,1
386,Friday,8,5.1,5,2,0.7050556385371651,1
62,Thursday,7,5.2,7,3,0.8238004518717797,1
256,Tuesday,7,6.1,8,1,0.33500012655019124,0
49,Wednesday,7,8.3,6,0,0.2398823114672212,0
393,Saturday,4,7.7,8,0,0.532225177264909,1
348,Thursday,10,4.6,7,2,0.2518478817653497,1
159,Thursday,8,7.7,7,1,0.1580926684088309,0
124,Sunday,8,7.4,6,1,0.4381040204000074,1
482,Wednesday,9,8.5,6,0,0.2649190586026008,0
317,Wednesday,7,6.1,7,2,0.4218045011963667,0
207,Saturday,6,6.3,7,1,0.8604823526220816,1
48,Friday,7,8.8,7,2,0.1813620684477478,0
409,Tuesday,10,7.9,6,0,0.11878373782253794,0
420,Monday,5,4.6,7,3,0.7892736454182768,1
136,Friday,10,7.1,6,2,0.2524705637469221,0
201,Tuesday,4,4.7,8,4,0.9120721089141991,1
250,Sunday,8,8.5,6,0,0.16242792784037566,0
314,Monday,9,5.4,5,5,0.8282627681724233,1
357,Tuesday,8,5.2,6,1,0.5178746288802704,0
368,Monday,9,8.4,5,2,0.6610828357618961,1
429,Friday,6,7.2,6,1,0.10792894066207899,1
318,Saturday,4,8.3,8,0,0.4688994933757597,1
295,Thursday,9,6.1,5,2,0.4775740915687022,1
480,Sunday,10,7.3,6,1,0.26079349629137805,0
314,Monday,6,8.6,6,2,0.19375657645906466,0
500,Monday,8,7.1,6,0,0.3667391604714548,0
209,Saturday,5,10.0,6,3,0.7942986631305716,1
355,Saturday,5,7.2,6,0,0.3822547019217396,1
485,Saturday,7,8.6,7,2,0.4342598308135272,0
211,Friday,5,8.0,7,2,0.3852659082544688,1
192,Wednesday,7,6.9,6,1,0.49719776756753065,1
44,Tuesday,10,8.3,6,1,0.11337684650668693,0
29,Sunday,5,6.8,6,2,0.18252236051895263,0
59,Tuesday,7,7.7,8,1,0.4706126262438091,1
71,Wednesday,3,5.5,9,1,0.7353597889173826,1
92,Friday,8,5.2,5,3,0.5286204695168075,1
265,Tuesday,5,6.7,8,0,0.3304030574213213,0
383,Saturday,7,7.2,8,2,0.31674065959294895,1
220,Monday,7,5.4,7,2,0.45958526297393615,0
390,Friday,7,7.6,6,1,0.13322199421857372,0
413,Thursday,5,8.6,6,2,0.2926143639625557,0
442,Thursday,6,6.3,8,0,0.2943452820276581,0
401,Wednesday,7,7.9,7,1,0.25530369872363934,0
400,Tuesday,6,5.9,6,3,0.5448735089769117,0
215,Wednesday,9,6.5,7,0,0.21639479443167114,0
479,Wednesday,7,6.6,7,1,0.20575545844961904,0
387,Thursday,5,7.7,7,3,0.4843104470487784,0
277,Tuesday,7,6.6,8,2,0.3199757143337221,1
64,Monday,2,4.3,10,4,0.9392700600488922,1
346,Monday,10,8.1,5,2,0.09384281966927252,0
292,Friday,3,6.8,9,1,0.0702359658570915,0
490,Monday,8,3.9,6,3,0.8936832300131288,1
485,Saturday,8,9.1,5,3,0.5109535628825619,1
245,Friday,4,8.5,8,2,0.5152998830935168,1
470,Friday,8,5.4,6,1,0.39230312801112766,0
62,Saturday,5,5.7,8,2,0.7598190947759313,0
426,Monday,6,8.1,8,1,0.2221669264435787,0
332,Saturday,7,8.8,8,1,0.240268562438842,0
170,Thursday,6,7.3,8,0,0.08650145094047745,0
445,Saturday,4,6.9,8,0,0.2349972781476523,0
269,Saturday,7,6.4,7,1,0.1767754462171636,0
267,Monday,6,7.4,7,1,0.30385351967125956,1
54,Wednesday,6,5.9,7,2,0.3781119509935152,0
16,Thursday,6,5.9,8,1,0.5318392473059261,1
8,Friday,4,7.6,8,0,0.14859851194386386,0
104,Tuesday,4,7.9,8,0,0.13684746551192942,0
59,Tuesday,5,8.5,7,0,0.2933447465637498,0
313,Wednesday,7,4.5,8,4,0.799427986037652,1
40,Thursday,5,6.1,6,1,0.5998760419036596,0
237,Sunday,9,7.0,7,1,0.16180230177886473,0
443,Friday,7,6.7,6,0,0.3436732732790003,0
386,Wednesday,7,5.2,6,2,0.6781984625998297,1
94,Monday,6,7.4,7,0,0.3097124967091369,0
222,Tuesday,3,9.0,9,2,0.14120622905110225,1
204,Wednesday,8,5.3,7,3,0.44890024072199636,1
138,Saturday,5,7.6,8,1,0.3669706084779225,0
300,Wednesday,4,8.2,9,1,0.14238713237785405,0
395,Thursday,5,6.4,7,1,0.4412448945546027,0
207,Saturday,6,6.5,7,1,0.8627568673320375,1
336,Sunday,2,7.6,10,2,0.593676309230256,0
81,Tuesday,6,7.6,7,1,0.04730003150556427,0
218,Monday,9,5.2,6,4,0.39005135598661045,0
2,Tuesday,7,7.9,7,1,0.44169356727891584,0
178,Friday,9,6.4,5,0,0.3220038184730119,0
396,Sunday,6,6.6,7,3,0.8150958944073036,1
371,Monday,9,4.9,6,3,0.7648336335264522,1
346,Monday,4,5.9,10,4,0.34756924791820465,1
279,Saturday,8,6.7,7,0,0.3019625698583606,1
146,Friday,6,5.3,7,5,0.6142890161006038,1
318,Sunday,9,8.0,7,3,0.35521764828853114,1
224,Wednesday,6,6.9,6,4,0.593013834761943,0
369,Wednesday,4,7.9,9,0,0.0758044023932102,0
384,Tuesday,8,7.6,6,2,0.4841368527641791,1
62,Monday,10,5.9,7,3,0.636827255241905,1
294,Thursday,7,6.3,8,0,0.17779804202300797,1
239,Wednesday,6,5.8,6,3,0.5827174328619185,0
195,Monday,4,4.8,10,3,0.5788802255190157,1
166,Saturday,8,7.9,5,2,0.34137805900441903,0
451,Tuesday,6,6.9,8,2,0.1366120788181313,0
222,Friday,8,6.0,5,2,0.6402187242501439,0
61,Tuesday,7,7.7,8,0,0.42630659267227194,1
129,Saturday,10,7.0,5,1,0.5051128650439972,0
478,Monday,5,8.2,7,1,0.12101182178023935,0
173,Friday,5,6.5,8,0,0.2472396524014859,0
480,Monday,9,5.1,7,3,0.4137181427348995,1
156,Wednesday,9,8.5,7,2,0.22691064627690713,1
405,Friday,9,7.1,7,1,0.09789828968968824,0
378,Tuesday,6,5.6,7,1,0.6579465484795648,1
110,Tuesday,7,6.2,8,1,0.48884947360717307,0
269,Saturday,4,6.4,10,1,0.20348794861980207,0
411,Saturday,6,8.6,7,1,0.6209065074961407,0
356,Monday,7,4.2,8,3,0.8029639157912009,1
391,Tuesday,7,7.0,8,1,0.18554193526417426,0
278,Monday,5,4.6,8,3,0.8397275039910266,1
74,Tuesday,4,4.4,7,3,0.9524660340647337,1
487,Sunday,9,7.9,6,1,0.30766768648237913,0
437,Thursday,8,5.2,7,1,0.468646535252104,0
463,Wednesday,6,7.5,7,0,0.25795623034719006,0
207,Sunday,9,8.6,7,0,0.48227570401908154,1
388,Thursday,8,6.2,6,0,0.5834177556844136,1
480,Friday,3,7.3,8,0,0.10968007022970726,0
279,Wednesday,6,8.5,6,1,0.15658526107333412,0
375,Wednesday,9,5.5,5,2,0.38417522602002185,0
326,Thursday,3,7.7,9,0,0.17244381725382457,0
472,Monday,4,5.8,9,1,0.7025791521090925,0
340,Tuesday,8,6.7,6,2,0.7598485019550039,1
357,Tuesday,9,6.0,6,1,0.2798513918667948,0
340,Monday,6,6.0,7,7,0.973137631485481,1
204,Thursday,6,6.3,8,0,0.1087288096243992,0
161,Thursday,3,6.0,10,2,0.5537225503301147,1
28,Wednesday,6,6.5,7,0,0.481299476169506,0
392,Tuesday,4,8.1,10,1,0.14714555587748737,0
257,Friday,6,5.0,8,3,0.4938629986938588,0
165,Monday,9,7.2,6,1,0.5550735670869854,1
63,Thursday,4,5.4,8,3,0.7386378171125055,1
22,Friday,6,5.5,6,2,0.5925239791679442,1
70,Tuesday,8,4.5,7,2,0.7216194542043819,1
381,Friday,5,8.0,7,0,0.23046356586701514,0
405,Friday,7,6.4,6,4,0.6502956894194862,1
96,Monday,8,5.6,5,2,0.5227334238433377,1
163,Monday,7,6.9,7,0,0.49928359318577714,0
79,Sunday,7,7.0,7,4,0.5443171794994232,1
5,Tuesday,4,8.0,9,0,0.1128973722553101,0
316,Saturday,6,6.2,7,2,0.7898358351815371,1
120,Thursday,7,6.5,6,1,0.6423186215921032,1
302,Tuesday,3,7.7,8,4,0.5551477792056728,0
178,Monday,2,5.4,9,1,0.3856463802693501,0
176,Thursday,6,6.1,7,1,0.5248944187129998,0
390,Wednesday,7,5.2,7,2,0.39003605446117134,1
217,Friday,7,5.7,6,2,0.4324260840017569,1
56,Sunday,3,5.5,10,2,0.8290658350126914,0
366,Saturday,9,6.1,7,1,0.4122277842967026,0
187,Tuesday,7,5.1,7,4,0.7991898307782244,1
232,Saturday,8,6.6,6,2,0.41838304887843786,0
255,Saturday,5,8.6,7,0,0.18556593185340994,0
413,Sunday,7,7.7,6,0,0.20436441212755413,0
455,Wednesday,8,8.3,7,2,0.16826008443770057,0
104,Friday,9,6.2,5,0,0.2738072685439292,1
77,Thursday,8,5.6,5,2,0.8029513702869463,1
230,Tuesday,5,6.5,7,3,0.49182940294578653,0
402,Sunday,6,6.7,8,1,0.3366546793336872,0
258,Monday,5,7.2,8,0,0.18130199895782137,0
264,Tuesday,7,4.9,7,3,0.5850829473798695,1
331,Saturday,4,7.3,9,1,0.5873008289480799,1
481,Monday,3,8.5,8,1,0.256169659831693,0
182,Saturday,10,6.3,7,3,0.6419199529595729,0
381,Friday,10,6.2,5,2,0.4000381618501426,1
256,Monday,9,4.6,5,4,0.822666769658082,1
38,Wednesday,7,8.0,8,2,0.270104211355686,1
176,Friday,8,6.6,7,0,0.22004013273380588,0
27,Thursday,8,6.1,6,0,0.1770307690188749,0
276,Sunday,10,7.5,6,3,0.6527597594522103,1
140,Saturday,6,7.3,8,2,0.2612206094972522,0
299,Wednesday,5,5.9,8,1,0.19768646806074316,1
445,Monday,6,5.0,8,4,0.5703826954668008,1
287,Sunday,8,7.6,6,4,0.570030478329121,1
91,Thursday,6,6.7,8,3,0.3213458260321569,0
480,Monday,5,6.2,6,1,0.5177770022291645,1
61,Saturday,9,7.0,6,2,0.8093955613482955,1
458,Saturday,5,8.7,6,2,0.7054782276466215,0
451,Thursday,9,7.0,5,1,0.18069534163734202,0
365,Wednesday,8,5.1,6,1,0.17404803344562672,0
347,Friday,10,8.2,5,2,0.143539682251281,0
163,Friday,10,7.5,5,1,0.4393009167067267,0
351,Saturday,7,8.1,6,1,0.17409000443339406,0
143,Sunday,10,6.4,7,0,0.07970051936117686,0
400,Thursday,8,7.7,5,1,0.26544649663868597,0
253,Friday,7,6.9,7,0,0.25762837180994647,0
269,Sunday,7,6.0,7,2,0.5259786907113884,1
369,Monday,6,7.0,8,1,0.09474080060901739,0
291,Monday,8,7.8,6,3,0.602213418296139,1
500,Saturday,9,8.1,7,0,0.2227211916329778,0
459,Tuesday,4,4.5,8,2,0.7445612385486414,1
187,Monday,10,7.2,6,2,0.18021447407026525,1
405,Tuesday,10,6.3,7,1,0.36841186537260284,1
499,Wednesday,5,4.4,7,4,0.930597752197943,1
438,Tuesday,8,7.5,5,1,0.48378768781600745,1
459,Tuesday,6,7.5,7,1,0.27941772128082265,0
414,Sunday,7,7.4,8,0,0.4884655910858199,1
304,Friday,6,5.5,8,3,0.6189015263841731,0
291,Friday,8,8.4,5,1,0.3317659501200602,1
86,Monday,4,7.4,8,0,0.37714830536129296,1
166,Friday,10,7.4,7,1,0.3274321103289798,0
415,Friday,5,7.8,6,2,0.2322401324728304,0
462,Friday,8,8.2,6,1,0.14147397664530806,0
408,Tuesday,5,7.1,6,3,0.35575962195359967,1
114,Wednesday,6,5.3,6,2,0.8999576480792404,1
433,Saturday,7,6.6,8,0,0.22115834000554932,1
480,Friday,7,6.1,8,0,0.12986271231198446,0
356,Friday,7,8.2,7,0,0.2394103898495103,0
416,Thursday,6,7.0,6,1,0.2853336991601251,1
183,Wednesday,5,5.9,8,3,0.5862627136953079,1
207,Friday,8,6.5,6,1,0.7041235377996067,1
256,Monday,5,8.3,7,2,0.2982824567716777,1
235,Friday,5,7.4,7,3,0.6038930837611736,1
442,Sunday,5,8.7,7,2,0.39087733521854184,0
355,Friday,6,5.4,7,2,0.46395311444925663,1
3,Tuesday,4,6.4,9,1,0.146746350243013,0
208,Tuesday,4,5.9,10,1,0.564121426956415,1
197,Friday,8,8.5,6,0,0.25578883697616567,0
341,Saturday,8,7.2,5,2,0.5542340219556452,0
125,Thursday,7,6.0,6,3,0.4707687844673755,0
138,Thursday,9,4.3,6,3,0.8423705390130751,1
339,Tuesday,5,8.4,8,1,0.17670615512230212,0
25,Friday,3,8.5,8,4,0.6394275069971459,1
68,Friday,8,4.2,5,2,0.9005316903562585,1
61,Sunday,3,7.7,9,3,0.6438582588748173,1
29,Tuesday,6,7.8,6,2,0.13392863532161745,0
383,Friday,7,7.3,8,2,0.12042752845034732,0
19,Wednesday,10,6.2,6,2,0.3890678225883962,0
171,Thursday,5,5.6,7,1,0.8275841737069898,1
450,Saturday,6,8.8,7,2,0.4056609412577803,1
74,Tuesday,8,7.6,6,0,0.4683201027372441,0
61,Wednesday,8,7.5,7,2,0.49388533262830764,1
427,Friday,6,8.1,8,1,0.14406077534068376,0
153,Thursday,7,9.3,6,2,0.312236268378744,1
276,Monday,5,6.3,6,1,0.7619142791659352,1
48,Wednesday,7,6.3,7,0,0.19816875309177104,0
211,Thursday,3,6.2,8,1,0.5538713939023434,1
343,Sunday,10,6.3,5,1,0.7882859022796443,1
408,Tuesday,8,8.1,7,1,0.2576791057880807,0
139,Saturday,4,9.0,9,0,0.4231620482646962,0
110,Monday,6,8.0,7,1,0.30443334764105545,0
482,Tuesday,4,8.7,8,1,0.44461910502216084,0
183,Tuesday,5,6.8,7,1,0.058408376931684707,0
28,Saturday,7,7.9,7,0,0.20212700207973577,0
197,Tuesday,9,7.5,7,1,0.16633028917995352,0
191,Friday,6,6.2,8,1,0.6428227402489939,1
315,Wednesday,3,5.4,9,3,0.4912148525311336,1
389,Sunday,5,7.6,7,0,0.260772799138392,1
51,Saturday,5,6.8,7,1,0.3966143493301,1
149,Friday,7,9.3,6,3,0.3124322515372068,1
268,Saturday,6,5.6,7,2,0.8233793589384731,0
50,Thursday,2,6.6,10,2,0.2560616281402275,0
388,Saturday,5,7.7,7,2,0.8179793965150609,1
246,Tuesday,4,5.7,7,1,0.8173477673903391,1
113,Monday,8,6.1,6,2,0.5029745703075515,0
170,Thursday,6,6.8,8,1,0.08983906060049267,0
468,Wednesday,3,5.3,9,1,0.39738120705303476,1
166,Wednesday,5,7.2,8,3,0.5601615763035784,1
409,Thursday,9,8.6,5,0,0.06460520079327092,0
14,Wednesday,5,6.2,7,1,0.49989954909275225,0
203,Thursday,5,7.6,8,0,0.08011285904615946,0
288,Monday,6,8.7,7,1,0.08726613816593413,0
395,Sunday,7,8.6,8,2,0.21060654452870992,0
189,Sunday,6,6.5,6,0,0.7362469212436479,1
402,Sunday,9,5.6,5,2,0.37724182876406626,0
155,Wednesday,6,6.3,6,3,0.6843294879191508,0
55,Thursday,8,6.8,7,2,0.6164955275277918,0
182,Sunday,7,4.9,8,5,0.8322321580772067,1
210,Sunday,4,7.4,7,2,0.5198652579506629,1
376,Friday,10,5.7,6,2,0.7233317314905992,1
471,Wednesday,9,6.6,5,1,0.7961962723761116,1
75,Thursday,5,6.3,7,2,0.4028931583686664,0
277,Friday,6,6.5,7,2,0.4038692492120177,0
428,Tuesday,8,7.6,5,1,0.21306854181723664,0
133,Thursday,7,5.5,7,1,0.6439617360217955,1
343,Saturday,7,5.2,8,3,0.9570430747502685,1
425,Friday,8,7.7,6,4,0.37085912165203827,0
59,Wednesday,7,7.5,8,0,0.30990127155910907,0
345,Thursday,7,7.3,7,5,0.4928325662362457,0
489,Sunday,7,6.3,6,0,0.5940868695717163,1
182,Thursday,8,7.4,6,0,0.4397482948906588,1
458,Friday,7,5.2,7,2,0.572034985070056,0
406,Friday,7,6.3,7,1,0.1982714983315784,0
339,Friday,9,8.5,5,1,0.12261864578089401,0
321,Friday,7,7.4,6,1,0.20423277104061455,1
64,Wednesday,7,6.6,8,0,0.393621205690016,0
327,Wednesday,5,6.5,7,2,0.5485156830344862,0
260,Wednesday,5,5.4,8,1,0.5638365126498318,0
193,Monday,9,8.6,6,0,0.2378023819364831,1
143,Tuesday,8,7.9,7,1,0.05824918323065465,0
104,Monday,8,7.7,7,2,0.3550792381082426,0
460,Saturday,7,7.3,8,2,0.4751488854356093,1
406,Tuesday,7,6.3,7,0,0.1872204654706405,0
214,Monday,6,5.8,7,1,0.4432216927408407,1
242,Monday,6,8.4,7,2,0.2865801211131506,1
431,Friday,6,4.5,6,3,0.8974490958146045,1
209,Monday,9,7.4,5,0,0.33645061058297876,0
93,Wednesday,5,4.8,7,4,0.5565726045631464,1
430,Monday,7,6.5,8,1,0.15763995910813897,0
142,Saturday,6,7.4,6,1,0.38965966881004593,0
434,Sunday,8,5.9,6,3,0.8769588890405847,1
404,Sunday,7,6.4,7,0,0.3532118054546065,0
434,Wednesday,7,7.6,7,3,0.5470562910030808,1
112,Friday,7,8.5,6,0,0.11932281895934092,0
417,Thursday,5,7.1,7,1,0.4357937534198358,1
375,Wednesday,8,5.9,7,2,0.4293686633521129,1
59,Wednesday,6,5.5,8,3,0.8454983956983162,1
43,Monday,5,5.8,7,2,0.5917890118350915,0
207,Friday,4,6.7,10,1,0.26147825673876696,1
268,Tuesday,5,7.0,8,3,0.6023005174944976,0
296,Wednesday,8,8.2,6,1,0.13812032965110918,0
118,Thursday,10,6.6,5,2,0.5856867387094645,0
20,Thursday,7,5.9,8,4,0.8772768983474496,1
222,Saturday,5,6.0,7,2,0.5247884619429303,1
166,Friday,7,6.4,8,5,0.688826679355183,0
131,Friday,9,4.7,6,6,0.8606228806405304,1
156,Thursday,10,6.0,5,2,0.46474947279624074,1
184,Monday,9,5.2,6,2,0.4309552152011948,0
90,Wednesday,7,6.4,8,2,0.19567833851146477,1
94,Sunday,8,7.9,6,1,0.574729130004611,0
13,Sunday,5,7.9,8,1,0.16184115799085716,0
461,Friday,8,7.5,6,0,0.1172072345757907,0
322,Tuesday,8,5.6,7,2,0.19922805234899413,0
293,Monday,2,8.4,8,0,0.08099067489013875,0
433,Wednesday,7,7.5,8,5,0.3794518094203626,0
230,Saturday,9,8.2,6,0,0.12936546684841096,1
322,Friday,5,8.1,7,0,0.054837649914887786,0
292,Saturday,2,7.6,8,1,0.18741042706959524,0
438,Thursday,6,6.6,7,2,0.24714727976379613,1
26,Monday,9,8.3,6,0,0.07032281124454447,0
75,Monday,7,5.7,7,2,0.48067168909452074,1
456,Monday,7,6.4,8,2,0.5513768570912407,0
364,Thursday,5,8.1,7,0,0.08612058065506172,0
424,Tuesday,4,6.4,7,0,0.37843757379169607,1
299,Friday,7,6.0,7,2,0.2713423942179035,0
150,Friday,6,5.6,7,2,0.5729388670967667,0
148,Tuesday,8,7.0,6,2,0.3995387586863092,0
8,Tuesday,7,6.2,7,2,0.3429368827313661,1
29,Monday,5,7.3,8,1,0.10078732706130716,0
296,Friday,7,8.7,7,0,0.12549384570162334,0
474,Wednesday,7,8.0,7,1,0.4419304723285323,0
414,Wednesday,3,3.9,7,6,0.9887723888930013,1
209,Saturday,6,8.3,6,2,0.689971203908196,1
128,Thursday,7,7.6,7,3,0.4833378201139314,1
340,Thursday,6,6.3,8,0,0.5410717621835177,1
116,Friday,7,8.2,7,0,0.2870121780822881,0
439,Saturday,7,7.8,7,2,0.2110139009320897,0
144,Friday,7,4.4,7,2,0.597247396766268,1
430,Wednesday,7,6.9,7,2,0.14130927321151407,0
318,Wednesday,6,6.4,6,0,0.4793169707953118,0
235,Friday,7,5.9,7,1,0.5201002550141588,0
7,Thursday,6,7.1,6,2,0.07478254499662874,0
464,Friday,6,7.5,7,1,0.25936232989490104,0
45,Saturday,7,8.2,8,3,0.5707419450350669,0
443,Sunday,2,8.2,7,1,0.6511499018331736,1
239,Tuesday,6,5.3,7,1,0.6472147433925483,1
440,Tuesday,5,5.4,8,2,0.7949627524234596,1
432,Tuesday,5,7.0,7,1,0.407661924989755,0
155,Friday,6,8.0,6,0,0.3740369744215052,1
181,Wednesday,4,7.1,9,2,0.2608632289276195,0
215,Tuesday,6,4.2,8,2,0.6765250626584794,0
88,Monday,7,7.4,7,2,0.5208786995799629,0
256,Wednesday,9,4.8,5,2,0.5964325607782437,1
73,Monday,10,7.5,6,0,0.15865278826261303,1
419,Monday,3,6.0,8,1,0.4048223699434647,1
179,Friday,5,7.1,8,2,0.6973531621459887,1
212,Monday,6,9.2,8,0,0.0817858865386969,0
293,Monday,7,6.3,7,0,0.11176248640689583,0
234,Saturday,7,6.5,7,2,0.789390798300405,0
465,Saturday,5,6.9,8,1,0.7582978292176756,1
239,Wednesday,1,4.9,7,5,0.9799073112465008,1
223,Monday,9,5.5,7,1,0.6413153077257878,1
119,Friday,8,8.0,6,2,0.06656329311065075,0
313,Wednesday,8,4.3,5,3,0.9009064783768252,1
264,Monday,6,5.9,6,2,0.5739140788785074,1
207,Monday,7,7.0,7,1,0.44147104214916505,1
95,Monday,3,6.2,9,1,0.5985251814413737,0
373,Thursday,4,8.3,10,2,0.08123624086582798,0
222,Saturday,9,7.2,6,0,0.26728076003815776,0
366,Friday,7,6.3,6,1,0.4626524750996387,0
276,Thursday,10,6.9,6,1,0.237683446357917,0
380,Wednesday,5,7.0,6,0,0.4975053595523173,0
231,Thursday,10,6.7,5,3,0.5290792652876082,1
309,Wednesday,10,6.6,7,3,0.43896044455068567,1
119,Tuesday,5,4.4,7,3,0.5964607638847998,1
268,Friday,6,5.3,8,4,0.8222142305602801,1
433,Saturday,9,8.1,5,1,0.14174939303170148,1
273,Wednesday,5,7.9,7,3,0.6669051637814529,1
64,Saturday,6,8.9,7,0,0.5738036473389756,1
298,Wednesday,5,5.0,8,2,0.8039920115880558,0
350,Wednesday,5,5.7,6,1,0.8034611383526604,1
413,Monday,7,8.5,8,0,0.05584650190222454,0
403,Friday,6,6.2,6,0,0.4808852283422306,1
494,Saturday,2,8.1,10,1,0.3640150057962686,0
11,Friday,9,10.0,5,2,0.15676027865975253,0
98,Monday,10,8.0,6,4,0.4618283759162367,1
434,Monday,8,6.4,5,1,0.6651519347540255,1
71,Thursday,7,6.5,7,1,0.48590475881114986,0
364,Wednesday,5,7.3,7,1,0.35445625545858345,0
58,Wednesday,6,4.4,7,3,0.5261505163610277,0
290,Sunday,9,7.9,6,1,0.4976296341965282,1
251,Friday,8,6.4,6,0,0.18243380025597417,0
276,Wednesday,7,6.6,6,1,0.46515880796491094,1
50,Monday,7,6.8,8,1,0.19619944781212767,0
358,Monday,9,8.6,5,3,0.32508834459471914,0
216,Friday,8,7.0,7,1,0.4307598486835303,1
394,Saturday,8,7.7,7,1,0.31322716651053883,0
416,Friday,6,7.6,7,1,0.3437544089737319,0
52,Wednesday,10,6.8,5,2,0.8227087512605089,1
271,Monday,6,7.5,6,0,0.47483186718443143,0
485,Sunday,5,7.3,7,2,0.5574166271401786,0
84,Sunday,5,8.8,6,0,0.16552848522039604,0
387,Thursday,4,8.2,9,1,0.1366394669386355,0
293,Monday,8,7.5,7,1,0.03695933999469268,1
126,Thursday,6,3.9,8,6,0.8567047431121388,1
296,Saturday,9,7.6,6,2,0.3521032367278792,0
72,Friday,2,4.4,10,4,0.6468713007015153,0
296,Friday,7,7.2,6,2,0.18893025658944768,0
236,Monday,6,8.6,8,1,0.09010020066340603,0
56,Monday,6,8.1,7,3,0.7165211899483371,0
407,Monday,4,6.4,8,1,0.3420997993877745,0
360,Sunday,7,7.2,7,2,0.6026852501522112,0
395,Thursday,5,4.5,6,2,0.8229473722867406,1
110,Friday,10,6.7,6,0,0.3703691834603467,0
192,Monday,8,6.5,7,2,0.4382797563392124,0
392,Sunday,8,5.9,6,2,0.9143125060926023,1
93,Saturday,3,6.2,8,0,0.12481858652929324,0
350,Tuesday,8,5.3,5,2,0.6454864148083115,1
56,Saturday,8,10.0,6,5,0.7905765224826167,1
60,Tuesday,6,6.8,6,0,0.5163979525954207,0
138,Tuesday,6,7.6,8,0,0.1507204254201215,0
39,Tuesday,5,7.8,7,1,0.44879211044639866,0
28,Sunday,6,9.3,8,2,0.21060521867575246,1
49,Sunday,8,9.3,6,3,0.3188670832246782,0
420,Wednesday,5,7.8,8,0,0.28289025835451975,1
125,Friday,7,4.9,7,3,0.7555034649234701,1
13,Friday,10,7.8,6,2,0.06177136930917359,1
480,Saturday,5,6.9,7,0,0.3289537596498357,0
36,Tuesday,7,5.2,7,2,0.5287576456309061,1
101,Thursday,4,6.3,8,0,0.5525889270889371,0
282,Friday,4,6.9,8,0,0.5111400659565992,0
86,Monday,8,3.6,7,3,0.8634522031519631,1
4,Wednesday,6,7.2,6,1,0.6247439683527732,1
223,Friday,10,8.1,6,3,0.3069512295001903,0
338,Tuesday,8,6.8,6,0,0.2453767593516643,0
448,Sunday,5,6.1,8,1,0.47253895537716895,1
166,Monday,5,7.4,6,2,0.5203304885256775,0
383,Sunday,8,7.4,6,1,0.6718435477959341,1
344,Tuesday,4,8.8,9,0,0.36570543032534697,0
383,Monday,4,3.9,9,6,0.8588884758279025,1
376,Tuesday,3,3.6,9,3,0.9175879171843436,1
471,Friday,8,6.6,6,0,0.4369447621887256,0
278,Friday,5,6.1,8,0,0.5353412269266206,0
130,Tuesday,7,7.0,7,2,0.7781715759720229,1
31,Tuesday,4,7.2,8,0,0.11312891763692744,0
375,Friday,3,8.5,9,1,0.12446187768445874,0
11,Wednesday,8,6.4,5,2,0.4029403144656476,0
476,Friday,6,7.2,7,0,0.17856267414081434,0
302,Monday,5,5.1,7,3,0.7037021085363948,1
96,Thursday,6,9.7,6,2,0.1670803251370566,0
190,Friday,6,8.0,6,0,0.21913326591899598,0
453,Sunday,10,8.5,6,1,0.27587816758161965,0
192,Friday,7,5.7,7,1,0.5647417788469882,1
486,Tuesday,7,8.3,7,1,0.40816184608155054,1
266,Monday,5,7.9,7,0,0.41725190131990314,1
424,Friday,8,7.5,6,2,0.3662400960801495,1
128,Thursday,4,6.6,8,0,0.08647052009233624,0
238,Saturday,8,6.1,5,1,0.7074735645133675,1
408,Friday,8,6.6,6,2,0.6170200435510375,0
355,Thursday,9,5.8,6,1,0.4458177592831768,0
428,Wednesday,3,7.2,9,1,0.14364607003141197,0
112,Wednesday,9,5.4,6,1,0.20561753429834925,0
316,Tuesday,7,5.8,7,1,0.5240218694465086,0
446,Monday,5,4.2,7,2,0.8432022852187256,1
343,Thursday,2,7.3,10,0,0.6151896796435744,0
145,Tuesday,6,7.2,6,2,0.49088683039293984,1
65,Tuesday,7,6.1,7,0,0.16402495846478918,0
247,Monday,3,3.8,10,4,0.9063425080771085,1
223,Tuesday,5,4.7,7,7,0.9767673013762913,1
479,Monday,4,6.8,8,2,0.5953193246267218,0
490,Friday,6,7.9,7,0,0.2515094379585915,0
313,Wednesday,4,5.5,10,3,0.7130840818970736,0
439,Thursday,10,8.2,6,2,0.06508254527899583,0
106,Thursday,8,8.7,5,1,0.14858016350948186,0
181,Sunday,4,7.9,9,0,0.09039673723945013,0
184,Monday,5,8.0,6,1,0.19500034882708758,0
226,Wednesday,4,5.3,8,2,0.7602182704862208,1
265,Tuesday,6,4.6,8,3,0.7294319499496233,0
278,Wednesday,10,8.9,6,2,0.30087074305151335,0
397,Sunday,9,6.2,7,0,0.46478018940756427,1
89,Friday,7,8.1,8,0,0.04285396571538428,1
176,Friday,6,7.2,8,0,0.19174272492795646,0
18,Wednesday,8,8.8,5,0,0.04486334840670205,0
371,Friday,7,7.6,6,1,0.21578779568221237,0
460,Monday,7,5.3,7,1,0.25197699359351905,1
424,Thursday,7,6.3,6,0,0.4119340300456264,1
401,Thursday,7,7.5,7,2,0.4540845887253429,0
399,Wednesday,4,6.0,9,2,0.35775901047662556,0
106,Tuesday,6,8.0,7,1,0.1368785711804511,0
271,Saturday,7,7.5,7,0,0.2605272895257345,1
463,Monday,6,8.0,7,4,0.5554142072716349,1
319,Monday,4,8.1,10,1,0.03768746470389963,0
167,Wednesday,7,7.1,8,0,0.17797009584558515,0
13,Tuesday,10,6.5,6,3,0.3384072376706313,0
337,Friday,5,6.1,6,1,0.8296816770248852,1
32,Thursday,6,5.3,7,3,0.6053809821045172,0
393,Friday,9,8.8,6,2,0.32193419678871144,0
40,Wednesday,10,6.8,6,0,0.41247929244745496,1
148,Friday,5,6.4,7,0,0.34972262189260184,0
218,Saturday,8,7.1,7,4,0.4574457934151488,0
219,Wednesday,8,6.6,6,0,0.14165369798798227,0
469,Wednesday,5,6.1,8,0,0.22662126272251623,0
82,Saturday,8,6.7,5,2,0.5301046388413366,0
333,Monday,6,5.1,7,2,0.4719468285819204,1
208,Wednesday,5,6.8,6,2,0.8182712974130159,1
201,Monday,10,8.3,6,1,0.08642434297480661,0
447,Monday,8,5.8,6,3,0.5035412170241986,0
332,Monday,3,7.4,10,0,0.11559298853133326,0
428,Wednesday,6,7.4,6,0,0.15498177253791084,0
38,Friday,5,7.2,7,2,0.40967957613992767,1
211,Tuesday,6,8.9,7,2,0.18937980668417315,0
444,Saturday,8,8.1,6,0,0.4420222365152556,0
327,Wednesday,7,6.8,8,0,0.23332873998681086,0
249,Sunday,9,7.8,6,0,0.21580138205457478,0
227,Sunday,9,8.4,6,4,0.6812612567923012,1
48,Friday,4,8.8,7,1,0.15286534531261986,0
18,Sunday,6,7.1,7,1,0.34608396986132794,0
400,Friday,3,6.9,8,0,0.22252417715864978,0
439,Saturday,5,10.0,8,1,0.16364088357169343,0
295,Tuesday,2,6.6,8,4,0.9004504354992706,1
196,Wednesday,3,6.6,10,0,0.42102995402527776,1
187,Friday,9,5.7,5,3,0.5263346743540228,1
345,Wednesday,8,6.8,5,2,0.4204928060857403,0
224,Saturday,8,7.3,6,1,0.3321812270936029,0
318,Saturday,9,7.9,5,0,0.3768617138621115,0
488,Tuesday,8,7.0,7,1,0.187547042300916,0
397,Saturday,6,5.0,7,2,0.8921252216204015,1
365,Monday,5,5.1,6,1,0.6660600186501022,1
337,Wednesday,10,6.5,6,2,0.7087527506233584,0
497,Thursday,9,6.2,7,4,0.45294939578131244,0
229,Tuesday,6,5.5,6,1,0.4138907740689661,1
390,Thursday,8,4.5,6,4,0.8699497611094904,1
467,Thursday,1,8.6,8,2,0.3940252103462353,0
77,Tuesday,8,8.6,6,0,0.3823391508654676,0
188,Friday,5,7.6,7,0,0.21768622488820227,1
346,Thursday,10,6.0,6,1,0.30291992745960145,0
270,Tuesday,9,8.5,6,0,0.09017677883817085,0
95,Tuesday,3,5.8,9,2,0.7654491718150183,1
310,Saturday,5,7.9,8,0,0.2633577654872539,0
132,Saturday,7,6.5,8,1,0.2511851369376544,0
39,Tuesday,6,6.7,6,1,0.7359724519043978,1
72,Monday,6,7.3,7,1,0.2611049518971394,0
281,Saturday,8,5.6,6,2,0.732242636837807,1
333,Thursday,5,6.2,6,2,0.2761886486261648,1
160,Monday,6,7.0,7,3,0.29250176286539364,0
187,Thursday,10,5.2,5,2,0.25510394188929403,0
486,Wednesday,10,5.6,6,2,0.5537589985113242,0
191,Friday,8,7.0,5,0,0.5662938504255081,1
422,Tuesday,6,6.1,6,3,0.7844203839641853,1
120,Wednesday,5,5.2,8,1,0.6753240898512571,1
220,Monday,6,6.7,7,0,0.14206166334471618,0
53,Sunday,7,7.9,6,2,0.19870628696972245,0
222,Friday,6,9.4,7,0,0.10968549962076092,0
451,Friday,8,6.8,5,1,0.18859812027129114,0
412,Friday,7,6.7,8,1,0.0654853664382322,0
131,Wednesday,7,6.4,7,2,0.5624775560883513,1
237,Sunday,6,8.8,7,3,0.4082513935620777,0
246,Monday,4,7.1,9,2,0.6320969953382941,0
226,Saturday,8,8.4,7,1,0.3975327139581367,0
208,Tuesday,7,7.0,6,2,0.7934234756107784,0
406,Wednesday,7,7.8,7,1,0.10611524554417982,0
96,Thursday,7,7.2,6,0,0.16080970391102783,1
422,Friday,2,5.0,7,3,0.9118397256353954,1
200,Saturday,10,7.1,6,0,0.21769558532209374,0
247,Thursday,5,6.4,6,4,0.9034591732540875,1
72,Wednesday,9,7.2,5,1,0.24228596796731355,1
318,Sunday,7,7.6,7,1,0.449670636950261,0
185,Tuesday,4,8.3,9,0,0.12414608689115181,0
6,Saturday,5,7.9,8,1,0.38636139683413045,0
206,Thursday,5,7.3,6,2,0.2763757992643158,1
32,Wednesday,5,5.5,7,2,0.805081900230703,1
99,Monday,3,6.9,8,1,0.7217203399560986,1
394,Wednesday,5,6.4,8,0,0.13754903922491307,1
387,Tuesday,8,4.2,5,4,0.7515895074166933,1
256,Monday,9,5.1,6,5,0.7519323869274546,0
187,Monday,5,7.6,8,4,0.44681787137943857,1
76,Wednesday,3,7.5,8,5,0.7235915347292782,0
177,Thursday,8,6.0,7,2,0.31603494576499397,0
315,Saturday,4,6.7,8,1,0.826695971226133,1
287,Tuesday,4,5.3,7,3,0.8044790544277326,1
349,Wednesday,6,7.9,6,1,0.23050814168685713,1
255,Wednesday,6,5.7,8,2,0.5402316209191375,1
325,Thursday,5,6.0,6,1,0.8344758561899153,1
190,Saturday,5,8.6,7,1,0.6557564853985574,1
308,Thursday,5,7.9,8,2,0.17931479906582917,1
345,Saturday,5,7.2,7,0,0.3419635306620722,1
127,Thursday,5,6.7,7,0,0.442698329439617,0
425,Thursday,6,7.3,7,0,0.2726278984387653,0
287,Wednesday,7,6.2,6,1,0.2698879983525935,1
254,Saturday,7,7.3,8,2,0.4818207351905983,1
213,Sunday,5,7.2,8,0,0.45181522543375796,1
250,Thursday,6,7.5,6,3,0.49535270088830513,0
84,Saturday,9,9.1,6,2,0.127783948134048,1
487,Monday,8,8.1,7,2,0.3649216390749244,0
383,Sunday,8,8.6,5,1,0.3060953970298127,0
406,Tuesday,3,5.4,9,3,0.544722184334217,0
388,Tuesday,7,8.3,7,1,0.3565997312021311,1
13,Monday,5,5.9,8,2,0.16281878165190405,0
45,Sunday,5,5.3,6,4,0.9606499480734717,1
127,Saturday,6,6.4,8,1,0.7299352954145537,1
426,Sunday,9,7.3,5,0,0.4547967840875002,1
114,Saturday,8,5.0,5,3,0.9109888520653067,1
433,Wednesday,5,7.6,7,1,0.29180038416964615,0
276,Sunday,7,8.4,7,4,0.826239432828181,1
500,Sunday,6,6.9,8,1,0.5196009817204076,1
205,Thursday,6,5.3,7,3,0.5461141441152161,1
337,Tuesday,8,7.8,6,3,0.6554193375215216,0
438,Friday,6,5.6,7,1,0.4865418990925466,1
420,Sunday,3,5.5,10,3,0.7806499946841788,1
481,Saturday,7,7.3,8,2,0.7185859425385379,1
385,Saturday,10,7.4,6,0,0.08481477173028082,0
399,Sunday,5,7.8,7,1,0.1557413318427311,1
461,Saturday,10,8.3,6,0,0.18603075350657644,0
273,Friday,8,7.8,6,1,0.34637816797023896,0
408,Friday,9,5.2,5,5,0.9472573697793113,1
58,Tuesday,8,4.3,5,2,0.8033313650882197,0
328,Thursday,7,7.3,7,2,0.5702639225141733,0
498,Thursday,5,6.8,6,1,0.5722274191346463,1
219,Saturday,7,6.9,7,2,0.43415796467044426,0
109,Thursday,7,6.5,7,0,0.4516531333209086,0
279,Monday,8,5.7,5,2,0.5645685260890433,1
174,Monday,2,8.8,7,3,0.6645236153678813,0
328,Friday,4,4.3,9,4,0.9488529705466247,1
264,Thursday,7,7.2,7,3,0.2123659852316058,0
315,Wednesday,7,5.2,7,2,0.6550562074881658,1
474,Tuesday,5,5.9,7,3,0.7236335700342847,1
111,Wednesday,7,6.2,7,2,0.637334559981937,1
187,Monday,8,5.5,5,2,0.6597874101495347,1
269,Wednesday,6,6.4,7,2,0.18463506956615997,1
423,Wednesday,9,3.5,7,3,0.8703994203244307,1
229,Wednesday,10,4.9,6,5,0.8476959677028802,1
497,Wednesday,7,4.5,7,3,0.6002650285596535,0
156,Tuesday,8,5.2,6,2,0.6898514587198403,1
473,Saturday,3,6.4,7,1,0.6726085589912681,1
189,Wednesday,9,6.7,5,1,0.4138902248061387,1
272,Tuesday,9,5.9,7,4,0.31555396502552324,1
375,Tuesday,4,5.7,8,1,0.29104243558812104,1
2,Wednesday,8,6.1,6,0,0.42173019978681847,0
246,Monday,3,5.9,8,2,0.8840407763024193,1
210,Monday,5,6.3,6,2,0.6576661501927762,1
401,Thursday,5,6.3,8,0,0.20445288645086096,0
286,Thursday,4,5.8,10,2,0.5410978227702044,1
359,Thursday,6,4.8,8,3,0.9375763232320847,1
13,Friday,6,6.6,7,2,0.30278211488229245,0
96,Monday,8,7.7,6,1,0.08235579356481988,0
498,Sunday,3,6.1,8,2,0.6376456756149873,1
221,Monday,8,6.6,7,0,0.04303150718285299,0
238,Friday,5,6.2,6,0,0.5452368214324081,1
94,Monday,4,7.4,10,2,0.2788178150988826,0
338,Saturday,6,6.4,8,2,0.7883195047658306,1
269,Thursday,8,6.4,6,2,0.15644982192077428,0
171,Monday,6,6.6,7,2,0.6263452600928217,0
469,Thursday,8,7.0,7,2,0.37684366137570974,1
94,Monday,7,5.4,8,1,0.464483420375371,0
149,Friday,10,7.1,6,0,0.2199183846785733,0
112,Friday,6,6.1,6,0,0.11722149393528748,0
55,Tuesday,6,7.3,7,1,0.6268039506144085,1
337,Wednesday,9,6.2,6,1,0.6658899801045101,0
424,Monday,6,8.2,8,1,0.2193892169609961,0
467,Friday,7,4.8,8,4,0.71864359522737,1
116,Wednesday,3,7.4,9,2,0.5584409680683334,1
143,Thursday,6,7.1,8,2,0.36334299188942915,0
201,Sunday,5,8.0,7,2,0.4289619751536818,0
180,Tuesday,6,8.0,7,1,0.5217874624634401,1
202,Sunday,7,5.2,6,2,0.59508219890183,1
364,Thursday,6,9.3,8,0,0.08252550667277435,0
479,Tuesday,8,7.3,6,2,0.2821429039155892,0
53,Wednesday,8,9.0,5,1,0.046061324415978155,0
471,Friday,6,8.9,8,2,0.4087112456941182,0
384,Wednesday,7,7.2,8,0,0.2492200342260375,0
180,Monday,2,7.0,8,3,0.853016532750325,0
414,Tuesday,7,7.6,7,2,0.5385315131323252,1
417,Friday,9,4.0,7,5,0.5828813574072724,1
313,Friday,5,6.6,8,1,0.506079837749451,1
308,Thursday,8,7.9,7,1,0.04022690082783578,0
137,Tuesday,6,8.5,7,5,0.5905490934557568,1
182,Saturday,5,7.0,6,0,0.6856575083068963,0
367,Sunday,9,7.8,5,0,0.5862023125327351,0
1,Monday,6,7.4,7,2,0.6875716631585862,1
44,Monday,8,6.6,7,2,0.480378103754672,0
227,Saturday,3,6.3,9,2,0.8264621670132112,1
331,Saturday,5,6.6,6,3,0.8960741280221016,1
98,Thursday,8,5.4,6,2,0.34208595421915833,0
208,Sunday,7,5.6,7,2,0.877890175838813,1
265,Friday,6,6.5,7,0,0.4421284571069828,0
288,Tuesday,8,9.4,6,2,0.039635768551243726,0
271,Friday,5,7.0,7,1,0.4096238168553648,0
140,Friday,9,6.4,5,1,0.09058990857448716,0
481,Sunday,6,7.8,8,1,0.4548068244506793,0
237,Tuesday,5,5.7,6,1,0.2587990716592664,0
462,Thursday,5,4.7,6,3,0.9448156849925703,1
441,Friday,6,5.9,7,3,0.6965799171741621,0
392,Wednesday,6,5.3,8,2,0.6804553263736043,1
72,Wednesday,8,4.5,5,5,0.9015484712415833,1
155,Saturday,6,6.7,6,2,0.8795831594875784,1
190,Wednesday,6,7.3,7,0,0.4884103668858626,0
268,Thursday,7,7.2,7,1,0.4230548029730994,1
321,Saturday,5,7.7,8,2,0.17404405038054974,0
107,Tuesday,7,8.7,7,0,0.28591761451412523,0
232,Sunday,7,6.7,8,1,0.18467212599395014,0
42,Friday,7,7.2,6,0,0.0803275856457089,0
190,Thursday,6,6.2,7,1,0.6106858156370983,1
371,Wednesday,5,8.4,8,1,0.13115596625770998,0
139,Sunday,8,6.4,5,1,0.8723392303330787,1
103,Tuesday,8,7.6,5,1,0.17500656214354124,0
171,Tuesday,4,7.0,9,0,0.3266135229009337,0
351,Tuesday,6,8.2,7,0,0.11064849893201742,0
273,Tuesday,9,6.7,6,0,0.3548546651832964,0
481,Wednesday,8,6.4,5,0,0.22723890408019912,0
416,Sunday,4,7.0,8,0,0.38142892277145957,0
221,Saturday,7,7.2,7,2,0.30112471896571125,1
213,Wednesday,7,4.5,8,2,0.2948419611061733,1
341,Wednesday,8,6.1,6,1,0.6127933973678178,1
424,Friday,7,6.0,7,1,0.3635155683643146,1
407,Monday,7,5.3,7,1,0.4464600599813772,0
56,Saturday,8,6.7,6,0,0.5796796963109486,1
390,Saturday,9,6.3,5,1,0.43357418892171506,0
342,Saturday,6,6.8,6,0,0.4842202397767855,1
434,Wednesday,7,7.4,8,2,0.5744316797474576,0
102,Wednesday,5,7.5,7,0,0.18831863060761114,0
421,Monday,6,8.6,7,0,0.1683542150684433,1
493,Wednesday,6,7.1,7,4,0.5293410768535748,1
192,Wednesday,6,4.9,8,2,0.6715655986437132,1
499,Sunday,6,7.0,7,2,0.7393058622401529,1
310,Saturday,8,6.6,7,0,0.17540963663889897,1
200,Sunday,7,6.2,6,3,0.3849347470732307,0
233,Saturday,4,8.7,7,0,0.6276750029742124,1
433,Monday,8,7.2,6,2,0.15849517367916297,0
227,Friday,5,6.8,8,2,0.4067835808689697,0
371,Monday,4,4.9,10,2,0.34917188035861163,0
139,Tuesday,4,6.6,8,1,0.8049398992856487,1
344,Thursday,7,9.5,7,1,0.4749936908772996,1
305,Friday,9,5.7,6,2,0.14085417499753064,0
149,Friday,6,6.4,7,0,0.2633703785510181,0
115,Monday,8,8.4,5,0,0.17467050233351786,0
450,Monday,7,6.2,7,1,0.4583724716701957,1
63,Monday,2,6.1,9,1,0.4812356894408236,1
104,Monday,8,6.4,5,0,0.46356124074985183,1
339,Tuesday,5,7.1,7,1,0.3019077620252763,0
359,Friday,5,5.6,7,1,0.822650105155881,0
156,Saturday,8,8.5,7,0,0.12078442735724963,0
273,Wednesday,7,6.2,7,4,0.7456523531188549,1
6,Friday,6,6.9,6,3,0.7177547766945536,1
147,Tuesday,7,6.2,7,4,0.8429258785171871,1
184,Sunday,5,5.8,8,1,0.5985836309398079,1
486,Wednesday,10,4.1,6,3,0.7559006764006236,1
28,Saturday,7,7.7,8,1,0.4176412854301557,0
450,Sunday,7,5.2,7,6,0.8620562700993911,0
38,Saturday,6,8.3,6,2,0.298876799896268,0
119,Monday,3,6.9,9,2,0.19879200371074798,0
293,Friday,5,9.1,8,2,0.1509356752971113,0
371,Monday,4,6.0,8,3,0.75802639625177,1
244,Monday,4,8.8,7,4,0.5154291226738502,1
68,Monday,3,6.4,8,1,0.6040555872693852,1
214,Sunday,5,8.5,8,2,0.27221878984317965,0
218,Sunday,7,8.1,6,1,0.14801011202480957,1
177,Tuesday,4,4.5,9,2,0.668317333573899,0
299,Thursday,8,10.0,5,0,0.04435497124892322,0
164,Sunday,7,9.3,6,0,0.45357388797326204,1
58,Thursday,6,7.2,8,2,0.2639500664044005,1
269,Wednesday,10,8.3,7,1,0.03261116306115322,1
308,Thursday,6,7.0,7,0,0.10060288595401945,0
58,Friday,8,7.8,5,2,0.31432232414985456,0
288,Wednesday,7,6.9,7,3,0.45944621799536234,1
465,Friday,9,5.5,5,1,0.7759708932246023,0
105,Wednesday,9,6.6,6,0,0.046313096707774795,0
228,Tuesday,6,6.1,7,0,0.2127760082765305,0
247,Wednesday,6,7.5,7,1,0.46788187787098545,1
188,Monday,4,5.4,8,4,0.8863003605316451,1
494,Thursday,7,6.9,7,4,0.5111010860406686,0
83,Monday,8,5.0,7,4,0.8330272013155047,0
186,Saturday,6,8.3,7,1,0.27504482171273387,0
252,Wednesday,9,5.2,6,3,0.7306366960079129,1
355,Friday,7,7.4,7,1,0.28232833466479806,0
238,Sunday,9,7.5,6,0,0.16021712854577952,0
360,Saturday,6,8.7,8,0,0.16524939729554336,0
184,Sunday,4,7.2,10,2,0.3033824693541262,0
284,Thursday,5,7.7,7,1,0.5747538368316876,0
385,Tuesday,6,6.9,7,0,0.14151527463897917,0
426,Sunday,5,7.9,8,2,0.47102719207423493,0
210,Saturday,3,5.2,9,2,0.8243967948184526,1
304,Saturday,2,6.6,9,3,0.6977020932041966,0
296,Friday,9,6.5,7,0,0.12261503539807588,0
97,Thursday,7,8.3,7,1,0.2621611715255186,0
447,Monday,7,7.1,6,1,0.3588157688355574,1
460,Friday,7,4.6,6,2,0.821949001709162,1
456,Monday,5,7.2,7,0,0.15351202899063926,0
472,Tuesday,8,5.6,6,2,0.6985101347600224,0
208,Thursday,3,5.8,10,2,0.7005518765658768,0
370,Wednesday,2,6.6,7,3,0.906884225199657,1
388,Monday,6,7.0,7,4,0.8540112663612027,1
422,Saturday,7,6.5,7,0,0.49566762640089895,0
492,Saturday,5,5.3,8,5,0.981443534583665,1
411,Friday,3,6.5,8,3,0.6743406117706394,0
137,Thursday,8,6.4,6,1,0.6358585544217559,1
367,Sunday,6,9.1,7,1,0.2801523022761294,0
400,Monday,8,6.8,5,1,0.40486158349939744,0
184,Friday,9,8.1,7,1,0.0852980614369772,0
76,Monday,3,9.2,8,2,0.37520966401908634,0
287,Wednesday,7,5.4,7,3,0.4572802356068667,0
472,Thursday,7,8.5,7,0,0.22444056222855124,0
375,Friday,8,7.8,5,1,0.11785256140349783,0
142,Monday,5,4.0,7,5,0.9697890279078869,1
237,Tuesday,7,6.5,7,0,0.22128908360504435,0
25,Thursday,8,7.5,5,1,0.6069791434128999,1
290,Thursday,7,7.1,8,0,0.1586942630626796,0
67,Thursday,10,8.7,6,3,0.27645272798730275,0
250,Tuesday,5,7.4,7,2,0.5017482164118129,1
408,Thursday,7,5.0,6,4,0.835905187341213,1
118,Tuesday,6,7.7,7,4,0.802692618502058,1
490,Tuesday,6,5.3,7,2,0.7068903486935072,1
73,Thursday,8,6.0,7,1,0.4860540395227918,0
282,Friday,7,8.0,7,1,0.1801838295986826,1
404,Monday,4,7.9,8,2,0.4992275916322579,1
448,Monday,8,6.7,6,1,0.18223527472118278,1
360,Thursday,8,5.8,6,1,0.4725409986862865,0
10,Tuesday,9,6.5,6,1,0.18276886455466632,1
211,Wednesday,8,6.6,7,0,0.3291286091072086,1
323,Wednesday,6,6.0,8,3,0.7349133703718139,1
152,Tuesday,6,8.1,8,0,0.11909654189861683,0
5,Monday,9,6.2,6,1,0.5127075513308778,1
195,Saturday,5,7.1,6,3,0.8967054381508852,1
442,Friday,5,6.4,7,1,0.43647839147046336,1
283,Friday,7,7.5,7,1,0.3191542476145389,0
464,Thursday,4,7.0,7,0,0.21682154006458068,0
113,Friday,7,7.0,7,0,0.12303400821559282,0
271,Sunday,7,6.3,8,1,0.46905245558389647,0
163,Friday,6,7.0,8,0,0.37204995686015335,1
460,Tuesday,9,7.6,6,0,0.1419298514333253,1
105,Thursday,9,6.3,5,1,0.31251093122705553,0
181,Wednesday,5,6.9,7,0,0.20356286330105133,0
44,Thursday,8,7.8,5,2,0.5127516114411237,1
282,Thursday,8,5.7,5,6,0.8836588920428239,1
175,Saturday,7,6.5,6,1,0.6013934506273177,1
162,Friday,6,6.6,7,0,0.4297009339330387,1
471,Tuesday,4,7.6,9,1,0.3124114541872991,0
351,Monday,5,3.5,6,3,0.809394119904775,1
434,Wednesday,4,6.5,8,0,0.5502400129462732,1
340,Monday,8,5.9,6,2,0.5737140027543272,1
140,Tuesday,6,7.1,7,1,0.18277105477502592,0
471,Wednesday,8,6.6,7,2,0.621373798953692,1
132,Wednesday,9,8.1,6,2,0.20305197984640153,0
87,Sunday,7,8.2,7,0,0.26900301318677877,0
176,Tuesday,9,6.4,6,1,0.2606688694628636,1
183,Tuesday,6,5.5,7,2,0.6205845538349873,0
368,Monday,7,7.1,7,1,0.5415882213329969,0
129,Thursday,7,6.3,8,2,0.1671268142774269,0
246,Monday,5,6.5,8,0,0.28159292525493496,0
89,Thursday,6,5.3,6,2,0.704142681112331,1
66,Monday,9,6.9,7,2,0.13905250321377555,0
158,Thursday,6,6.1,8,1,0.33103312679548946,0
387,Saturday,3,6.9,10,1,0.1840500828130785,0
378,Monday,6,3.5,7,4,0.9765108088830939,1
149,Wednesday,5,6.7,8,2,0.498978905851415,0
473,Wednesday,7,5.6,7,1,0.3124768516186777,0
340,Friday,8,7.3,5,2,0.34223216368034637,0
433,Wednesday,7,6.8,8,2,0.2809688298056606,0
116,Thursday,6,4.9,7,3,0.7075326560420383,1
214,Friday,7,6.6,7,0,0.20299867421020187,0
469,Thursday,6,7.0,8,1,0.2720876580184807,0
446,Wednesday,4,9.2,10,0,0.09183714227919354,0
481,Monday,6,7.4,8,1,0.2920018034230939,0
372,Friday,10,5.2,7,1,0.22901058171102281,0
294,Saturday,4,9.7,9,2,0.31621915273461176,1
253,Sunday,3,7.1,9,1,0.691341659497429,1
143,Sunday,9,7.1,7,0,0.12891214925888556,1
250,Friday,7,9.0,6,0,0.12672138895671353,1
366,Friday,7,5.9,8,1,0.12967892230700168,0
436,Friday,6,6.5,7,0,0.10107978723108402,0
463,Wednesday,7,4.7,8,6,0.955700409800155,1
302,Thursday,7,6.7,7,0,0.22696088654443086,0
25,Wednesday,9,6.5,5,0,0.4968455932630846,0
277,Wednesday,8,6.2,7,2,0.3827980552207267,0
472,Friday,8,6.9,6,3,0.7459840135958998,1
377,Wednesday,5,5.7,6,1,0.7625944591388883,1
378,Tuesday,7,8.5,6,1,0.5634817364387382,1
389,Tuesday,5,6.7,7,4,0.6393383660646802,1
70,Saturday,9,6.5,5,1,0.6002345074763112,1
113,Friday,5,5.0,8,3,0.39785700796878987,1
363,Thursday,6,6.8,7,1,0.19602194288251476,0
112,Wednesday,4,7.8,9,1,0.02362706670936507,0
364,Wednesday,6,7.1,7,1,0.3339242286166142,0
303,Monday,5,9.1,7,0,0.03229309704138642,0
471,Wednesday,6,9.1,6,1,0.6180117852317605,0
452,Friday,5,5.2,7,1,0.42825148369747584,0
91,Wednesday,9,4.9,6,5,0.8957240764438891,1
18,Wednesday,6,5.8,7,6,0.5949767542916021,0
149,Monday,5,7.5,8,2,0.44385119720475985,0
476,Wednesday,8,7.2,6,0,0.2029626430012617,0
227,Monday,10,7.9,6,3,0.5605863784660338,1
214,Thursday,6,5.5,7,2,0.5717594980158756,1
360,Thursday,6,4.6,7,2,0.5992556235572505,0
151,Saturday,5,6.7,6,1,0.8323208002882646,1
192,Thursday,8,7.4,5,0,0.38331841171734626,0
451,Wednesday,8,6.9,6,0,0.06826596312779959,0
40,Thursday,6,8.2,6,1,0.23148933252522025,0
242,Friday,6,5.8,8,1,0.6926512899564077,1
138,Monday,8,7.9,6,1,0.13254329697470427,0
345,Thursday,8,6.0,7,3,0.49658576374481206,0
180,Sunday,10,8.3,7,1,0.42484023747980315,1
497,Tuesday,5,7.6,8,1,0.03425761316360022,0
200,Thursday,8,8.6,6,3,0.27066588386662976,0
203,Saturday,7,5.8,7,5,0.823308643139001,0
61,Thursday,3,8.4,8,1,0.5155084813772073,1
192,Friday,10,7.2,7,1,0.28000423045951744,0
5,Tuesday,7,6.8,7,1,0.18737144346764417,0
378,Tuesday,8,6.5,5,2,0.8406528735251377,1
237,Friday,8,6.6,5,1,0.1574129921095922,0
181,Friday,8,6.7,6,2,0.2989756524593842,0
311,Sunday,5,5.5,7,1,0.5561991811937117,0
37,Tuesday,8,7.0,6,0,0.20547651465379427,1
56,Wednesday,7,6.9,8,1,0.44514730529829455,0
443,Tuesday,3,5.9,9,2,0.5389287114313338,1
237,Monday,10,6.7,6,2,0.2524771656932301,0
358,Wednesday,6,8.0,6,2,0.30584998141851716,0
349,Wednesday,8,6.0,6,3,0.34591714954220176,1
197,Tuesday,6,5.3,6,2,0.900743288119327,1
73,Tuesday,5,5.8,7,4,0.8854133123107115,1
59,Wednesday,6,4.2,8,3,0.7758174557910976,0
240,Sunday,10,9.5,6,1,0.19934493294478378,1
2,Friday,10,5.7,5,3,0.8079330421436558,1
449,Monday,5,8.2,8,1,0.1458262521085063,0
360,Saturday,9,5.9,6,2,0.7066646952247728,0
188,Thursday,7,6.0,7,2,0.46829897790898095,0
307,Saturday,10,7.5,6,3,0.2059475012462736,0
30,Wednesday,9,7.5,6,2,0.2062842031923575,0
267,Wednesday,7,6.6,6,1,0.6267586367368566,1
476,Saturday,7,5.6,8,3,0.6970121393067922,1
108,Tuesday,8,6.6,5,1,0.49035804348213063,0
332,Sunday,7,8.9,6,1,0.4757980341366861,1
423,Saturday,4,7.8,8,0,0.6764750092917327,0
90,Sunday,7,10.0,7,2,0.2008487765647282,0
205,Wednesday,5,6.9,6,0,0.2762706050835822,1
379,Tuesday,5,7.9,6,0,0.5530690979952928,0
456,Wednesday,9,7.3,6,0,0.27252477432743766,0
447,Sunday,7,6.6,8,0,0.20030252666234352,0
448,Wednesday,6,6.6,6,0,0.2973364558591847,1
445,Thursday,4,8.0,7,2,0.4183216480674128,0
381,Wednesday,5,6.3,8,0,0.2937849827030496,0
438,Wednesday,6,7.2,7,1,0.3835662958763977,0
220,Tuesday,10,6.0,6,1,0.1581132863654708,1
378,Thursday,4,7.8,8,0,0.4192131280872698,1
94,Saturday,7,7.5,7,0,0.26070166805308476,0
457,Monday,7,7.7,8,1,0.1710861714493682,0
103,Saturday,9,8.9,5,1,0.1548655295774872,0
223,Friday,7,7.5,7,2,0.34677396506857666,1
186,Thursday,7,6.5,6,2,0.6187706262380419,1
469,Thursday,9,6.5,6,0,0.20305410169401722,0
184,Tuesday,5,4.2,6,4,0.7965687785592256,1
495,Wednesday,8,7.2,6,1,0.1288705766061334,0
162,Friday,4,8.0,9,3,0.5960924830123808,1
247,Tuesday,7,5.2,7,2,0.4741432136447826,1
31,Wednesday,6,6.5,8,1,0.15788342864217464,0
52,Monday,5,6.5,8,2,0.6381219549850419,0
345,Friday,8,7.3,6,1,0.14047129948193157,0
76,Wednesday,9,6.9,6,0,0.1544546231471624,0
385,Thursday,9,5.6,5,1,0.3474290010378349,1
439,Monday,7,8.6,6,0,0.08327911951896963,0
278,Sunday,4,5.4,7,1,0.5704335229537296,0
40,Tuesday,6,6.0,8,2,0.4266012535881947,1
101,Thursday,9,5.1,7,2,0.8612709152486528,0
111,Thursday,8,7.1,6,1,0.6351416879607108,0
385,Friday,9,7.3,6,2,0.22625793031175617,0
321,Tuesday,7,6.6,8,2,0.1049887015854584,0
249,Friday,6,5.2,7,1,0.3447628827632608,1
191,Wednesday,3,5.6,8,3,0.9087148147929828,1
490,Wednesday,8,7.8,6,0,0.2852638577602542,1
182,Friday,6,6.6,6,2,0.7137518505487385,1
426,Friday,4,6.2,10,0,0.26726900843162626,0
405,Friday,8,5.9,6,2,0.6881786361667579,0
335,Saturday,9,7.3,7,2,0.5100544124963022,1
209,Tuesday,8,7.4,6,2,0.6213809199136001,1
22,Sunday,8,7.1,7,0,0.5041479936001101,1
166,Monday,8,7.2,6,0,0.149085237419642,0
99,Friday,1,4.8,9,4,0.8332172248297125,0
493,Thursday,10,8.1,7,0,0.19927601805028092,0
208,Thursday,5,6.7,6,1,0.8693159119085143,1
8,Tuesday,5,5.5,6,1,0.7664792187566208,1
190,Thursday,6,7.2,8,0,0.2854034875441223,0
175,Tuesday,6,6.9,6,1,0.528786034397778,1
273,Wednesday,10,5.4,6,2,0.6384589139742223,1
17,Monday,8,6.6,6,2,0.2150603183949899,0
90,Thursday,5,6.1,6,1,0.3250818507754611,1
141,Monday,5,5.2,8,1,0.6057902857570363,1
145,Tuesday,10,6.2,6,1,0.13245489346328984,0
166,Monday,7,5.4,7,2,0.6132605830048387,0
337,Wednesday,6,5.2,7,1,0.6921459079630953,1
496,Saturday,3,8.0,10,2,0.3807648327263992,1
78,Sunday,3,7.8,9,4,0.8587904460576945,1
429,Monday,4,6.4,10,3,0.20628998212262453,1
262,Thursday,7,4.0,6,3,0.6852718619191815,1
163,Friday,9,6.6,6,1,0.41093551222863284,1
366,Thursday,8,7.6,5,1,0.2409329068363803,0
14,Friday,9,8.2,5,3,0.6961211217280946,1
239,Tuesday,8,7.9,6,1,0.22982371889860112,0
72,Thursday,4,5.3,8,3,0.40374771325456,0
445,Wednesday,7,5.8,6,3,0.5280674038665297,0
143,Monday,7,6.5,8,1,0.16661286692795824,0
310,Thursday,6,6.6,8,1,0.1174384110117861,0
283,Thursday,6,6.7,6,2,0.43343843467593884,0
269,Tuesday,6,8.0,7,1,0.06694606343548375,0
241,Wednesday,3,6.9,8,1,0.37366734079541275,0
415,Friday,4,8.2,10,0,0.024941648215705513,0
245,Saturday,10,6.5,6,1,0.4871451543639227,1
163,Friday,4,6.2,8,1,0.5384785616803839,0
60,Wednesday,3,6.2,9,3,0.7472469618739057,1
6,Thursday,5,6.6,6,2,0.6682755110828327,1
197,Wednesday,7,5.1,6,4,0.9358309872664965,1
470,Monday,8,9.0,6,1,0.15948297241167023,0
58,Wednesday,4,6.8,10,0,0.13206905945142058,0
305,Thursday,7,5.3,8,3,0.17237030378884455,1
407,Thursday,5,5.4,8,3,0.6577974629880582,1
217,Sunday,7,7.5,6,1,0.5683951401031212,1
418,Friday,6,7.4,8,0,0.1879201261339111,0
26,Monday,5,7.8,8,1,0.0985235303920364,0
303,Tuesday,5,6.8,7,2,0.22505330385036432,0
5,Monday,2,7.4,10,1,0.34825741783795716,0
474,Friday,6,7.1,8,0,0.49624508419283136,1
20,Friday,6,6.6,8,1,0.7853224244108645,1
390,Sunday,4,7.0,9,2,0.4128995121470739,0
198,Thursday,6,6.7,8,0,0.32248110946288827,0
59,Saturday,6,7.3,8,1,0.2831619701490448,0
448,Thursday,3,6.7,7,0,0.4339046049983767,0
242,Saturday,5,7.9,8,0,0.3718290591477258,0
146,Friday,5,8.6,8,2,0.2996917367462238,0
388,Friday,7,5.5,7,2,0.7833198531370618,1
273,Thursday,9,6.8,5,2,0.43875762054307194,1
249,Friday,7,7.1,7,0,0.24261259675657193,0
14,Wednesday,9,6.3,7,2,0.6353106947359871,0
462,Monday,6,8.0,7,0,0.22961354309180745,1
13,Monday,7,6.1,7,1,0.2013374930756173,0
391,Wednesday,7,7.5,7,1,0.23674514341499586,0
384,Thursday,10,8.2,7,2,0.19306316171489807,0
44,Monday,6,7.2,8,1,0.2210803183421631,0
375,Tuesday,8,6.5,5,2,0.40257131742354474,0
399,Wednesday,7,7.3,7,1,0.17146852694954928,0
19,Thursday,9,6.2,7,1,0.4313249620070286,0
63,Tuesday,8,5.8,5,3,0.54660788225282,0
491,Monday,7,7.1,6,0,0.24205250732858324,0
239,Tuesday,4,7.6,9,2,0.17755873516027876,0
492,Tuesday,4,6.8,9,2,0.767950811358559,1
419,Saturday,5,8.1,6,1,0.2841287632105266,0
337,Tuesday,6,9.5,8,1,0.17811737970028235,1
419,Friday,7,8.2,7,1,0.14878975671626574,0
403,Thursday,5,6.0,7,4,0.7349451523396866,1
404,Sunday,3,7.6,8,1,0.44602993484679165,1
100,Tuesday,9,7.1,6,3,0.41858681759032956,1
163,Monday,7,5.7,7,2,0.4317156225278206,1
416,Monday,7,7.4,7,0,0.1965156379219031,0
122,Tuesday,9,5.8,6,1,0.7166355212429565,0
432,Friday,5,7.5,7,1,0.5728959203537319,1
44,Monday,6,9.0,8,0,0.05550021921986857,1
360,Tuesday,7,6.5,8,0,0.14691375523006536,0
408,Saturday,6,7.9,8,1,0.45277449806920556,0
317,Thursday,5,7.1,6,2,0.6006523051226018,1
381,Monday,8,5.6,5,3,0.718240747554564,1
145,Monday,7,5.8,8,3,0.4675484894555236,0
327,Monday,8,7.1,5,2,0.7176950967663039,0
363,Sunday,5,7.6,6,1,0.4367340725082686,0
50,Saturday,8,7.2,6,3,0.44189043012057044,0
65,Saturday,5,8.5,8,0,0.17305310323952117,0
355,Sunday,7,8.0,8,4,0.48450408065109657,1
288,Thursday,10,9.3,6,2,0.12445643514712154,0
164,Tuesday,8,5.6,7,2,0.7549292326826841,1
141,Wednesday,7,6.2,8,0,0.18465692110352014,0
454,Friday,9,8.4,6,1,0.16395612806561385,0
314,Saturday,5,9.4,6,1,0.6765278805917011,1
128,Wednesday,7,5.7,7,1,0.2948502850887352,1
398,Thursday,5,6.2,8,1,0.4557228322502548,1
421,Sunday,6,7.2,7,0,0.22139168766874154,0
368,Monday,10,8.4,6,1,0.5329457242216934,1
463,Saturday,7,7.2,8,0,0.7285750632138416,1
239,Monday,9,6.5,5,1,0.4878229611595707,0
324,Thursday,6,6.4,6,1,0.46483911900664704,1
296,Tuesday,9,6.8,7,0,0.055163532151157595,0
187,Thursday,7,7.1,6,2,0.38790622297999106,1
208,Thursday,7,9.0,7,0,0.20018689672022222,0
220,Wednesday,7,8.5,7,1,0.18724761691199204,0
400,Saturday,7,6.1,8,0,0.4056933293233576,0
190,Friday,6,6.5,6,2,0.7806098875975771,1
388,Friday,4,6.7,8,1,0.6104367675256099,0
429,Monday,6,6.2,6,1,0.2636560373133701,0
346,Saturday,7,8.6,6,0,0.25426379349747036,0
284,Tuesday,10,8.3,6,0,0.15196374662127138,0
352,Tuesday,2,6.1,8,0,0.6335072424785935,0
237,Monday,10,6.7,6,0,0.10755165508493213,0
194,Wednesday,9,7.8,5,2,0.21812843453954,0
287,Saturday,8,8.7,6,2,0.374805699300615,0
259,Tuesday,7,6.1,8,1,0.288662495886736,0
246,Wednesday,4,7.3,8,1,0.5547431558048562,1
136,Saturday,10,6.6,6,2,0.23801287088653628,0
280,Thursday,9,8.0,6,0,0.09158988166409077,0
271,Friday,7,5.8,8,2,0.2783306417867205,0
171,Tuesday,7,6.8,8,1,0.6940955809154673,1
159,Friday,6,6.1,8,0,0.20232585534995637,0
201,Tuesday,8,5.5,5,2,0.5574268837121489,1
487,Sunday,6,6.7,7,2,0.5033486046395427,1
45,Thursday,7,6.3,7,3,0.7713533956782767,1
450,Friday,7,8.2,6,0,0.07054233050940566,0
264,Monday,10,6.1,5,1,0.13850719242403106,0
71,Tuesday,5,6.8,7,1,0.605192188270406,1
364,Monday,7,5.9,8,2,0.619758722506939,0
371,Wednesday,9,7.8,7,0,0.1480452493439197,0
103,Tuesday,8,8.0,6,0,0.11044391329955014,0
490,Friday,8,7.6,7,2,0.18246711361395257,0
125,Monday,10,6.3,6,1,0.28485784718953805,0
313,Friday,9,5.9,6,3,0.6645288626727357,1
464,Monday,5,5.6,8,2,0.2698497578561968,0
483,Tuesday,5,7.6,7,3,0.26982906976405857,0
286,Friday,6,6.1,7,1,0.6912865072937454,1
458,Friday,6,7.7,8,2,0.5208883177341109,1
230,Wednesday,7,5.7,8,3,0.5262659213641188,1
146,Monday,7,6.4,8,0,0.14464021035194805,0
370,Thursday,7,6.2,6,2,0.6112854921935642,0
197,Wednesday,2,5.8,9,1,0.7458409757941644,1
373,Tuesday,5,4.6,7,2,0.6653676081326946,1
221,Friday,8,5.1,5,2,0.38249601705356767,1
423,Wednesday,10,8.1,6,1,0.20090798138052748,0
60,Monday,6,5.7,7,1,0.6789805503234936,1
98,Sunday,6,8.2,6,1,0.5246982788508648,1
171,Friday,6,6.7,8,0,0.5146199251337301,0
382,Monday,10,6.3,6,2,0.28381003262407584,0
173,Thursday,7,6.2,7,1,0.47791779196852,1
151,Monday,2,6.6,9,0,0.7530513454172749,1
453,Saturday,10,8.2,7,1,0.07144370247689356,0
350,Thursday,8,5.2,6,1,0.3614790688479179,1
390,Tuesday,4,6.6,9,2,0.3968523374446345,0
440,Monday,5,7.2,6,1,0.27699910437657904,1
122,Monday,5,7.6,7,0,0.5491799245189964,1
494,Thursday,6,7.9,7,0,0.3537960169657264,0
108,Friday,9,6.5,6,1,0.22005236138289935,0
4,Monday,3,5.0,8,3,0.8998095931109041,1
93,Tuesday,6,7.2,8,1,0.06641473830712685,0
407,Wednesday,7,6.6,7,4,0.7857109668674088,1
6,Tuesday,6,8.1,7,0,0.1724928454604521,0
288,Wednesday,5,6.9,6,1,0.32116485120943233,0
106,Thursday,9,8.2,6,1,0.08521160788878002,0
146,Friday,6,6.1,8,2,0.3846500880443666,0
271,Sunday,6,8.9,6,0,0.16597014394881987,1
424,Sunday,7,7.6,6,1,0.39657901958569647,0
378,Thursday,6,7.2,6,2,0.723577474724161,0
96,Friday,5,4.6,6,3,0.8750270973428346,1
457,Sunday,5,8.7,8,1,0.2765463477374733,0
229,Monday,10,6.5,6,0,0.21655511312963382,1
202,Monday,8,7.3,5,6,0.671536246133952,0
212,Monday,6,6.3,8,0,0.2802123116644754,0
6,Thursday,9,8.1,5,0,0.14991964581048137,0
112,Friday,8,7.0,6,0,0.20597739203730175,0
376,Wednesday,7,6.9,7,2,0.5158782033180038,0
379,Thursday,4,9.0,7,0,0.3051630674477495,0
447,Thursday,5,3.7,7,4,0.8786609729127629,1
323,Monday,8,6.2,5,2,0.5119076401485642,1
106,Wednesday,8,6.5,7,1,0.2948941652727613,0
139,Monday,4,5.7,7,4,0.955344890855334,1
299,Monday,6,7.1,6,2,0.3903497812821309,1
401,Saturday,8,5.8,6,1,0.6470140283451422,0
96,Saturday,9,5.8,7,3,0.6933176108722996,1
388,Saturday,8,7.9,6,3,0.782418768618963,1
447,Friday,6,5.6,7,2,0.5491107802230427,1
452,Friday,7,7.3,6,2,0.4372202512859489,1
337,Friday,6,6.0,6,3,0.8872756792781482,1
297,Friday,7,5.7,7,1,0.6463154815871665,1
467,Friday,9,5.5,6,3,0.5558311296283308,1
389,Thursday,5,5.6,7,3,0.6803698477022477,1
416,Wednesday,7,6.2,8,1,0.32465394830497635,0
214,Friday,6,5.7,6,3,0.7193503856455834,0
454,Tuesday,6,6.6,7,2,0.6154399598485568,0
291,Thursday,6,4.5,7,3,0.7907966149104122,0
22,Wednesday,9,5.7,5,1,0.30483518238330715,0
193,Tuesday,8,8.2,6,2,0.42157412768185104,0
468,Sunday,6,5.9,6,1,0.7031569973319356,1
150,Tuesday,8,5.9,5,2,0.48444811113619035,0
368,Tuesday,5,8.2,8,0,0.5214132167143606,0
247,Tuesday,3,6.7,10,3,0.5546988469562995,1
267,Saturday,2,5.3,9,1,0.7956939598087344,1
461,Thursday,8,7.4,6,3,0.5879464106654838,1
251,Thursday,6,8.1,7,2,0.26191461206950917,1
490,Saturday,8,7.4,5,1,0.46523196993959487,0
3,Wednesday,7,6.0,7,3,0.27153783266154163,1
393,Tuesday,7,4.6,6,3,0.8276786002062024,1
316,Tuesday,6,6.1,7,0,0.17026757227442296,1
76,Friday,8,5.2,7,2,0.7066746025075378,0
87,Thursday,10,6.7,7,0,0.29298919841936727,0
270,Tuesday,2,7.7,10,1,0.07935197180815062,0
225,Monday,6,5.5,6,1,0.577379120828773,1
18,Monday,9,7.5,6,1,0.05602561611011783,0
113,Thursday,4,4.6,10,3,0.41108169975738856,0
251,Monday,7,6.4,8,1,0.20864866197851212,1
233,Monday,5,4.3,6,5,0.9225662926520901,1
329,Wednesday,6,6.9,8,4,0.2827298972563303,1
279,Friday,3,8.1,9,2,0.25589863538519536,1
202,Friday,8,6.2,5,1,0.38343474605728856,0
83,Wednesday,7,6.9,7,1,0.40555318403568835,1
125,Friday,4,6.1,7,1,0.4588774860807616,1
175,Thursday,7,7.1,8,0,0.12459397482044088,0
69,Sunday,7,8.4,6,1,0.24152886778914157,0
47,Tuesday,5,6.7,7,1,0.48715562853436134,1
372,Thursday,10,6.1,7,1,0.2773042936304933,1
256,Thursday,8,7.0,7,2,0.30613822850939537,0
215,Tuesday,9,8.9,6,0,0.08306773533600417,0
30,Friday,6,7.1,7,2,0.1562624611728653,0
281,Tuesday,3,5.2,9,2,0.7744887664268159,1
412,Wednesday,2,9.0,10,3,0.27267897288463155,1
482,Wednesday,4,5.7,10,2,0.6484618386835449,1
237,Tuesday,9,5.8,7,1,0.0662053284423781,0
248,Wednesday,5,7.9,6,0,0.4889237538309738,1
368,Wednesday,9,6.2,6,3,0.6801655845164746,0
495,Friday,4,7.3,9,0,0.10984732055876656,0
25,Friday,5,7.2,8,3,0.5039444786844186,1
74,Monday,5,7.2,7,1,0.6478395607474476,1
206,Thursday,7,8.4,8,2,0.13910109187855957,0
490,Saturday,4,7.1,8,3,0.8389113046507118,1
494,Monday,5,6.7,7,2,0.44318063049847,0
314,Wednesday,6,5.6,7,2,0.42411686753997113,0
94,Friday,4,7.6,10,1,0.1869552057106866,0
375,Thursday,3,6.9,9,2,0.43033928789897996,0
127,Monday,7,8.2,6,1,0.31436696271661707,1
425,Wednesday,4,7.1,8,1,0.2658749568200498,1
25,Thursday,9,8.8,5,2,0.44000786462807606,1
334,Sunday,9,7.2,5,3,0.4781860698958783,0
355,Tuesday,5,7.0,6,1,0.480004024269246,1
116,Sunday,8,7.5,7,1,0.4510064541514967,0
48,Wednesday,7,5.9,8,4,0.49353521246518917,1
226,Tuesday,9,4.4,6,2,0.4624488822195034,0
266,Wednesday,6,7.0,7,0,0.5651558228557225,0
99,Thursday,8,4.8,7,4,0.7437510318336075,1
459,Tuesday,7,7.3,7,0,0.12648800257913384,0
11,Tuesday,7,8.1,8,3,0.48126631287066196,0
85,Saturday,5,7.3,8,0,0.46960399811365583,0
405,Sunday,9,7.9,6,0,0.23234166240911905,0
214,Tuesday,6,7.2,8,2,0.4427085217130427,0
173,Monday,6,7.8,7,1,0.2779516070425135,0
391,Friday,5,6.6,7,0,0.49292886114168594,1
209,Thursday,5,5.2,6,3,0.8354258020945305,1
448,Monday,6,4.6,8,3,0.7304198567466075,0
382,Sunday,7,7.0,6,1,0.36913723161293865,0
64,Monday,8,4.7,7,3,0.8618986767171503,1
258,Thursday,7,6.7,8,1,0.2901421351478723,0
332,Wednesday,9,7.0,7,1,0.3256385463624432,0
121,Thursday,7,6.1,7,2,0.13400132237589088,0
298,Tuesday,3,7.6,9,0,0.23759378581617302,1
466,Friday,4,6.9,10,1,0.16760258467729783,0
54,Sunday,8,6.6,7,1,0.3595016757534704,0
331,Wednesday,6,6.2,8,1,0.37390030966118837,1
272,Thursday,6,8.3,6,1,0.21111520015369525,0
241,Tuesday,5,4.7,7,3,0.8531015954493356,1
243,Saturday,6,7.1,8,1,0.31684722284662165,0
18,Sunday,6,7.6,8,1,0.14870202534227372,0
483,Friday,7,6.0,6,4,0.8046498210803086,1
187,Thursday,6,5.8,7,4,0.6944536322222791,0
346,Sunday,9,8.7,5,1,0.0719772709437927,0
144,Monday,5,9.2,8,1,0.10464734669555649,1
262,Wednesday,7,6.3,8,1,0.1491201032913851,0
441,Thursday,3,6.7,8,0,0.5531605177807951,1
364,Thursday,8,7.4,7,2,0.23781727172906472,0
491,Saturday,4,6.2,10,2,0.3611189933650627,1
431,Friday,8,6.8,5,1,0.43830227860851884,1
239,Monday,3,8.5,8,0,0.3100102928220687,0
304,Wednesday,4,9.6,8,1,0.09932630053316387,0
298,Wednesday,8,5.2,6,1,0.4199077219831446,1
76,Thursday,10,5.6,7,1,0.4357404873329672,0
188,Tuesday,1,6.2,8,2,0.6603134134506288,1
333,Monday,4,6.3,8,0,0.18687652767303173,0
388,Friday,10,8.0,6,3,0.5674870811313517,0
487,Saturday,7,7.4,8,0,0.268307333348372,0
246,Sunday,4,8.6,10,1,0.4116770406304924,1
130,Sunday,9,7.7,5,0,0.6547824925568534,1
474,Friday,8,6.6,6,0,0.27851316444865837,0
315,Monday,7,7.2,8,1,0.3125494307481646,0
411,Saturday,3,4.7,7,5,0.9865297638573359,1
283,Wednesday,10,6.3,6,2,0.25893511609481656,0
79,Friday,7,6.4,6,2,0.37845590090832687,0
72,Thursday,6,5.0,7,4,0.8973699688009689,1
263,Saturday,9,9.0,5,0,0.4669902833143137,1
191,Wednesday,5,6.4,7,0,0.6456779490662388,1
367,Monday,4,7.1,8,2,0.470347752407279,1
375,Thursday,5,7.7,7,1,0.2429329355733794,0
430,Tuesday,6,5.7,7,3,0.34544250974757507,0
63,Sunday,7,7.7,7,1,0.36166651805220285,0
488,Thursday,8,4.7,7,4,0.8347981714320905,1
380,Thursday,4,7.4,8,1,0.5010185381129307,0
12,Sunday,7,6.7,7,1,0.7887701823501396,1
141,Thursday,5,6.4,7,2,0.6444405977199256,0
254,Tuesday,6,8.0,7,3,0.4268931815905848,0
43,Tuesday,9,8.9,6,1,0.10716763989295919,0
17,Thursday,7,5.8,6,2,0.6846562856351954,1
63,Saturday,8,6.4,6,0,0.3627256054975373,0
253,Friday,5,7.5,7,2,0.37138447349036435,0
465,Sunday,10,8.2,7,2,0.43494277218859323,1
376,Monday,8,5.3,6,5,0.929598924050719,1
292,Tuesday,6,6.7,6,3,0.22550454061489833,0
469,Monday,9,6.7,6,0,0.11904294643141379,0
8,Friday,8,6.6,7,1,0.32776526555910346,1
325,Monday,4,7.5,8,0,0.329586411076034,0
90,Monday,7,8.5,8,2,0.16884171006066162,0
208,Thursday,5,6.4,7,0,0.7074311138157848,1
292,Wednesday,2,8.9,9,0,0.04092309295556746,0
284,Friday,6,6.6,6,3,0.913784789932217,1
118,Thursday,9,8.7,5,1,0.3304496255416687,0
349,Wednesday,9,7.2,6,1,0.1810808437502803,0
175,Wednesday,5,8.0,7,0,0.2283584397056955,0
76,Saturday,6,8.5,7,0,0.11569556171224044,0
101,Wednesday,9,5.7,6,2,0.7619109828720154,1
414,Wednesday,8,7.1,7,1,0.34249702443867286,0
151,Wednesday,7,5.6,6,1,0.6030011992930872,1
400,Tuesday,7,6.6,7,3,0.3765027535352029,0
270,Saturday,8,6.0,6,2,0.21212292934852434,0
458,Monday,6,6.5,8,0,0.3513888848446878,1
71,Sunday,10,7.5,6,1,0.4790458563872063,1
493,Tuesday,6,5.7,7,1,0.4897409706136307,0
180,Saturday,6,7.4,7,1,0.7795304366034536,1
124,Friday,2,7.7,7,1,0.48000656132216724,1
381,Thursday,9,5.5,7,4,0.6634252956878084,1
293,Friday,5,7.8,6,1,0.18364553222722985,0
285,Wednesday,2,7.8,8,0,0.182641541075895,1
195,Thursday,6,5.6,6,2,0.7905851261965889,1
399,Tuesday,6,3.6,6,3,0.8401709326057745,1
228,Wednesday,7,8.0,7,5,0.3286522255870849,0
431,Friday,8,6.4,6,1,0.4497025769950595,1
430,Tuesday,5,6.7,7,0,0.2602346998598657,1
436,Saturday,10,9.8,7,2,0.10917087264784565,0
275,Wednesday,6,7.2,7,0,0.5656274001283534,1
461,Thursday,3,7.3,8,1,0.3945123174291683,0
106,Sunday,10,7.4,6,2,0.4504624319720974,0
21,Friday,8,6.5,5,1,0.21203434029353765,0
64,Friday,7,6.6,6,0,0.6318086052610502,1
165,Friday,6,6.5,8,1,0.624064727293676,0
27,Sunday,7,5.4,7,3,0.7012660316326345,1
311,Tuesday,2,5.5,9,3,0.5978561077680705,1
500,Thursday,6,6.6,8,0,0.41902423450603793,0
285,Wednesday,10,9.1,6,1,0.04184587769433757,0
148,Monday,5,5.0,8,2,0.5657542778391168,1
281,Monday,7,6.1,8,0,0.25151690991937936,0
326,Wednesday,3,6.1,10,1,0.4506968349889822,1
319,Thursday,5,7.5,6,3,0.5333066447658893,1
164,Saturday,4,7.5,10,1,0.31229517901952425,1
386,Friday,7,5.9,7,3,0.6858706323350892,1
406,Thursday,7,8.1,8,0,0.06470864940443577,0
224,Monday,4,5.5,8,2,0.5092224320658221,0
272,Tuesday,7,6.1,8,1,0.257579015291147,0
146,Wednesday,7,5.4,7,2,0.5017238045690504,1
453,Thursday,7,7.9,7,1,0.12722779998751563,0
438,Monday,8,6.6,7,2,0.1808173980287616,0
356,Thursday,10,5.8,5,3,0.668754689005851,0
30,Sunday,5,7.9,7,0,0.2818188104116695,0
45,Friday,6,8.6,7,2,0.6524666033309434,0
275,Friday,6,4.0,7,5,0.9683755704151545,1
471,Friday,4,7.4,9,1,0.4314260545306715,0
34,Tuesday,4,8.8,9,0,0.11282053292081816,0
141,Monday,8,8.6,5,1,0.5619022676207849,0
427,Saturday,10,7.1,6,2,0.3011882645314512,0
318,Friday,4,6.8,8,2,0.407841270350408,0
374,Thursday,10,6.9,7,4,0.5285154233140907,0
221,Tuesday,5,6.4,8,1,0.155820791504324,0
356,Thursday,9,7.8,6,1,0.35596508708617114,0
22,Monday,7,4.8,8,2,0.3815484463395704,0
180,Monday,7,7.4,8,3,0.753410494871613,1
436,Tuesday,6,6.6,7,2,0.4907339469904692,0
367,Wednesday,7,7.9,8,1,0.22498626504075006,0
420,Monday,5,8.0,8,2,0.2999764867737477,1
329,Monday,8,6.8,5,3,0.4198234688140967,1
231,Friday,9,6.0,6,1,0.49592949128502534,1
499,Thursday,5,7.9,6,1,0.6151077951355541,1
403,Thursday,3,5.2,9,2,0.7367053431865442,1
38,Wednesday,6,5.4,8,3,0.25806571091936564,0
70,Sunday,10,7.3,7,4,0.5675117216955038,1
116,Monday,7,6.1,7,0,0.22611481773976216,0
239,Tuesday,9,6.4,6,0,0.16143610357708893,1
335,Friday,5,6.3,6,0,0.3952479027460199,1
441,Monday,6,6.7,6,2,0.4729681163446655,0
148,Thursday,6,8.5,7,4,0.25387263729437104,0
9,Thursday,4,5.3,10,1,0.20166015709031537,0
288,Sunday,7,6.8,8,1,0.2997334037003906,0
388,Saturday,5,8.4,8,2,0.5893172927113829,1
50,Sunday,8,7.4,7,3,0.31437265021215505,0
338,Monday,7,5.5,6,1,0.5357052966915745,0
5,Saturday,9,7.3,5,0,0.2847782640531908,0
404,Monday,3,4.9,8,3,0.9210364696138891,0
343,Thursday,5,7.9,6,1,0.6983681876526879,0
126,Friday,6,6.8,6,1,0.1061376144035658,0
75,Tuesday,7,9.3,7,2,0.07841530163523638,0
165,Thursday,6,5.4,6,2,0.9264888883025844,1
278,Monday,10,5.9,6,1,0.5722983648393303,1
442,Tuesday,6,6.9,7,0,0.14328733507050626,0
324,Sunday,5,9.0,6,2,0.3840381269377176,0
477,Tuesday,6,6.1,6,1,0.4102135532702053,0
300,Monday,6,5.9,7,1,0.2106128521017624,0
290,Wednesday,8,6.8,6,1,0.5595647361141999,1
77,Saturday,6,6.6,8,0,0.5981292954164408,1
298,Monday,3,7.3,8,2,0.43611961231321866,1
137,Wednesday,7,6.8,6,0,0.4269202985126142,0
106,Saturday,5,8.2,8,1,0.33340532443828763,0
95,Monday,4,7.8,8,0,0.3324431890140507,1
135,Tuesday,7,7.1,7,1,0.18841807947560246,0
68,Friday,6,8.1,8,0,0.22172948240531054,0
147,Thursday,6,6.3,6,2,0.9002906640699341,1
490,Saturday,7,5.7,6,2,0.6621430115099105,1
478,Monday,5,5.4,6,4,0.7706125279238797,1
159,Sunday,7,7.3,6,0,0.4936072188720062,0
384,Sunday,5,7.9,6,2,0.7902338789155029,1
163,Monday,8,7.4,6,1,0.779434432834786,1
441,Monday,6,5.9,8,4,0.5178515547043661,1
341,Sunday,10,8.4,5,2,0.631527726550848,0
189,Thursday,6,3.9,6,4,0.9247216896748841,1
415,Thursday,7,6.0,7,2,0.3343259135604405,1
339,Thursday,9,7.3,6,0,0.04690019667583323,0
95,Friday,8,7.8,6,0,0.24267745720732525,0
181,Saturday,7,8.3,7,0,0.15276338771931142,0
288,Tuesday,7,7.8,8,1,0.04342477085233868,0
322,Tuesday,8,6.9,6,1,0.09833189761601198,0
187,Saturday,7,7.3,7,1,0.24671642027921242,0
372,Saturday,6,5.1,6,2,0.8597377239519695,0
138,Thursday,8,6.4,7,1,0.2932082381515184,0
130,Sunday,6,6.0,6,2,0.9222840972575046,1
194,Friday,5,7.4,8,1,0.20171064573266015,0
316,Tuesday,10,5.1,6,1,0.4684332748279435,1
472,Saturday,8,7.2,6,1,0.6063173537714963,0
273,Wednesday,5,5.3,7,3,0.7435423895390835,1
352,Monday,6,6.7,7,2,0.6829976082086257,1
144,Wednesday,5,6.5,7,2,0.6590771811057411,1
16,Friday,6,4.6,7,3,0.7613466962611867,1
302,Sunday,8,7.8,5,2,0.37587380498807493,0
423,Tuesday,6,6.4,7,1,0.38720947406621575,1
245,Tuesday,10,6.7,5,0,0.3002830931109562,1
415,Thursday,3,6.2,8,2,0.35830074709985915,0
107,Saturday,6,6.5,7,2,0.5707568999818238,1
88,Friday,4,7.6,10,0,0.15841066386024374,0
129,Thursday,7,7.9,7,2,0.1378970152262084,0
395,Thursday,7,7.9,8,1,0.10785218829563657,0
375,Tuesday,8,5.1,6,2,0.4203904238917264,1
341,Wednesday,4,8.4,10,2,0.22315169757405365,0
4,Tuesday,7,7.4,7,0,0.18786901640104503,0
327,Saturday,5,8.9,7,4,0.8192603394818465,1
410,Monday,7,8.2,7,5,0.46546288669695257,0
367,Friday,6,7.1,7,3,0.917364307183748,1
306,Tuesday,4,5.7,9,1,0.3119101195749488,1
396,Wednesday,8,5.8,5,2,0.3732310275814469,0
95,Tuesday,6,5.9,7,2,0.7597325376656016,1
209,Wednesday,8,6.5,6,0,0.36181331106878317,0
225,Tuesday,8,5.5,5,2,0.7022237983001977,1
459,Friday,9,4.6,6,2,0.3428640545604828,0
348,Wednesday,5,4.7,7,4,0.7115378382486702,0
480,Friday,5,6.7,7,0,0.397656832099908,0
321,Wednesday,9,6.4,5,1,0.26009536968068764,1
47,Thursday,7,7.3,7,0,0.1461279879706087,1
476,Thursday,9,6.5,6,0,0.14037120637766742,0
181,Sunday,4,8.8,8,2,0.18646952254487897,0
106,Wednesday,8,6.0,7,2,0.6235220012581707,1
199,Tuesday,7,7.1,6,1,0.19113310371131725,0
386,Sunday,6,8.1,7,0,0.26260568698567954,0
106,Tuesday,6,6.8,6,0,0.28502475177736886,0
280,Saturday,4,8.6,9,2,0.22412293899805366,0
260,Monday,8,7.3,5,1,0.5876923026439673,1
108,Friday,6,7.7,8,0,0.1186091164889567,0
19,Monday,7,5.9,8,1,0.39080432428031353,1
410,Sunday,10,7.1,5,1,0.25290887686189106,0
459,Thursday,5,4.1,8,4,0.9420291892687057,1
296,Wednesday,6,6.6,7,0,0.1391161591263688,0
306,Monday,6,5.1,6,4,0.7117340023399457,0
171,Wednesday,6,9.5,8,2,0.2732635931507229,0
331,Friday,6,7.1,6,1,0.5578200620575663,0
493,Wednesday,8,6.2,6,1,0.6415379002783717,0
195,Tuesday,9,7.6,7,2,0.29250354305869075,0
12,Thursday,7,5.0,8,3,0.7018510700084369,1
195,Wednesday,8,6.1,5,1,0.7319955618383858,0
490,Tuesday,6,6.3,6,1,0.5690713293873081,1
283,Monday,6,7.5,8,1,0.15507483746662157,0
369,Friday,6,5.5,8,3,0.504632327485438,1
182,Sunday,5,6.6,8,0,0.3211235806306358,1
450,Tuesday,9,6.8,6,2,0.33026366086915526,1
305,Friday,5,7.5,8,1,0.04176936452267666,0
144,Monday,8,7.0,6,0,0.22553208578279751,0
386,Wednesday,5,5.6,8,2,0.45124131148605284,1
316,Thursday,7,6.8,6,1,0.1499085382738217,0
182,Tuesday,6,5.9,8,4,0.6791542382533441,1
30,Thursday,5,5.6,7,2,0.4362898015335364,0
84,Saturday,6,7.9,8,0,0.11925541476035428,0
166,Sunday,4,8.1,10,1,0.20015319786770489,0
284,Monday,7,6.7,6,4,0.7404030095970043,1
281,Tuesday,3,7.3,9,0,0.2686627303660036,1
96,Sunday,6,8.3,8,2,0.3521753836015547,0
381,Tuesday,8,3.8,5,4,0.9258757493550543,1
266,Friday,6,7.2,8,0,0.3159920642518341,0
444,Tuesday,5,8.6,7,3,0.41475353140464377,0
298,Wednesday,5,6.4,7,0,0.5615211751599217,0
296,Tuesday,9,8.5,7,1,0.16721018832879045,0
225,Saturday,7,7.8,8,1,0.43683945475729496,0
333,Saturday,8,7.5,5,2,0.3680885654243827,0
361,Tuesday,8,7.0,7,0,0.04342356105578861,0
374,Saturday,6,5.6,6,3,0.9055761549225039,1
42,Wednesday,4,8.7,8,1,0.12235763033463756,0
303,Monday,8,6.1,5,2,0.2555760305511896,0
421,Friday,5,5.3,7,2,0.6415696891245125,1
246,Thursday,5,6.1,8,2,0.566058933482373,1
208,Tuesday,7,6.7,8,2,0.6964851229689313,0
237,Tuesday,6,8.1,8,0,0.05936571773035757,0
22,Sunday,2,7.3,7,1,0.7381704030947116,1
185,Saturday,4,7.0,9,0,0.258087005047821,0
468,Saturday,9,7.0,6,1,0.4747100152914931,0
242,Monday,6,5.1,8,2,0.6582173683266672,0
363,Friday,8,6.1,5,0,0.17255197950778253,0
283,Tuesday,5,6.0,7,1,0.44880500134658985,1
41,Sunday,4,7.7,10,2,0.13435146665597159,0
336,Monday,8,4.6,5,3,0.8840394296250284,0
162,Wednesday,9,6.2,6,1,0.2639453189073702,0
160,Wednesday,5,8.3,7,1,0.1830905458568399,0
474,Saturday,9,7.9,5,0,0.45018126535876685,1
89,Friday,5,7.8,6,1,0.263789359079247,1
322,Wednesday,3,6.2,10,0,0.06336773578243364,0
12,Thursday,8,8.7,7,0,0.1806550804535436,0
424,Saturday,5,8.4,7,1,0.601647556706344,1
73,Monday,4,6.8,9,1,0.3678246521978876,0
76,Saturday,4,8.2,9,1,0.3172581515238532,1
346,Sunday,6,5.9,7,2,0.3404451808412311,0
201,Monday,3,5.2,8,3,0.7354552918699422,1
10,Monday,8,7.7,6,1,0.46782678232835656,0
352,Wednesday,7,8.1,7,0,0.42942130354934493,1
226,Monday,7,5.6,7,1,0.4629619044488508,0
176,Wednesday,9,7.7,6,2,0.3312112078523682,0
276,Friday,8,7.3,7,1,0.3384621200098965,0
39,Thursday,5,5.7,6,2,0.7630752959587345,1
60,Tuesday,8,5.5,5,2,0.7229023848408358,1
66,Friday,9,5.8,7,2,0.12311527090393456,0
321,Friday,8,6.1,5,0,0.2776664449173129,0
435,Sunday,8,6.9,7,1,0.5735476551392061,1
124,Monday,6,4.8,7,2,0.66314078909395,1
164,Friday,5,6.1,6,2,0.7346256261696935,1
408,Sunday,6,7.8,6,0,0.47750441412927547,0
411,Thursday,5,7.5,7,2,0.777839550671439,1
386,Wednesday,9,6.0,5,2,0.572316041152879,1
159,Tuesday,7,8.5,8,2,0.14086066301527872,0
57,Saturday,8,7.4,6,0,0.2634348899531389,0
78,Wednesday,4,9.7,8,2,0.1955850524867848,0
194,Sunday,6,6.5,6,0,0.4104764834230737,0
285,Saturday,4,7.8,10,3,0.41194634833348015,1
15,Wednesday,3,6.6,9,1,0.39249383949291744,1
12,Thursday,7,5.9,8,1,0.5285971088250323,0
101,Monday,4,7.7,7,2,0.6955654026480709,1
156,Tuesday,6,7.6,7,5,0.6638209066985197,1
340,Friday,5,6.4,8,4,0.7183573144227146,1
125,Friday,6,7.1,8,1,0.2863887987890222,1
359,Wednesday,8,7.0,5,1,0.6958458439258963,1
280,Saturday,5,7.1,8,0,0.16760494031483786,1
405,Tuesday,6,5.8,6,3,0.8296630026377746,0
394,Wednesday,8,6.7,6,2,0.27051991058799246,1
110,Wednesday,8,6.5,7,4,0.565508268979568,0
334,Wednesday,6,5.4,8,1,0.3459857658681325,0
357,Sunday,7,8.2,7,3,0.5655671955242005,1
146,Friday,8,6.8,7,1,0.44877487399254956,0
216,Thursday,4,6.5,9,0,0.4509279632382591,0
398,Thursday,5,4.9,6,3,0.9086516798131903,1
162,Monday,6,7.1,7,1,0.4422471056941556,1
128,Wednesday,7,4.9,7,3,0.4125768893184649,1
314,Friday,7,6.9,7,1,0.5086896914720037,0
332,Sunday,7,8.4,6,1,0.4520148127735392,0
150,Saturday,4,9.4,10,2,0.12830616099181846,1
454,Tuesday,8,6.8,5,0,0.45011113903963745,0
36,Wednesday,6,8.8,7,0,0.1939222991046626,0
173,Monday,6,7.6,8,1,0.2274818172099924,0
420,Monday,7,7.3,8,0,0.15253107255819498,0
22,Wednesday,10,8.0,5,1,0.11863432609626752,0
206,Thursday,5,8.3,8,0,0.1079419014813867,0
127,Tuesday,5,7.7,6,0,0.46773806881631497,1
336,Friday,6,6.5,6,2,0.5324338306615285,0
445,Friday,9,6.1,5,1,0.20146521846108933,0
356,Tuesday,7,5.2,7,2,0.5323111915747043,1
440,Friday,7,6.9,8,1,0.2828892319088581,0
217,Tuesday,8,8.1,5,1,0.2744043818861063,0
96,Thursday,9,5.5,7,3,0.30534803624341117,0
417,Saturday,5,6.1,6,2,0.7847392771366091,0
429,Thursday,8,8.9,6,1,0.06095365833147276,0
164,Sunday,9,7.1,6,1,0.6653279388321544,0
148,Monday,7,4.6,8,2,0.371952665476712,0
18,Thursday,5,5.0,7,3,0.7231016657542383,1
294,Thursday,4,7.2,8,1,0.6274184790473939,1
195,Friday,7,6.1,7,1,0.5025989563322253,0
151,Saturday,4,8.0,8,3,0.8638337868781014,1
480,Friday,5,6.4,6,0,0.21305879624629095,0
365,Friday,6,7.0,6,2,0.28871915094823364,1
123,Tuesday,7,8.8,7,0,0.15120618447362347,1
400,Wednesday,8,6.5,6,0,0.17250879042179443,0
187,Thursday,5,8.1,7,1,0.22541264628129,0
453,Thursday,4,6.8,8,2,0.7069112477984651,1
452,Sunday,8,6.0,5,2,0.4962653129668762,0
149,Tuesday,8,9.1,5,1,0.17207851474223462,0
104,Wednesday,7,9.2,7,4,0.39037746855777405,1
243,Thursday,7,6.5,6,0,0.37449995473227027,1
462,Saturday,6,7.6,6,3,0.5385763378581856,1
231,Sunday,6,8.9,6,1,0.6706452350149104,1
479,Wednesday,7,6.5,8,2,0.36829621159971354,0
206,Monday,5,7.9,7,0,0.24902582338861243,0
198,Wednesday,7,5.7,7,1,0.3097379950919248,0
396,Wednesday,7,8.9,6,1,0.3068226388239363,1
400,Sunday,6,7.8,8,0,0.19165130615471782,0
337,Wednesday,8,7.6,5,0,0.5601388117581597,1
493,Tuesday,6,8.3,6,0,0.15938556728191,0
87,Wednesday,8,7.7,7,3,0.2515560010886859,0
142,Wednesday,4,6.6,8,1,0.42205654807687926,0
317,Saturday,8,9.5,6,3,0.6398449759386184,1
199,Monday,8,7.7,7,0,0.23355781188930316,1
46,Tuesday,10,6.5,7,1,0.23628855411551958,0
288,Sunday,10,5.6,6,3,0.6631796967247909,1
15,Monday,8,6.7,5,2,0.3098279920941165,1
44,Friday,5,6.1,7,0,0.345623262043592,1
401,Wednesday,5,6.7,7,2,0.6039577393760495,0
169,Thursday,5,5.9,6,1,0.3600762286495202,1
310,Monday,8,7.2,6,2,0.054266699850025926,0
495,Tuesday,9,6.2,6,0,0.1531285926851083,0
44,Thursday,4,8.4,8,0,0.170877693666742,0
98,Tuesday,5,7.4,6,0,0.42935897464893386,0
261,Thursday,7,6.1,8,0,0.10499206252335984,0
109,Tuesday,4,6.7,10,1,0.4548366485940991,0
283,Friday,6,7.3,6,2,0.3145790834088653,1
372,Sunday,9,5.6,5,4,0.8375340519954851,1
343,Monday,8,7.3,7,1,0.6958497540930725,0
104,Tuesday,8,4.6,5,3,0.6804438161852338,0
256,Saturday,5,9.2,7,1,0.28956989418439993,0
379,Thursday,3,6.3,8,0,0.6614065588135803,1
206,Monday,6,8.0,6,1,0.2002064118110568,1
335,Thursday,2,5.3,9,1,0.6221744552789249,0
43,Tuesday,7,7.4,8,1,0.2233821221375546,0
353,Tuesday,8,5.3,6,1,0.39311314913043666,1
245,Sunday,5,7.0,8,1,0.5664090637202439,1
287,Friday,8,7.9,5,1,0.34346352280203024,0
355,Friday,8,7.4,7,1,0.14384058361190813,0
273,Tuesday,4,7.4,8,2,0.43828894043998706,0
476,Monday,6,6.3,7,0,0.17693094659522476,0
83,Saturday,6,6.1,6,4,0.9201198243285799,1
110,Monday,8,7.6,7,2,0.22032474979145175,0
438,Wednesday,8,5.6,6,2,0.437677271275744,1
190,Tuesday,8,6.0,6,2,0.67904322393172,0
471,Thursday,5,8.4,7,3,0.4421311135989964,1
288,Tuesday,9,7.4,7,2,0.07531595418505464,0
424,Tuesday,7,5.1,8,2,0.4993423131740983,1
397,Saturday,7,7.4,7,1,0.47594873602086885,0
251,Thursday,10,6.5,6,0,0.3423284911244501,0
212,Monday,8,6.3,5,6,0.8937279395554991,0
291,Friday,6,6.3,6,1,0.7485911374671083,1
133,Tuesday,6,8.3,6,1,0.2611680797230759,0
201,Wednesday,3,9.1,8,0,0.08218806458986927,0
285,Friday,3,6.6,8,2,0.40030141883190185,0
326,Tuesday,8,6.9,6,0,0.2331337906514615,0
409,Wednesday,3,5.1,10,1,0.5192710392079595,0
95,Friday,9,8.7,7,0,0.05188824194086436,0
278,Sunday,8,6.6,6,0,0.47842030503753613,0
450,Thursday,5,6.2,6,1,0.45628779928441526,0
429,Monday,7,7.6,6,1,0.19076037399319812,0
325,Wednesday,8,7.0,7,2,0.4934849454184331,0
219,Wednesday,7,7.4,7,2,0.18770278099052626,0
89,Wednesday,9,7.5,6,3,0.36540663795336964,0
72,Wednesday,4,6.7,7,1,0.4442099958512497,1
247,Thursday,8,7.8,5,2,0.40303608190569906,0
129,Monday,5,4.7,6,4,0.9436226720848594,1
212,Tuesday,3,8.7,8,2,0.2594039839699529,0
428,Thursday,4,6.5,9,1,0.37509837463294005,1
343,Tuesday,5,7.7,7,1,0.757601564576089,0
96,Sunday,7,8.0,7,0,0.1634235652157406,1
75,Wednesday,5,4.3,6,5,0.8858327867390509,1
423,Saturday,5,7.7,6,1,0.6978969365128652,0
495,Saturday,6,4.9,7,2,0.3203355046946624,0
54,Saturday,5,8.0,6,3,0.5342798978531861,0
344,Monday,5,7.0,7,1,0.667197888491136,1
459,Sunday,8,5.9,7,2,0.42103479659054743,0
413,Monday,10,6.9,6,1,0.23426594382750696,0
54,Monday,7,6.1,6,1,0.47428151598056967,1
218,Wednesday,7,6.5,8,0,0.12348428122225494,0
16,Tuesday,6,3.6,7,4,0.8650907226923936,0
99,Tuesday,6,5.2,8,3,0.7364876721608027,1
20,Tuesday,8,5.8,6,3,0.9123006412101493,1
46,Tuesday,8,5.3,5,2,0.7939815449291897,1
451,Friday,4,6.1,8,1,0.1642272954750543,0
193,Tuesday,9,5.9,7,6,0.8614113722680491,1
383,Thursday,10,7.1,5,0,0.18838178650978887,0
58,Sunday,4,4.1,8,3,0.79007517176788,1
437,Wednesday,8,9.1,6,0,0.14171745501458188,0
111,Friday,10,6.0,6,1,0.5294592878017531,0
129,Sunday,8,7.0,7,4,0.7096399127667062,1
337,Monday,6,7.4,8,0,0.3294540088200558,0
194,Wednesday,8,8.8,6,1,0.07074490924087654,0
413,Saturday,5,6.7,7,3,0.7555583714470762,1
340,Sunday,6,8.2,7,2,0.502440837042915,0
326,Thursday,5,5.9,7,3,0.5355766757459782,1
8,Monday,4,7.8,8,1,0.13835846349240274,0
29,Sunday,7,8.2,7,4,0.17760829291071656,0
112,Tuesday,7,5.4,6,1,0.37660830694175257,1
435,Wednesday,8,7.4,6,2,0.6002817137589637,1
161,Wednesday,1,5.0,10,2,0.7121916222159316,1
131,Wednesday,7,5.8,8,3,0.6886372213341219,1
188,Friday,7,5.1,7,4,0.8489370154624197,1
163,Saturday,4,7.4,8,3,0.8520573202641802,1
197,Friday,6,7.9,8,0,0.19013385752807893,0
475,Monday,8,5.2,6,1,0.3912605036818373,1
364,Thursday,7,7.2,7,2,0.37039479725067886,0
204,Friday,6,6.4,8,1,0.2523514419077052,0
212,Wednesday,8,5.5,6,2,0.5101154127201589,1
109,Sunday,10,6.9,7,1,0.5130840018459085,1
276,Saturday,6,8.1,6,0,0.4979535304755621,0
73,Thursday,7,7.8,8,2,0.5500717690011232,1
167,Monday,5,7.1,7,2,0.5588291985109016,0
260,Friday,10,6.7,6,1,0.2881480699646936,0
243,Sunday,5,7.4,7,2,0.58497081739948,0
275,Wednesday,3,5.8,8,1,0.8739318824862615,1
102,Saturday,8,7.5,6,1,0.32404744673883396,0
475,Tuesday,3,4.9,9,3,0.6683506091175172,1
173,Thursday,9,6.6,6,1,0.6446545296518112,1
171,Friday,8,8.7,7,2,0.4121111844413559,0
141,Friday,4,6.2,8,0,0.45782099602095966,0
397,Saturday,8,8.7,5,2,0.5025639564375644,1
188,Tuesday,6,7.5,8,1,0.16954233122778672,0
441,Tuesday,7,8.4,7,0,0.16732294465315953,0
86,Friday,4,3.5,7,4,0.9556725585860542,0
476,Tuesday,4,6.9,8,2,0.3587416373229526,1
52,Wednesday,7,7.4,7,2,0.7243835457515746,0
111,Monday,10,7.7,6,0,0.3449088407139717,1
437,Monday,5,8.1,6,0,0.3944734182450591,0
365,Friday,5,7.5,8,1,0.1533071161296611,0
342,Friday,6,7.0,8,3,0.5676122909866146,0
43,Monday,4,5.5,9,3,0.43571974413644565,1
211,Tuesday,8,4.4,7,4,0.7978403731892736,1
456,Monday,8,8.3,5,1,0.291708554701373,0
500,Wednesday,7,6.0,7,2,0.779369978628618,1
200,Monday,6,6.3,8,2,0.3749311469123062,1
298,Wednesday,4,7.8,7,0,0.19910083427430114,0
346,Friday,10,6.7,7,2,0.09232274213610939,0
240,Friday,5,5.3,8,1,0.6762050544441991,1
115,Tuesday,5,4.7,7,3,0.9194938069219791,1
26,Friday,3,6.3,8,1,0.21798497794570307,0
407,Sunday,4,7.5,8,3,0.6193306075263907,0
299,Wednesday,7,7.7,7,2,0.21359660414343407,0
77,Wednesday,6,6.6,7,1,0.7555803540597276,1
412,Thursday,5,6.7,8,2,0.33441345870653855,1
137,Tuesday,5,5.1,7,2,0.6367253463527994,1
20,Friday,5,7.9,7,2,0.6302794472060612,1
440,Saturday,5,10.0,8,1,0.11052458466448357,0
211,Wednesday,9,8.3,6,1,0.10668939356604575,0
240,Friday,6,8.2,8,0,0.38479521665511807,1
39,Friday,7,7.1,8,0,0.18674242868874227,0
435,Monday,7,5.4,7,1,0.7256620563409588,1
268,Tuesday,7,5.7,7,3,0.7048391649445223,0
207,Saturday,6,8.2,7,1,0.6557577452033855,0
479,Sunday,6,8.5,8,3,0.4259454308583499,1
439,Friday,8,5.6,7,1,0.1859138709094388,0
462,Sunday,7,7.9,7,1,0.2938383139575107,0
267,Tuesday,5,6.8,7,3,0.6228367223225498,1
154,Tuesday,1,7.3,9,0,0.48142201350110836,0
42,Wednesday,5,7.1,7,0,0.18902077829423386,0
411,Monday,4,7.2,7,3,0.7647911338538936,1
11,Saturday,5,5.1,7,1,0.7141032494796566,1
294,Sunday,4,9.6,7,3,0.8460302684620274,0
98,Saturday,9,9.1,6,3,0.4025592361336784,1
427,Thursday,9,6.7,6,0,0.15073001064249036,0
275,Tuesday,8,5.3,6,1,0.6357786125738742,0
448,Tuesday,6,7.4,7,0,0.2383309685265618,0
390,Wednesday,5,4.9,6,3,0.8400760964043842,1
430,Friday,4,8.7,8,1,0.11408288691127051,0
372,Wednesday,8,6.5,5,0,0.6787428339731123,0
230,Sunday,8,6.7,5,2,0.5352386604736692,1
369,Saturday,7,8.1,7,2,0.17512062070944556,0
426,Monday,4,6.1,10,1,0.28958179637522735,0
220,Monday,6,6.4,8,1,0.13430946211955813,0
65,Friday,6,5.7,8,1,0.4168835267772522,1
355,Tuesday,3,7.5,8,0,0.1315993000084473,0
232,Friday,9,7.1,7,2,0.13042270427907285,1
328,Thursday,4,8.0,7,0,0.3242095430153856,0
443,Tuesday,5,4.7,6,3,0.885725930749008,1
52,Wednesday,3,5.2,10,3,0.777931316140179,1
374,Wednesday,6,6.1,7,2,0.53168877488105,1
431,Saturday,6,8.7,7,2,0.4144302371795506,0
376,Monday,8,5.0,6,2,0.8288235174627939,1
263,Saturday,5,6.4,6,1,0.726090050787478,1
267,Friday,4,8.4,8,0,0.23512945281692213,0
359,Friday,7,7.3,8,3,0.5070185127374162,0
317,Monday,2,8.0,8,2,0.5871217568105652,1
324,Thursday,9,6.6,6,0,0.23228277927259733,0
409,Thursday,4,8.8,8,1,0.1012475336482953,0
396,Thursday,10,5.0,5,6,0.9073836966364831,1
154,Friday,5,6.4,8,4,0.8046293778960629,0
358,Thursday,4,6.3,8,2,0.3994216688585363,1
366,Saturday,8,7.1,6,0,0.46204684995630935,1
140,Tuesday,8,5.2,5,2,0.6480631639808108,1
427,Saturday,8,8.1,6,1,0.2226018982719676,0
51,Tuesday,7,5.2,6,1,0.611407911959985,1
117,Saturday,10,5.8,6,3,0.7449327798611465,0
421,Sunday,4,4.3,8,4,0.9477641797553691,1
46,Wednesday,9,5.8,6,3,0.7355196789572398,1
309,Thursday,3,6.9,10,2,0.5262685390240177,1
88,Friday,10,7.0,6,1,0.45302630138992744,1
208,Monday,7,6.4,7,0,0.5669870513838436,0
377,Thursday,10,5.9,5,4,0.5184235578280252,0
269,Wednesday,8,6.2,7,1,0.09304702215089955,0
89,Saturday,2,6.6,7,1,0.6904603149073721,1
381,Saturday,6,9.9,6,3,0.5696927130226069,0
118,Friday,4,5.2,8,1,0.6329596478495865,1
54,Friday,9,5.8,7,2,0.385868075239509,0
441,Friday,8,6.7,5,2,0.6016322843798314,1
116,Wednesday,7,5.4,7,1,0.47605449130438027,1
118,Wednesday,6,6.8,8,2,0.5339430836215011,1
260,Thursday,7,4.7,8,4,0.5686129738538122,0
75,Sunday,5,7.5,7,0,0.2257186366085895,0
480,Friday,7,6.2,7,2,0.20502068972069712,0
305,Thursday,6,5.8,8,1,0.08868014332902363,0
7,Friday,5,6.3,6,0,0.09221062457631084,0
366,Wednesday,8,6.1,7,3,0.5386532197267897,0
122,Friday,10,6.2,5,1,0.48235743477501297,1
11,Wednesday,4,7.6,10,2,0.1803928825142137,0
348,Tuesday,8,8.9,5,3,0.1680580243413537,0
438,Thursday,5,3.5,7,5,0.9029858111413828,0
489,Friday,8,6.4,5,3,0.8318235488641496,1
215,Wednesday,5,5.2,6,2,0.7019797644019543,0
429,Thursday,6,6.3,7,1,0.3292180506047375,1
279,Friday,6,7.2,8,0,0.10661032122652878,0
498,Friday,9,9.6,7,0,0.07962765118341282,0
28,Saturday,6,7.0,6,2,0.7243415425923105,1
235,Wednesday,6,6.9,6,2,0.6137452920419371,1
367,Sunday,6,6.3,8,1,0.7385152100460083,1
313,Thursday,10,5.5,7,3,0.6627336959778648,1
26,Friday,8,5.5,6,1,0.44599258367779887,1
409,Friday,5,5.8,7,1,0.5547361479862446,1
54,Tuesday,9,6.1,5,2,0.41961231196940496,0
29,Monday,7,8.4,7,0,0.028577438389898686,0
467,Friday,5,6.3,7,0,0.3568157739588554,0
353,Thursday,7,7.4,7,2,0.26181747882995104,0
164,Friday,6,7.1,7,1,0.3247724453004929,0
270,Wednesday,1,7.8,7,1,0.2909396601966988,0
334,Tuesday,7,4.4,8,3,0.5076280780052355,1
35,Tuesday,4,7.1,10,2,0.3654184119682405,0
286,Friday,4,7.0,9,1,0.4660132617342064,1
348,Tuesday,3,6.6,8,1,0.18471768114333503,0
273,Friday,7,8.0,6,1,0.17311240159070082,0
451,Wednesday,6,6.6,8,2,0.11477905307402037,0
208,Friday,8,7.8,6,2,0.5856579670629484,1
238,Monday,5,6.9,8,3,0.6582082534626869,0
414,Tuesday,6,7.0,6,0,0.5238675808424884,1
500,Friday,10,7.1,6,0,0.3046848907326624,1
93,Thursday,3,6.5,8,3,0.4590706259668535,1
173,Tuesday,9,8.6,5,1,0.5170117280771176,0
79,Sunday,5,8.7,7,4,0.6250391559747928,1
110,Tuesday,10,6.6,6,1,0.19442610246636724,0
217,Wednesday,8,6.9,6,1,0.21353193941448517,1
435,Tuesday,5,7.3,6,3,0.7520557985282343,0
358,Wednesday,4,7.7,10,0,0.17382221933528924,0
106,Thursday,7,8.6,7,1,0.09396397280492318,0
47,Tuesday,3,7.8,10,2,0.15309925576739233,0
181,Friday,8,6.5,7,0,0.10002773752851009,0
64,Wednesday,4,5.7,8,1,0.6632155046580362,1
246,Friday,5,7.9,7,0,0.4285612277835812,1
244,Tuesday,1,7.0,7,1,0.6281480728819272,1
422,Wednesday,7,5.5,7,1,0.5586885346211353,1
320,Monday,7,7.7,8,1,0.17910082156659302,0
87,Friday,7,8.5,7,1,0.12647542069468745,0
217,Thursday,3,6.7,8,3,0.8550575721775658,1
490,Saturday,9,9.3,5,1,0.27443236122451364,0
7,Wednesday,6,7.6,6,1,0.14976532235898266,0
278,Friday,5,5.3,7,2,0.7219870386327496,1
337,Friday,8,7.2,7,1,0.658003303894898,0
210,Monday,6,4.6,7,3,0.8099049136927273,0
497,Tuesday,7,7.1,8,0,0.15264312197159424,0
169,Thursday,5,5.5,7,3,0.6622099675624625,1
330,Thursday,8,6.9,6,0,0.23355328582023546,0
138,Monday,8,7.5,6,0,0.1833795085541556,0
441,Friday,6,6.0,8,1,0.4064252047910558,1
391,Thursday,7,8.7,6,1,0.13014128424747756,0
496,Thursday,6,5.6,7,3,0.6561957811067832,1
381,Tuesday,6,4.1,8,3,0.6250542347465353,1
306,Thursday,4,6.7,9,1,0.18906532562979345,0
230,Monday,4,8.3,8,0,0.11460095078617172,0
475,Monday,6,6.7,7,2,0.5052008422042252,1
308,Friday,7,6.0,7,1,0.29206217489177805,0
161,Wednesday,5,4.7,8,6,0.9191905519711459,1
1,Wednesday,7,6.0,7,1,0.4171554046532953,0
236,Tuesday,2,5.3,8,1,0.802858220939986,1
437,Wednesday,7,7.0,7,2,0.29620761740044954,0
188,Monday,7,7.1,7,2,0.3320451960196279,0
418,Tuesday,8,5.6,7,2,0.582327976335048,1
4,Thursday,9,6.3,6,4,0.6257243078468647,0
401,Wednesday,8,8.4,5,0,0.29542770993453504,0
132,Sunday,10,6.9,7,0,0.2154029005084058,1
427,Wednesday,6,6.2,6,0,0.330355837079156,0
218,Wednesday,7,6.9,6,1,0.13577245339890653,0
260,Thursday,8,5.0,5,3,0.7674822743434181,1
1,Tuesday,6,7.8,8,0,0.35415396958366147,0
71,Saturday,6,6.9,8,2,0.783534139024652,0
478,Thursday,9,5.3,5,1,0.6002413254373863,1
178,Tuesday,8,7.3,6,1,0.24186569964558743,0
457,Friday,8,6.1,6,4,0.7328994735539963,0
189,Monday,5,5.6,7,2,0.5887976098670971,0
291,Sunday,8,7.5,5,1,0.7334951448286,1
8,Saturday,7,8.7,6,1,0.18901068221337336,0
253,Thursday,5,6.2,7,2,0.6101825252839826,1
408,Monday,8,5.5,7,3,0.6561902998427339,0
467,Tuesday,4,4.0,7,3,0.8636006993503955,1
292,Tuesday,2,5.0,8,3,0.38660181434657437,1
434,Tuesday,3,6.1,8,0,0.5361766443350846,1
244,Thursday,6,5.1,7,3,0.7202917041090228,1
123,Sunday,10,6.6,5,0,0.13307661790521366,0
299,Wednesday,7,9.0,8,2,0.17444477505906927,0
283,Friday,6,8.2,7,0,0.09852396690034408,0
32,Friday,9,5.7,6,2,0.4970512686549829,0
334,Saturday,8,7.6,6,2,0.3675797849862977,0
377,Monday,9,5.4,5,3,0.6491692353415329,1
146,Wednesday,8,8.6,6,2,0.16682743298718036,0
156,Friday,6,6.8,8,0,0.16895129953918891,0
413,Saturday,6,8.7,6,2,0.41107024577157786,0
16,Sunday,5,6.5,6,0,0.28834424157795985,1
355,Friday,8,8.6,5,1,0.25181302218133356,1
47,Tuesday,4,6.2,9,2,0.44066940176717734,1
251,Thursday,5,4.6,6,3,0.7334511637108388,1
187,Monday,6,6.5,7,2,0.47433364918732257,0
31,Friday,7,5.9,7,3,0.3647165678620217,0
260,Thursday,8,7.9,6,0,0.1229432727505161,0
421,Friday,6,6.0,6,2,0.7799046630818659,1
17,Sunday,6,8.0,7,2,0.3277153921888534,1
39,Friday,8,5.9,5,3,0.9130973809406651,1
304,Wednesday,8,5.7,5,3,0.827377299596294,1
430,Tuesday,3,6.7,9,0,0.13123430374050624,0
474,Saturday,9,8.0,6,1,0.4471677620272584,0
432,Tuesday,6,4.8,8,3,0.6866435251335371,1
39,Tuesday,10,7.8,7,3,0.2562611580952909,0
489,Tuesday,5,7.8,7,1,0.1763998420904646,0
132,Thursday,5,6.3,8,1,0.3151846070607616,0
30,Monday,8,6.5,6,1,0.20336923809918514,0
158,Sunday,10,4.2,6,3,0.8613286696967541,0
278,Sunday,3,9.6,7,0,0.31331010617277943,0
203,Sunday,8,7.0,6,1,0.3244978091946863,0
66,Monday,8,8.0,7,1,0.2110826596589002,0
108,Sunday,6,6.7,7,4,0.9099477124579947,1
268,Sunday,10,7.4,6,1,0.6467098013277284,1
222,Sunday,3,8.0,9,1,0.26699521539628096,0
292,Friday,9,6.1,6,0,0.0690389653761688,0
18,Friday,8,4.8,6,2,0.3919633349989896,0
90,Monday,9,6.5,6,1,0.08102399609965598,0
181,Saturday,9,5.7,6,3,0.43634042490077607,0
255,Monday,7,5.7,8,2,0.2516267698449267,0
455,Tuesday,6,5.9,7,3,0.4693332748484668,0
253,Sunday,5,7.5,7,2,0.492410794195174,1
257,Wednesday,8,5.9,6,2,0.6486071297208015,1
383,Monday,6,5.2,7,1,0.6349878876827308,1
442,Sunday,6,7.6,8,0,0.3719723019927408,0
346,Sunday,5,8.2,7,3,0.5227246450271248,0
87,Tuesday,6,5.0,7,3,0.8688058677067276,1
90,Saturday,8,7.4,6,1,0.315103653771522,0
237,Wednesday,7,7.6,7,2,0.19584807394573203,1
390,Wednesday,9,6.8,7,1,0.12107703425277185,0
70,Tuesday,4,5.2,8,2,0.7125593034231826,1
44,Monday,8,7.0,6,0,0.42844016237518395,0
200,Tuesday,4,6.7,10,1,0.3388271890837782,0
152,Monday,9,6.9,5,1,0.4387515717211051,0
86,Sunday,9,7.4,5,2,0.6112345046770944,1
19,Friday,4,4.3,8,4,0.8416718392005791,1
101,Saturday,5,7.2,8,2,0.717787218324189,1
402,Friday,5,7.8,6,2,0.21915475991147554,1
95,Monday,9,8.4,5,0,0.42982469534351075,1
254,Sunday,5,8.6,7,3,0.3534779098193085,1
357,Saturday,8,7.4,7,0,0.1648872077292522,0
30,Wednesday,5,7.5,8,1,0.05363301207359633,0
249,Monday,9,7.4,5,0,0.1116651541118184,0
426,Friday,9,6.4,7,1,0.4733024125822736,0
33,Friday,10,8.1,5,0,0.15040094984942262,0
458,Saturday,6,6.6,7,0,0.6801987466075188,0
229,Monday,7,6.6,7,0,0.4266604504630603,1
12,Monday,6,7.8,7,0,0.5236394653622877,1
118,Thursday,7,5.6,7,2,0.7747419596142443,1
350,Thursday,6,5.1,8,5,0.6612268318789803,1
155,Monday,9,5.5,6,4,0.9149248592666787,1
423,Wednesday,5,7.2,8,0,0.5315132260527998,0
393,Thursday,6,9.4,6,0,0.17442090085989953,0
246,Friday,7,8.1,8,0,0.18430467448924673,0
405,Tuesday,7,7.6,6,2,0.38853184992441087,0
332,Thursday,4,8.6,8,1,0.26631272466120964,0
247,Saturday,6,7.7,7,0,0.3078900476796746,0
29,Sunday,7,6.7,7,0,0.07328042987466754,0
161,Tuesday,8,6.6,7,0,0.17808152444076958,0
235,Tuesday,6,6.4,7,3,0.7258385352063208,1
190,Sunday,6,6.2,7,1,0.6560474701942473,0
117,Wednesday,7,6.4,7,0,0.13010287879518306,0
271,Friday,9,4.8,7,4,0.6430127343397547,1
258,Thursday,2,6.3,9,0,0.07919662117667348,0
180,Tuesday,7,6.6,7,2,0.6087663326459292,1
487,Friday,9,6.5,7,3,0.3439020020436709,0
373,Friday,5,8.7,8,0,0.049540072289024815,0
172,Thursday,5,6.9,8,1,0.39877124129038793,1
438,Monday,9,8.8,6,1,0.03561908143690165,0
274,Sunday,6,5.8,6,2,0.5376335632718666,1
259,Wednesday,6,7.8,8,0,0.1589305384414147,0
135,Thursday,7,7.0,8,1,0.14551607791716553,0
171,Saturday,1,7.3,10,0,0.5390301970887357,1
210,Wednesday,3,5.1,9,4,0.7851229459693388,1
236,Friday,8,7.1,6,0,0.3113919035425333,0
422,Sunday,6,10.0,8,0,0.17803677423761927,1
421,Wednesday,6,7.2,8,0,0.13416511895216185,0
186,Wednesday,5,6.6,6,1,0.468151206071586,1
417,Sunday,6,7.6,7,1,0.29573064351338346,0
364,Monday,9,7.4,6,0,0.2610607975686684,0
443,Monday,7,8.6,8,3,0.5130853322615611,1
95,Sunday,9,7.0,5,1,0.614825508708828,1
378,Saturday,6,7.6,8,1,0.6452578293046364,0
11,Sunday,7,7.4,6,0,0.38142244521688473,1
68,Monday,7,6.2,6,1,0.46844284253170926,1
379,Monday,8,6.9,6,1,0.5371380819680549,0
210,Monday,5,8.5,8,0,0.1128488293008104,0
196,Friday,6,5.9,7,3,0.6732815128703312,1
369,Thursday,5,7.1,6,3,0.6910251961755189,1
98,Wednesday,10,7.2,5,0,0.4957068572070702,1
93,Monday,3,6.7,7,2,0.3489004366186419,0
472,Thursday,8,7.2,5,1,0.6034665836460698,1
22,Thursday,5,7.2,7,3,0.4244019163541392,1
450,Monday,4,5.6,8,2,0.5932681477346428,1
172,Sunday,6,7.3,7,0,0.33458028919743377,1
383,Tuesday,9,6.7,5,1,0.5041480876018177,1
134,Friday,5,5.4,8,3,0.6734539639730865,0
426,Saturday,3,7.5,8,1,0.25245705538112934,0
25,Thursday,5,6.7,7,2,0.4555702687285971,0
185,Tuesday,7,9.1,8,2,0.0697819520440563,0
85,Tuesday,3,5.7,8,2,0.863513447539536,1
55,Saturday,8,8.6,5,0,0.7002756801242512,1
251,Tuesday,3,7.3,8,1,0.33314288389085867,0
144,Friday,6,7.9,8,2,0.3300015553910597,1
351,Sunday,8,6.4,5,0,0.25692082082268075,0
398,Sunday,5,5.1,7,1,0.7704739393029432,1
167,Thursday,4,6.6,9,2,0.39495390829203114,0
412,Saturday,6,8.3,7,3,0.30230759232157395,1
224,Sunday,6,7.0,7,0,0.5824538393570927,1
220,Wednesday,9,6.5,5,2,0.6084109575801148,1
179,Tuesday,8,9.1,7,1,0.3957175106303439,1
119,Monday,8,5.8,6,2,0.17906735082945027,1
433,Monday,7,7.8,7,2,0.1466720815114913,0
265,Saturday,6,6.2,8,2,0.8007809027483307,1
442,Thursday,6,8.1,7,0,0.10979718092891862,0
429,Saturday,3,7.3,9,1,0.3279220663026597,0
150,Friday,7,7.3,7,0,0.08741277922704022,1
416,Friday,5,5.9,8,1,0.4316843277727885,1
453,Thursday,6,6.8,7,1,0.5437528595717752,1
215,Monday,7,6.9,8,1,0.36225433717964406,0
197,Saturday,6,5.7,7,1,0.7750914132185907,1
42,Wednesday,8,6.1,6,1,0.30408920211187396,0
53,Thursday,4,7.0,8,0,0.017024855729169692,0
480,Monday,6,5.8,7,2,0.34740695345786055,1
443,Sunday,6,7.6,6,3,0.7453000800315486,1
330,Sunday,9,7.2,6,0,0.33466876085953967,1
251,Thursday,7,7.4,6,0,0.1603045776575129,0
295,Thursday,6,6.5,7,2,0.6682249433267993,1
378,Friday,8,9.6,5,3,0.5477912929601714,0
271,Tuesday,5,4.3,8,2,0.6874031562673808,1
455,Tuesday,8,5.7,6,4,0.6251733673506903,1
413,Friday,7,7.5,8,2,0.2900398675198783,0
123,Monday,9,6.9,6,2,0.2169775827039772,0
367,Wednesday,6,7.2,8,2,0.4108179532002368,1
387,Thursday,6,3.5,7,6,0.9135467325343152,1
339,Wednesday,7,6.5,7,1,0.10736348011815858,0
266,Tuesday,6,6.7,7,1,0.5369172957902584,0
348,Wednesday,8,7.4,5,0,0.16079769531503593,1
29,Wednesday,6,7.1,7,0,0.030548370156431706,0
463,Thursday,4,6.7,8,0,0.5063963081485087,0
35,Friday,9,6.6,6,0,0.2448238555563135,0
6,Sunday,10,5.9,5,3,0.8136996417588822,1
396,Monday,3,7.1,7,0,0.308894529265362,0
111,Saturday,7,7.3,6,5,0.9311688489693858,1
294,Tuesday,8,6.2,7,1,0.6323594241891939,1
77,Thursday,7,6.7,7,2,0.5736246236440875,0
349,Thursday,10,6.3,7,1,0.1155112829382094,0
147,Thursday,4,5.0,10,3,0.6717520820521724,0
67,Friday,5,7.5,7,1,0.4704014760042169,1
392,Wednesday,7,8.9,7,2,0.25670562522835744,1
8,Tuesday,8,7.0,7,1,0.20733491098599843,1
122,Saturday,9,7.8,6,0,0.5801141673876952,0
340,Tuesday,4,8.5,10,1,0.15341112470108223,0
175,Tuesday,3,9.0,9,1,0.08925712540913203,0
388,Monday,8,6.5,6,2,0.4901090387747814,0
179,Tuesday,7,5.8,7,3,0.8975185928100248,1
85,Thursday,7,7.2,6,2,0.4749963166673202,0
451,Thursday,8,6.9,6,2,0.28121526000474656,1
45,Tuesday,5,7.9,7,2,0.5568348835061856,0
136,Monday,6,6.7,6,0,0.2238539792086069,1
343,Friday,8,6.8,5,0,0.7697610724105497,0
16,Friday,5,5.5,7,1,0.5156530889825274,1
333,Sunday,5,8.6,7,0,0.16641079421229027,0
195,Sunday,7,6.6,8,0,0.40406995692088454,0
496,Sunday,8,6.0,7,1,0.3322637266312526,0
9,Friday,4,3.5,10,5,0.6783188039735256,1
316,Thursday,8,6.6,6,0,0.3030125758003801,0
334,Monday,7,5.8,7,2,0.52943262945061,0
333,Thursday,5,6.4,8,1,0.2786075596585682,0
327,Monday,10,6.1,5,0,0.23896566807713812,1
15,Saturday,5,7.0,6,0,0.2930206413886213,0
327,Thursday,8,5.7,5,2,0.7433295300532504,1
102,Friday,7,5.8,8,2,0.3546850001394988,0
226,Monday,6,5.6,7,4,0.7408543670272449,0
425,Thursday,7,6.5,7,2,0.22037757745423103,0
278,Tuesday,8,5.3,7,2,0.6330528634853608,1
408,Tuesday,10,8.2,6,1,0.127229044609299,0
113,Wednesday,4,6.7,10,5,0.4800825537352638,1
485,Monday,1,4.9,8,2,0.8342039453640432,0
428,Wednesday,4,7.0,9,1,0.09657180989526003,0
1,Thursday,6,5.6,7,2,0.730374213901332,1
266,Saturday,8,8.7,5,1,0.5004603949882807,1
491,Wednesday,7,6.0,6,4,0.7929816810587701,1
208,Wednesday,6,8.4,6,2,0.41686844123576855,0
110,Sunday,10,8.6,6,2,0.2707897026103076,0
200,Thursday,5,10.0,6,0,0.163520403149692,0
440,Wednesday,10,6.8,6,2,0.19828201492517203,0
369,Thursday,8,7.5,7,0,0.052246081393096035,0
473,Saturday,9,7.4,6,2,0.667144211123059,0
306,Wednesday,5,6.8,8,1,0.23624866800814084,0
12,Wednesday,6,8.2,6,2,0.7592438739862041,1
345,Friday,4,7.6,10,1,0.10220701947780611,0
465,Monday,7,6.6,6,1,0.6642116069249627,1
188,Saturday,7,9.0,7,1,0.3766939001382099,1
154,Wednesday,10,7.9,7,2,0.14320567682138355,1
494,Thursday,7,8.6,8,1,0.11211582919833389,0
368,Friday,3,8.2,9,1,0.5368948562636686,0
334,Tuesday,8,6.3,6,4,0.857615247731381,1
425,Saturday,5,6.8,8,0,0.34402056610332654,0
420,Sunday,4,6.9,8,1,0.4468849067120833,0
377,Thursday,8,7.6,5,0,0.29188381318553125,1
279,Sunday,5,9.0,8,1,0.47513493868195145,1
171,Monday,5,8.0,8,0,0.2403568667279357,0
134,Saturday,9,5.7,6,3,0.857501862602593,1
495,Tuesday,8,5.8,6,1,0.2840820913507251,1
453,Tuesday,8,7.5,5,2,0.4846505393043191,1
427,Tuesday,4,8.2,8,0,0.28325164500371347,0
25,Tuesday,8,7.1,6,4,0.8422627980708652,1
18,Tuesday,6,8.5,7,1,0.07282544131882192,0
190,Sunday,6,5.1,8,2,0.7627922975130088,1
141,Saturday,7,7.1,8,1,0.43688939942958477,0
43,Monday,7,8.4,7,1,0.17675806278822634,0
334,Monday,4,7.1,10,3,0.45858693936423695,1
284,Saturday,8,6.4,5,1,0.7942479447631552,1
146,Wednesday,9,7.6,7,3,0.5576256596392851,1
315,Tuesday,5,6.9,7,1,0.39900646623131913,0
444,Thursday,8,6.1,6,0,0.6003158330714534,0
319,Wednesday,8,4.8,6,4,0.8377097169539349,1
441,Tuesday,3,7.5,8,0,0.2649142156524855,0
92,Friday,5,5.4,8,1,0.3452980797198303,0
179,Thursday,2,9.3,8,1,0.47784349153936645,0
56,Monday,8,4.6,6,4,0.93454716250226,1
155,Sunday,7,7.5,6,5,0.9557029672314233,1
160,Thursday,5,7.6,8,0,0.0329484711119575,0
111,Tuesday,6,5.5,7,2,0.6418452415381022,1
137,Tuesday,6,5.8,7,2,0.7780430296334437,0
232,Monday,2,7.7,8,1,0.19175436856844222,0
480,Wednesday,9,5.6,5,2,0.3372842103656433,0
468,Monday,7,9.0,7,2,0.19577562509657423,0
220,Wednesday,6,6.8,7,3,0.2116767018517134,0
481,Monday,6,6.2,8,2,0.6514876412124538,0
68,Friday,8,8.6,6,3,0.43656742559520784,1
302,Friday,3,5.4,8,1,0.4176885756680413,0
249,Thursday,5,8.8,8,3,0.1504871063842999,0
482,Friday,7,5.5,8,2,0.8804490308597743,1
496,Sunday,9,8.9,5,1,0.17475474133470156,1
323,Thursday,2,8.9,10,2,0.1585621130596104,1
410,Wednesday,8,6.6,6,2,0.3476895957695158,0
392,Wednesday,5,6.6,7,1,0.5472614694503688,0
6,Saturday,6,7.1,7,0,0.35645151118949353,0
464,Monday,7,5.8,7,1,0.18956627456744313,0
280,Wednesday,4,6.8,9,0,0.06127568879277288,0
432,Thursday,4,7.8,8,1,0.3344119530927363,0
487,Friday,7,7.4,6,2,0.27163868710622696,1
94,Friday,10,7.3,6,1,0.1718198440044298,0
429,Tuesday,5,5.8,7,2,0.4772354364237668,0
269,Monday,5,5.4,7,4,0.5698863460701333,1
197,Sunday,4,9.5,10,2,0.5998429459460483,1
25,Monday,6,5.1,7,2,0.8420447742040779,0
148,Monday,5,6.5,8,4,0.6386314453683071,1
118,Thursday,5,7.6,8,1,0.4159982237933431,0
338,Saturday,7,9.2,6,0,0.1774852846398356,0
367,Friday,4,6.7,10,3,0.8508728484115126,0
338,Sunday,10,7.7,5,2,0.5092740400516468,1
66,Monday,4,6.1,10,0,0.08992040155122125,0
458,Wednesday,9,8.8,6,1,0.22776442249839482,0
301,Tuesday,10,8.3,7,0,0.1396784267753914,1
370,Saturday,9,6.2,5,1,0.682645571949188,1
175,Thursday,9,7.5,7,0,0.1434394395450452,0
319,Monday,8,6.6,6,2,0.18282662285146872,0
76,Friday,7,7.1,6,0,0.3721005928420673,1
495,Wednesday,9,5.7,7,3,0.35847820443271133,0
461,Thursday,6,4.4,8,3,0.7809310956370438,1
114,Saturday,8,6.1,6,2,0.6936929784213216,1
111,Tuesday,9,6.0,6,3,0.5050016407920642,0
249,Tuesday,8,6.1,6,1,0.3050052386764081,1
439,Tuesday,6,3.9,7,5,0.6989408349708174,1
203,Wednesday,7,7.1,8,0,0.16348819081865132,0
147,Monday,6,5.0,7,3,0.9078382085894311,1
35,Friday,5,6.7,6,0,0.6233379119387047,1
487,Tuesday,8,5.3,6,2,0.7201651663348546,1
309,Sunday,7,5.3,7,1,0.8676789837372163,0
26,Tuesday,8,6.6,6,1,0.12451495444322132,0
238,Tuesday,7,6.5,7,2,0.44961500256270975,0
14,Tuesday,8,6.8,5,0,0.5635809828732563,0
374,Friday,9,8.6,5,4,0.5543290447215163,0
45,Wednesday,6,7.6,7,1,0.5434337427117689,0
428,Saturday,6,9.8,7,2,0.28522466167644117,1
216,Friday,7,6.3,7,0,0.2919015407770456,0
233,Sunday,1,6.5,10,2,0.8571571204551754,1
193,Friday,8,7.3,6,1,0.5177303721101186,0
51,Monday,5,8.9,7,1,0.10144526959881363,0
427,Saturday,10,6.1,6,1,0.4437824035674347,0
375,Sunday,8,9.1,6,2,0.1092639964226237,0
214,Sunday,8,8.0,5,0,0.3404992678276616,0
151,Monday,8,6.2,7,2,0.5671582011336004,0
440,Thursday,6,8.5,6,4,0.5384003132862794,0
275,Tuesday,6,5.3,8,2,0.8195183116306713,0
338,Tuesday,3,7.5,9,2,0.35064795115940184,0
76,Friday,9,6.5,5,0,0.17042560767000003,0
439,Sunday,4,8.7,10,1,0.08038787885505934,0
220,Thursday,6,7.1,6,0,0.14407461068813232,0
348,Saturday,9,8.7,6,1,0.10100696617297174,0
444,Monday,10,6.8,6,0,0.2614230507598365,1
187,Monday,6,6.2,8,1,0.269948888722671,0
289,Thursday,3,6.6,7,1,0.7575799071234708,1
403,Wednesday,7,6.9,7,0,0.332314232669951,0
28,Saturday,7,7.8,6,0,0.5171256494274233,1
379,Tuesday,7,7.5,7,0,0.4825078723869459,0
180,Wednesday,6,6.7,7,1,0.5799164749462472,0
253,Thursday,6,7.5,6,1,0.4119646509250279,1
126,Tuesday,5,9.4,6,2,0.26692917980979125,1
177,Sunday,7,6.5,6,1,0.647194328262484,0
37,Wednesday,8,7.9,7,0,0.041246393759165355,0
410,Wednesday,7,5.9,8,2,0.33369206595027184,0
99,Saturday,6,6.3,7,0,0.6292797617342565,1
98,Tuesday,9,8.4,7,2,0.1994902341784719,0
127,Saturday,7,6.3,7,2,0.8415314805454199,1
483,Monday,7,6.7,7,1,0.40559863629090714,0
168,Tuesday,7,5.7,7,4,0.3857955698100149,0
80,Sunday,4,10.0,9,0,0.10061517626615629,0
294,Saturday,4,7.4,8,1,0.5560224818966591,1
333,Wednesday,6,5.4,7,2,0.5812367841091788,1
126,Thursday,5,5.7,8,3,0.3717590305984149,0
343,Sunday,6,9.9,8,0,0.47695445607416914,0
310,Tuesday,8,6.4,5,0,0.17958325033233657,0
150,Monday,8,6.6,6,2,0.405797519451531,1
16,Thursday,7,8.5,6,2,0.32427712975031325,0
28,Monday,8,8.2,5,0,0.37953132129097694,1
496,Tuesday,9,5.6,5,2,0.6579345323643861,0
419,Saturday,8,6.4,6,0,0.4601901584795968,0
444,Monday,8,6.0,6,2,0.6905171530169497,1
173,Saturday,4,7.0,7,1,0.648378618406431,1
46,Thursday,3,7.7,7,1,0.6516055565595013,0
328,Thursday,5,6.6,7,2,0.5507352939824104,1
236,Friday,6,6.3,7,1,0.39104972621677375,1
439,Wednesday,8,6.7,5,0,0.1190502755425194,0
214,Monday,6,6.0,8,2,0.3721380607831995,0
85,Monday,6,8.6,7,3,0.6045392200960016,1
282,Friday,7,5.9,8,1,0.2806587380327301,0
232,Tuesday,8,6.7,6,2,0.2871812271444966,0
85,Monday,8,7.4,5,1,0.33689065331255924,0
409,Sunday,6,8.2,7,0,0.19449380269349856,0
489,Sunday,5,6.9,8,3,0.550698692759951,1
65,Wednesday,5,8.0,6,4,0.5361731913455857,1
134,Monday,7,9.3,8,2,0.2677529098375187,0
151,Friday,4,8.9,9,0,0.12418240707784775,0
115,Saturday,8,4.4,7,4,0.8903513149634347,0
64,Monday,4,6.6,10,3,0.5166207372195233,1
343,Monday,3,5.9,10,2,0.7744054199468238,1
427,Saturday,7,8.1,6,1,0.22316596761746188,0
363,Sunday,6,8.7,7,1,0.29406297186183344,1
407,Friday,7,5.3,7,2,0.7702579477628299,1
352,Tuesday,6,7.7,7,0,0.6445723570575321,0
158,Wednesday,7,6.7,7,1,0.6383618133171078,1
77,Thursday,9,6.4,5,1,0.5202378992299194,0
491,Tuesday,5,7.3,8,0,0.16635044902824303,0
146,Tuesday,8,6.5,5,4,0.7438838515200015,1
343,Tuesday,10,8.1,6,1,0.34079108426233035,0
463,Thursday,8,6.2,6,1,0.5675955380675339,1
225,Thursday,5,8.3,8,4,0.5682107035538286,0
405,Saturday,7,7.4,7,2,0.5588637689927456,0
313,Friday,4,3.8,10,4,0.8378641529786577,1
103,Sunday,4,6.4,10,0,0.16981633432175516,0
407,Saturday,9,7.3,6,1,0.32602593173814925,0
347,Tuesday,7,7.1,6,1,0.24193931940365299,0
301,Wednesday,10,6.6,5,1,0.7048248196871709,1
428,Thursday,7,5.9,8,7,0.7593480328459232,1
466,Monday,5,8.8,7,2,0.36538356195473204,0
88,Sunday,7,9.1,7,0,0.24347894747017731,0
371,Monday,7,5.3,7,5,0.8998975717595934,1
303,Wednesday,10,5.7,5,4,0.37056964327711,0
168,Thursday,8,7.1,5,1,0.20759058879038747,1
435,Thursday,5,6.5,7,2,0.7602804268253627,1
170,Friday,6,3.5,7,5,0.7499069376734573,1
135,Thursday,7,5.8,7,1,0.25154532952655434,0
50,Tuesday,4,7.6,10,2,0.1386283670310672,0
432,Tuesday,6,6.8,7,3,0.4160172856632573,0
340,Sunday,6,6.3,8,1,0.5935591808190417,1
347,Tuesday,7,6.0,6,2,0.23968264844964754,0
134,Tuesday,6,6.4,7,1,0.661608348837859,0
347,Wednesday,4,9.8,7,2,0.06087652643473282,0
137,Monday,6,6.7,8,0,0.3195878422796355,0
245,Thursday,8,5.8,5,2,0.4935824752376944,0
109,Friday,9,8.9,7,2,0.5148551956853412,0
313,Friday,8,7.4,7,1,0.395755161871129,0
287,Friday,3,5.7,8,1,0.7433526824547678,1
21,Monday,4,6.7,8,1,0.23423618234282373,1
90,Wednesday,4,6.5,9,0,0.221369856566198,0
296,Monday,10,7.4,6,2,0.11035586351396055,1
112,Monday,7,5.2,7,2,0.4376186400715904,0
301,Wednesday,10,5.3,5,3,0.8801965913079635,1
77,Tuesday,9,6.4,7,2,0.5742445006183815,1
177,Friday,7,5.6,6,1,0.35731914578195845,0
343,Friday,6,7.9,7,3,0.828488769027154,1
148,Saturday,7,6.2,7,0,0.4333973424071448,0
101,Friday,8,9.6,7,1,0.24863182537437542,0
246,Monday,9,6.5,6,2,0.6985870266635391,1
117,Wednesday,6,6.9,7,0,0.09162138179042063,0
92,Tuesday,10,7.1,5,1,0.14953676122772194,0
401,Wednesday,6,6.6,8,1,0.2435125066271658,0
28,Tuesday,9,8.1,5,0,0.1275686349167248,0
425,Monday,7,6.9,7,0,0.13562191110205934,1
450,Thursday,6,6.1,8,0,0.2721661269036569,0
25,Friday,3,5.1,7,2,0.8099039433563862,1
58,Friday,4,7.2,9,0,0.2534563938425181,0
498,Wednesday,9,7.8,5,2,0.4805647411147775,0
297,Thursday,8,5.2,6,3,0.8773285833199056,1
134,Thursday,8,6.2,6,0,0.2149182336114,0
331,Friday,10,7.9,7,2,0.3241678630345237,1
249,Monday,5,5.7,6,2,0.6526357777649381,1
38,Friday,6,5.7,7,2,0.49881679640306903,0
390,Thursday,6,6.5,8,1,0.21467787177764822,0
429,Tuesday,4,8.3,10,2,0.10307749408685739,1
75,Monday,5,7.8,7,2,0.40844537841262496,1
142,Monday,4,8.3,8,1,0.3938097744229133,0
322,Thursday,3,5.5,8,3,0.5112755023372592,1
168,Friday,5,5.9,8,4,0.3813501043534668,0
259,Wednesday,6,6.5,6,0,0.36684873830509146,1
373,Wednesday,10,6.3,7,0,0.22587769495105495,1
355,Sunday,4,6.5,9,2,0.5378518433563931,1
225,Tuesday,9,7.3,5,1,0.5828032543985813,1
152,Monday,7,4.7,7,3,0.715627829671449,1
19,Wednesday,7,6.9,7,1,0.46951617423699454,0
146,Friday,7,8.7,7,3,0.2994419103385833,0
448,Thursday,3,6.8,9,1,0.1793058515765175,0
241,Wednesday,4,5.7,8,1,0.6389481977473876,0
372,Sunday,8,5.9,6,2,0.7262439187450638,1
381,Friday,7,7.1,8,3,0.13426394736695135,0
344,Monday,3,8.8,9,3,0.6504623565981736,0
237,Friday,6,7.0,7,4,0.47170471960593735,0
35,Monday,8,6.3,7,2,0.3847096452144943,0
190,Friday,4,5.8,7,3,0.9289791814864441,1
1,Tuesday,6,4.9,7,3,0.7868787435145372,1
484,Friday,10,7.0,7,2,0.23283548700106893,0
153,Tuesday,8,4.8,6,5,0.6942366385030785,1
429,Saturday,10,8.5,7,1,0.20194114240038866,0
433,Wednesday,6,7.5,7,2,0.3748378389075816,1
126,Thursday,9,6.4,6,1,0.2996270051412451,0
491,Tuesday,4,7.5,10,1,0.1848667477530579,0
482,Sunday,8,7.6,5,1,0.6299414576147128,0
345,Friday,5,7.5,8,2,0.27893011220617553,0
400,Tuesday,7,7.8,7,1,0.0959117923566491,0
226,Sunday,8,7.1,7,0,0.3736562320557143,1
221,Wednesday,8,5.1,7,1,0.16552005068490175,1
403,Friday,4,9.4,8,0,0.16218939720409428,0
407,Friday,7,6.4,8,3,0.34076955450073143,1
211,Monday,7,6.2,7,2,0.6354312594245423,0
25,Sunday,9,7.9,7,0,0.28511515213557653,1
16,Wednesday,5,6.5,7,1,0.5648789305430161,1
182,Tuesday,4,5.2,10,2,0.674717445155087,1
499,Saturday,3,6.0,7,4,0.9754137527752518,1
329,Friday,6,5.6,7,1,0.3820187939726592,0
129,Monday,6,7.1,6,2,0.5093820468925718,0
42,Monday,6,5.9,6,1,0.29939105375075004,1
403,Friday,6,7.8,7,0,0.1732395929879614,0
481,Monday,9,6.5,6,1,0.21671264943384244,1
418,Sunday,6,7.3,6,0,0.530199818219859,0
336,Friday,9,6.8,6,0,0.22410645601018128,0
236,Wednesday,7,5.5,8,1,0.4536657874323899,0
360,Wednesday,5,8.2,7,0,0.204896115473048,0
439,Thursday,7,7.1,7,1,0.12835492506700324,0
402,Wednesday,10,6.5,7,0,0.033536680463586495,0
34,Friday,9,6.1,6,1,0.32905364922933805,0
345,Sunday,9,6.7,5,2,0.4061897614448396,0
381,Thursday,8,5.3,7,2,0.5914728597020478,1
45,Wednesday,6,5.1,6,2,0.9583498092248777,1
134,Tuesday,10,5.1,5,2,0.675593511897343,1
21,Friday,8,8.0,6,1,0.08678774172505792,0
122,Friday,8,5.8,6,2,0.7179308942376247,0
70,Friday,7,5.4,7,1,0.8014445289571305,1
352,Monday,4,8.2,9,0,0.35483081490637647,0
361,Saturday,7,7.5,8,2,0.21751543546344795,0
48,Wednesday,10,5.3,6,1,0.3139255489147817,1
491,Friday,8,7.4,5,1,0.3096191942664007,0
39,Friday,8,8.4,5,2,0.362582588995992,0
287,Friday,5,7.5,6,1,0.3637033702807201,0
490,Wednesday,10,6.9,6,1,0.38702472156039225,1
10,Thursday,9,7.3,7,2,0.4912197234414969,0
30,Monday,3,8.1,8,2,0.13909308047591076,0
244,Friday,8,8.8,7,2,0.4227872865817685,0
274,Monday,6,5.6,6,1,0.7875298313280663,1
444,Wednesday,7,6.7,8,4,0.6979580619363615,1
88,Monday,5,7.4,8,1,0.6366935487800319,1
244,Saturday,7,7.6,7,3,0.5427455023156185,0
381,Thursday,4,7.3,8,4,0.5690606740117531,1
329,Friday,5,9.4,7,0,0.11256305885167324,0
479,Friday,8,6.4,5,0,0.4095788837411364,0
15,Saturday,5,5.7,7,1,0.4921450947986352,1
4,Monday,7,8.9,7,2,0.26393009879256474,0
191,Friday,7,8.8,8,2,0.4734128737630456,1
168,Thursday,10,7.4,6,2,0.12589935970972502,0
9,Monday,5,6.1,7,1,0.5907031028758956,0
109,Tuesday,6,7.7,8,1,0.47570171601800826,0
137,Tuesday,5,6.7,6,0,0.36406346761748015,0
154,Monday,9,6.3,7,4,0.7006146473607217,1
388,Wednesday,7,5.9,7,1,0.62490790407423,1
209,Monday,6,6.7,6,1,0.6228029805625355,1
272,Thursday,8,7.4,5,1,0.17443473277946722,0
143,Tuesday,5,6.9,6,0,0.31016913414319786,0
99,Tuesday,4,7.8,7,0,0.566982884667005,0
377,Sunday,7,7.1,7,1,0.46053805223020317,1
308,Thursday,7,6.2,7,2,0.38353396395771316,1
69,Tuesday,5,7.2,7,0,0.2801454154511415,0
247,Thursday,7,6.8,6,3,0.7620655906952911,0
261,Tuesday,10,8.5,6,2,0.09106042215915304,1
276,Monday,7,6.3,7,2,0.6470376722993815,1
79,Monday,3,6.1,10,0,0.2172090486759108,1
146,Sunday,9,7.2,5,0,0.4989453220179774,0
111,Friday,10,6.2,7,2,0.6010989902346973,1
258,Friday,8,5.9,5,2,0.3360156538716866,0
93,Sunday,7,5.4,6,1,0.40794429073171007,1
13,Sunday,3,6.0,9,2,0.5360759483400739,1
260,Friday,5,6.6,7,2,0.6073506726575694,1
426,Friday,6,5.1,6,1,0.5047437349919375,0
109,Wednesday,5,7.4,6,1,0.5893980387999026,1
330,Monday,5,7.1,7,1,0.433919463090742,0
189,Thursday,7,5.9,7,1,0.5778973827404853,0
95,Thursday,5,6.6,6,0,0.6138982248662971,1
105,Sunday,10,7.2,7,3,0.40265880542210397,1
8,Wednesday,7,4.5,7,3,0.7541672396196122,1
67,Friday,8,7.2,6,2,0.6958852554691753,1
496,Thursday,8,6.0,6,2,0.5208173860572829,0
191,Tuesday,7,5.5,7,1,0.8187993477237528,0
366,Thursday,7,7.5,7,1,0.08913013322384047,0
256,Thursday,8,7.0,7,0,0.21083619771035503,0
9,Thursday,9,7.8,5,3,0.4074955999933346,1
478,Thursday,2,6.6,9,1,0.3896484345776292,0
117,Tuesday,4,7.0,7,3,0.4561176532151445,0
267,Wednesday,5,7.7,6,1,0.349145935069195,1
99,Thursday,4,8.7,7,0,0.2966498081723748,1
485,Thursday,5,6.3,7,1,0.3892337158488104,1
298,Thursday,6,7.0,7,0,0.3407303193956656,0
397,Monday,6,7.4,7,0,0.22158052160002253,0
164,Tuesday,4,7.4,9,2,0.6186539740166277,1
376,Wednesday,6,6.1,7,3,0.8116987831105529,1
141,Wednesday,9,6.6,6,1,0.469248048331761,1
268,Thursday,6,7.4,7,1,0.48096051443176946,1
37,Saturday,8,7.6,6,0,0.08184624174616206,0
74,Monday,6,9.0,8,1,0.22381424653623797,0
73,Monday,7,6.3,7,0,0.32990819403293836,0
308,Wednesday,6,5.7,7,3,0.6133637870585062,1
199,Wednesday,8,7.3,6,2,0.4883684664101773,0
130,Thursday,5,5.6,7,3,0.9415375503262191,1
246,Saturday,7,6.8,6,0,0.6853388826755448,1
312,Saturday,5,7.5,7,0,0.39794337245581646,1
60,Monday,8,6.7,6,3,0.6386940150050759,1
279,Sunday,4,7.3,9,0,0.44506173138768085,0
103,Monday,8,6.0,5,3,0.5473660792296143,0
296,Thursday,7,7.1,8,2,0.14274649667787395,0
320,Friday,4,9.3,8,1,0.20280760006353257,0
487,Friday,10,7.7,7,0,0.0966815978504696,0
341,Tuesday,8,4.5,6,3,0.8605878530453068,1
151,Wednesday,4,6.2,10,3,0.5806512914638454,0
157,Thursday,7,7.3,8,1,0.41614783097116925,0
206,Tuesday,3,4.9,8,2,0.6712420242091744,0
474,Monday,3,3.8,10,5,0.9383615088605374,0
179,Thursday,9,5.8,6,2,0.6566741058062199,1
197,Wednesday,4,5.7,8,3,0.8108278432826722,1
223,Friday,8,8.7,7,3,0.46462491845611403,0
89,Monday,9,7.1,5,2,0.43984259227951517,1
287,Saturday,5,7.2,7,2,0.6162361243872507,1
434,Monday,10,6.3,7,1,0.32675411253292297,0
276,Saturday,7,7.9,8,0,0.2958579286257778,0
236,Wednesday,7,6.9,7,4,0.6205589158127474,0
183,Thursday,5,7.2,6,0,0.14733139054007416,0
209,Saturday,5,7.8,6,1,0.7857998965169739,1
493,Tuesday,2,7.9,8,0,0.37275389951053006,0
130,Tuesday,5,6.7,6,0,0.8502622466089576,1
153,Wednesday,9,7.6,5,1,0.28308281360676696,1
13,Tuesday,4,7.1,9,0,0.08982983294142513,0
122,Thursday,5,6.9,6,4,0.8251732429226962,1
359,Tuesday,4,6.2,8,0,0.4703905421081284,1
220,Saturday,4,7.3,8,0,0.35989401581669567,0
106,Thursday,8,6.6,7,3,0.32256189501925536,0
375,Monday,4,8.0,8,2,0.08733080292029079,0
70,Saturday,6,7.7,6,1,0.6384119058009747,0
195,Wednesday,6,5.6,6,1,0.6910768459969228,1
186,Wednesday,8,4.8,6,4,0.7371947558765812,1
99,Wednesday,5,5.3,6,4,0.8777867029792629,1
82,Thursday,6,5.9,8,1,0.5576707381531222,1
75,Wednesday,4,7.3,9,0,0.12574183279249065,0
374,Thursday,5,6.0,7,2,0.6411114085067355,1
340,Monday,5,8.2,7,2,0.6331231854615288,1
192,Sunday,6,5.9,6,2,0.7346621673803514,1
325,Friday,10,7.5,6,1,0.15815140166946084,0
467,Tuesday,6,4.5,6,3,0.8917319832003381,1
214,Friday,9,5.4,7,1,0.37929019021659677,1
315,Thursday,8,5.5,6,1,0.48088873717780906,1
444,Monday,6,5.5,8,2,0.5791445786063614,1
467,Tuesday,8,5.9,7,1,0.3529135764164059,0
382,Monday,7,7.6,7,2,0.26877107943278383,0
367,Saturday,4,8.3,8,2,0.7651034198052882,1
318,Thursday,6,5.5,7,3,0.811026193951593,1
144,Tuesday,7,6.5,7,1,0.36114715915914597,1
384,Monday,10,7.2,6,2,0.35685599879523283,1
216,Thursday,5,6.5,7,1,0.6659211793973188,1
361,Thursday,7,8.6,6,0,0.13452363580642732,0
324,Friday,4,7.2,9,3,0.4518839659949359,0
15,Sunday,10,6.4,6,1,0.3728878957436468,0
217,Wednesday,9,5.8,5,4,0.7182784759538406,1
492,Wednesday,4,5.5,10,2,0.77020816867291,1
439,Wednesday,10,5.9,7,2,0.19589313052965504,0
35,Saturday,9,7.4,6,1,0.3977432549050783,0
183,Monday,9,6.4,7,1,0.13689382065281855,0
270,Wednesday,10,6.1,7,0,0.036670206500339225,0
433,Friday,9,7.4,7,3,0.1658308391059653,1
467,Monday,6,7.1,6,1,0.5716615755655468,0
358,Tuesday,10,4.8,5,2,0.7891397006283879,1
100,Friday,5,5.2,7,3,0.7918202467950344,1
7,Tuesday,5,5.5,8,1,0.08973531705541204,0
30,Tuesday,6,5.7,8,2,0.4094402787290433,0
467,Thursday,7,5.9,8,2,0.5187729382613793,1
305,Wednesday,5,6.2,7,0,0.22074235441449977,0
473,Monday,4,7.1,8,2,0.547600394939235,1
144,Sunday,5,6.1,6,1,0.8024122673960811,1
111,Monday,6,5.8,7,4,0.8755253246609451,1
232,Friday,7,4.8,8,3,0.7120780800367167,1
179,Monday,5,5.6,7,2,0.7792199829591652,1
72,Wednesday,4,6.5,9,0,0.3413581053153296,0
210,Tuesday,7,5.6,8,2,0.33048548824365354,0
220,Monday,10,5.5,5,1,0.37461696146752366,0
80,Monday,6,6.1,8,1,0.3025382507817358,0
500,Wednesday,8,7.0,6,1,0.46997359458054894,0
83,Thursday,7,5.6,7,3,0.8013360991364163,1
42,Monday,8,7.9,7,0,0.140583984705737,0
273,Sunday,8,6.4,5,0,0.7519809410437587,1
191,Tuesday,7,6.2,7,4,0.8697426850749779,1
173,Wednesday,5,8.1,6,2,0.6467893785981845,1
461,Tuesday,4,7.4,8,0,0.18294048297003296,0
7,Thursday,9,6.5,6,3,0.30078978162001585,0
155,Friday,8,7.1,5,2,0.7841607785541678,1
10,Thursday,8,5.2,6,1,0.7296939822772485,0
34,Tuesday,8,8.9,6,0,0.0691739935461802,0
36,Tuesday,9,5.2,6,3,0.8279141275143368,1
409,Friday,7,7.0,8,1,0.15828597430201374,0
6,Monday,3,8.0,7,2,0.5223690251299437,1
408,Wednesday,7,7.0,6,0,0.2604397590116246,0
402,Monday,10,6.6,6,1,0.12400203972251367,0
215,Tuesday,7,8.1,8,0,0.08391475096499171,0
134,Monday,4,7.4,10,2,0.19714995822202222,0
285,Saturday,8,6.8,5,0,0.6376907327539812,1
126,Friday,10,8.6,7,2,0.04226951113985695,0
409,Thursday,5,5.8,6,3,0.5781252212540355,0
439,Tuesday,7,8.7,7,1,0.12263717856674808,0
337,Thursday,7,7.4,7,1,0.7810471070547449,1
174,Thursday,7,6.2,6,1,0.7196156455637349,1
152,Thursday,8,5.5,5,3,0.810392545002179,1
331,Monday,6,6.9,7,0,0.2693851730799261,1
26,Sunday,8,6.7,7,3,0.5740437674090041,1
383,Wednesday,9,6.8,5,3,0.6422940674016564,1
115,Sunday,6,8.3,7,2,0.37315490435830556,0
382,Monday,8,7.8,7,4,0.3109943791931569,0
482,Tuesday,6,8.4,7,0,0.5144382062654097,1
284,Monday,4,5.5,8,1,0.6592470899023939,1
387,Friday,4,7.0,9,1,0.23984582188126571,1
75,Wednesday,7,5.0,7,4,0.5736691890686023,0
166,Saturday,3,7.4,10,1,0.23772607132866896,0
189,Saturday,7,5.5,6,2,0.8728634519041684,1
78,Friday,5,9.2,8,0,0.13776593912754354,0
435,Friday,2,8.3,7,1,0.6694688344355755,0
90,Friday,8,4.8,6,4,0.44829600185168006,0
176,Friday,4,5.9,9,3,0.5617720265297543,1
21,Wednesday,10,7.6,6,4,0.38793827118268037,1
54,Friday,10,7.0,6,1,0.45646732267678414,0
184,Saturday,6,7.4,8,1,0.32329850162157353,0
359,Wednesday,2,7.0,8,1,0.6408218452245281,0
222,Sunday,7,8.4,7,5,0.7179846158573666,1
315,Monday,10,9.1,7,0,0.07649851531059182,0
328,Wednesday,9,5.3,5,2,0.8616609986683655,1
179,Monday,9,6.5,5,1,0.7010757811075532,0
276,Monday,10,4.5,5,3,0.9355564491786504,1
112,Saturday,4,7.3,8,3,0.5904090396419543,0
224,Sunday,9,9.4,5,1,0.1644435210596333,0
214,Friday,10,7.3,7,1,0.17800133791257264,0
59,Sunday,5,8.3,7,3,0.6423847594684722,0
327,Tuesday,6,6.9,8,1,0.26085703619795075,0
393,Monday,10,5.8,7,1,0.2881120211744491,0
109,Thursday,9,4.9,5,3,0.8959143739045935,1
385,Saturday,5,9.1,6,2,0.39674093799658405,0
157,Monday,4,6.2,7,1,0.34600173049463945,1
191,Sunday,6,7.2,8,0,0.38516344813112097,1
200,Thursday,4,4.3,9,4,0.7860235817186112,1
312,Sunday,5,6.6,6,1,0.729614562853901,0
196,Wednesday,5,6.9,8,1,0.32301405683759626,1
35,Wednesday,9,7.1,6,2,0.5556457926285889,0
379,Friday,9,8.6,6,2,0.39480114597489735,0
387,Friday,9,6.4,5,0,0.1753376437322562,1
246,Tuesday,5,6.6,7,2,0.7607499594510052,0
237,Sunday,6,9.2,7,1,0.09892238545066191,0
104,Saturday,6,8.8,7,0,0.13018288415588936,0
7,Monday,7,5.0,7,2,0.20991073179248199,0
283,Monday,8,8.4,7,0,0.06153054413980967,0
1,Thursday,6,4.8,6,3,0.9104552893108728,1
219,Wednesday,4,7.3,7,1,0.22236433632441233,1
464,Friday,10,7.6,6,0,0.11142384694636123,0
230,Monday,9,6.9,6,2,0.371393603260856,1
455,Friday,7,6.2,7,0,0.12086111690138437,0
172,Thursday,4,6.2,10,1,0.4007241602507661,0
87,Tuesday,8,3.7,6,5,0.8363267951201979,1
41,Thursday,6,6.9,7,2,0.1666446619964815,0
123,Tuesday,2,6.7,8,1,0.25572851333776936,1
331,Monday,5,8.5,7,3,0.6756635586475991,1
298,Thursday,7,6.4,8,3,0.5082338607981199,1
373,Sunday,6,6.8,7,1,0.42727713686862356,0
417,Tuesday,8,6.1,7,1,0.3324036174680809,0
178,Wednesday,7,5.7,7,3,0.6587718113041299,0
63,Tuesday,4,6.2,8,0,0.5227891147503577,1
484,Tuesday,8,5.5,6,2,0.7472677865793349,0
165,Wednesday,8,7.4,6,2,0.8042335981350716,0
489,Friday,6,7.2,7,2,0.20781215635437755,1
187,Monday,7,5.0,6,3,0.8726913890700023,1
383,Sunday,7,7.5,7,1,0.3710607956913355,0
209,Monday,10,8.0,5,3,0.3844997494134709,0
227,Saturday,7,8.7,7,0,0.25134271550051995,1
432,Saturday,7,6.2,8,1,0.5681671266314575,1
389,Thursday,7,8.3,7,0,0.06439257855896523,0
48,Monday,7,6.1,6,0,0.34075443596814825,1
224,Thursday,6,6.7,7,3,0.36771697131833264,1
3,Thursday,4,6.3,9,3,0.4447893867939681,1
372,Saturday,7,6.0,7,1,0.6551254522862567,1
175,Thursday,8,5.8,6,1,0.44147827000838624,1
446,Wednesday,7,8.2,8,0,0.26000910575371167,1
99,Saturday,6,8.9,8,2,0.3915362449138438,1
116,Sunday,6,8.2,7,0,0.3821502873708388,1
270,Friday,8,6.4,6,2,0.3766821070518164,0
447,Saturday,3,9.6,7,5,0.7456411830559679,0
368,Thursday,5,7.9,7,2,0.8227190596679892,1
253,Friday,7,6.6,7,3,0.4430275003847595,1
317,Friday,9,4.4,5,2,0.710780063237056,0
415,Friday,10,7.7,7,2,0.05924084147674099,0
95,Wednesday,8,8.2,7,0,0.13137974707221292,0
273,Thursday,5,7.2,8,2,0.3067284950174402,0
380,Thursday,3,4.4,9,5,0.911208183469616,1
24,Tuesday,10,6.9,6,2,0.36594918024900736,1
116,Wednesday,5,9.3,7,2,0.22926860111750835,0
151,Friday,7,6.5,8,2,0.34694823197183106,0
338,Thursday,6,9.1,7,1,0.1874008075132492,1
50,Monday,6,7.5,6,0,0.25653445708808587,0
206,Saturday,4,7.5,9,1,0.1584531811379594,0
498,Saturday,10,9.1,6,1,0.22975058936820292,0
335,Wednesday,5,6.0,7,1,0.6323604109245687,0
79,Tuesday,7,5.2,7,3,0.25571115679195255,0
70,Sunday,6,5.9,7,1,0.5781429368492237,0
27,Saturday,8,7.6,5,1,0.25144780363243496,0
271,Tuesday,6,7.2,6,0,0.37185931638134045,1
50,Monday,6,5.9,7,2,0.30739185263395363,0
292,Wednesday,9,8.2,5,0,0.03310239897560884,0
247,Friday,6,6.8,7,3,0.5747779619558153,0
264,Tuesday,9,7.7,7,0,0.06489286972915437,0
79,Thursday,4,5.9,10,2,0.18330785635958863,0
387,Wednesday,6,6.5,6,2,0.35162987905422577,0
190,Saturday,5,5.3,6,5,0.9682224424068302,1
47,Wednesday,7,6.4,8,1,0.19742340595419547,0
461,Thursday,4,7.0,10,3,0.29852535024379234,0
361,Sunday,8,6.7,6,2,0.3405667416060362,0
354,Tuesday,8,6.6,6,2,0.43836912135380945,0
472,Tuesday,10,7.0,5,1,0.40721318286659003,1
488,Friday,8,6.1,6,3,0.5322960483917099,0
352,Tuesday,8,6.4,6,1,0.6696547162025664,1
189,Saturday,8,6.5,5,0,0.5186699100869314,0
416,Monday,6,5.6,7,3,0.5496404455344539,0
256,Monday,10,8.2,6,0,0.06886187421418974,0
222,Sunday,8,5.7,7,2,0.5415746234432364,1
372,Thursday,10,7.7,7,0,0.07859773399246237,0
241,Friday,10,5.1,6,4,0.7276421609799192,1
269,Tuesday,7,8.5,7,1,0.04837572599021353,0
1,Tuesday,7,7.4,6,0,0.2756383962284153,1
34,Saturday,8,7.0,7,4,0.42596783916069175,1
446,Wednesday,10,7.8,6,0,0.3313660482238566,0
79,Wednesday,3,8.0,9,0,0.08967821582283879,0
236,Monday,9,7.4,6,2,0.24773070786817722,0
334,Wednesday,7,7.3,8,4,0.48346948663640565,0
377,Friday,9,7.0,5,4,0.725110348011128,1
349,Saturday,5,9.1,8,2,0.07952257957860444,0
98,Friday,5,6.7,7,1,0.47356231121934217,0
82,Friday,7,6.8,6,0,0.46002640612913565,0
455,Thursday,8,7.7,7,0,0.04654365269082285,0
477,Thursday,4,6.3,10,2,0.4580715179912541,0
415,Friday,6,8.0,6,1,0.06597183802443436,0
192,Tuesday,4,7.8,9,2,0.4044021749868049,0
253,Tuesday,7,10.0,6,1,0.14542662569582357,0
409,Sunday,10,7.3,6,1,0.26109050938687617,0
38,Monday,6,7.4,7,1,0.2242500046914342,1
14,Monday,8,7.3,6,0,0.3443192792543454,1
392,Thursday,7,7.7,6,1,0.5276439275560941,0
347,Friday,7,6.6,7,2,0.20364149133018886,1
310,Thursday,5,7.3,6,2,0.32661791026192255,0
386,Wednesday,8,6.9,6,1,0.17419897355110214,0
209,Sunday,6,8.4,6,0,0.5513140659739949,1
357,Friday,10,4.4,7,3,0.42184884751021107,0
462,Saturday,5,7.1,8,2,0.4211354466609073,0
89,Monday,8,9.2,5,1,0.2080608955352487,0
56,Tuesday,10,8.5,7,0,0.14922356675801066,0
94,Wednesday,9,7.1,6,1,0.4542058210502297,0
93,Tuesday,5,7.4,8,0,0.11984102082646936,0
340,Monday,5,7.3,7,1,0.6977780725605055,1
85,Tuesday,7,7.5,7,2,0.42262659415734544,1
445,Thursday,7,5.6,6,2,0.36237641371804113,1
245,Friday,8,5.9,7,1,0.23430555699008393,0
22,Friday,9,5.9,7,4,0.4874138047614124,1
291,Monday,7,6.2,7,2,0.5411709430635745,0
485,Wednesday,5,8.6,7,4,0.4432509552746357,1
272,Monday,7,5.3,7,2,0.3231408773360374,0
306,Wednesday,10,9.1,6,0,0.026678468363060263,0
122,Wednesday,7,7.2,6,5,0.8376552940356782,1
128,Thursday,10,5.3,7,2,0.21804948046845435,0
113,Saturday,8,6.7,5,1,0.20963844018223277,0
427,Saturday,8,7.9,6,1,0.24445038254078016,1
273,Thursday,5,5.1,7,4,0.7989887633968675,1
336,Saturday,6,7.0,8,1,0.6514150208020256,1
442,Friday,8,5.3,5,4,0.8450292645788803,1
130,Saturday,6,8.2,7,0,0.6230644898338846,1
132,Thursday,9,5.4,6,2,0.37266541098851363,0
85,Thursday,7,4.9,6,4,0.907770988122944,1
423,Friday,5,8.5,8,0,0.12297457935271139,0
482,Monday,7,6.3,8,1,0.7745643448330556,1
350,Friday,6,6.2,7,4,0.79203876878051,1
390,Sunday,8,8.0,6,0,0.3762324898667605,0
81,Friday,6,6.7,7,4,0.20114306520155537,1
487,Monday,10,5.7,6,2,0.42941271555290444,0
473,Wednesday,4,6.0,10,2,0.39653831215262075,0
325,Saturday,6,8.3,7,0,0.3322061043719779,0
69,Sunday,7,6.2,8,0,0.3825762814010066,1
148,Wednesday,6,6.7,6,0,0.2539171659933285,0
448,Saturday,2,9.4,9,1,0.3405656476585625,0
16,Saturday,10,7.0,6,3,0.3838340670852168,1
307,Monday,8,8.2,6,0,0.08977482853019558,0
105,Saturday,4,6.2,8,0,0.3597188658948244,0
165,Wednesday,4,6.9,8,0,0.532178995707913,1
488,Thursday,4,8.2,8,2,0.18785944814410724,1
201,Thursday,6,6.0,8,2,0.21792202260555868,0
197,Friday,10,9.0,6,1,0.21493472390523996,0
426,Friday,6,6.6,7,1,0.3030397297654267,0
185,Wednesday,6,5.3,8,3,0.45639046478313305,0
322,Saturday,9,8.6,6,0,0.03810092784062055,0
265,Saturday,7,9.3,7,1,0.14332499583912447,0
363,Friday,7,5.2,6,1,0.46119188842020714,0
100,Wednesday,8,7.2,6,1,0.17357971457046661,1
342,Monday,3,5.9,7,4,0.7602091390680282,0
320,Thursday,8,5.5,6,1,0.7093576443863434,0
214,Saturday,9,6.3,6,0,0.3831458621735187,0
278,Tuesday,4,7.0,7,2,0.5644417870747357,1
162,Sunday,6,9.0,6,0,0.4572725475584447,0
439,Saturday,3,7.3,10,0,0.17817411668779662,0
157,Friday,6,7.2,8,0,0.12108851010790729,0
422,Friday,5,6.0,7,3,0.8198954480492496,1
251,Thursday,10,6.5,6,0,0.11897293965298922,0
366,Friday,6,5.7,6,1,0.3332596121244839,1
97,Wednesday,7,4.5,7,2,0.7977841097164794,1
18,Saturday,9,6.8,7,2,0.344128321223249,0
327,Friday,2,8.1,10,0,0.17787323760415155,0
449,Friday,7,3.7,7,4,0.9057324718942057,1
383,Friday,5,8.0,7,0,0.18780380430968702,1
97,Monday,5,7.1,7,1,0.47008290464005054,1
1,Monday,5,6.5,8,1,0.3013120595839546,1
216,Saturday,6,6.8,8,0,0.6170404822314953,1
132,Tuesday,5,7.3,7,0,0.2025135279741105,0
260,Thursday,6,8.4,6,1,0.18989827814980142,0
125,Wednesday,9,7.0,5,2,0.4237138112327067,0
82,Monday,8,6.4,5,0,0.35379581338835825,1
283,Monday,10,9.9,5,1,0.08110795339280877,0
171,Saturday,7,7.5,6,1,0.6967707250934378,1
59,Thursday,8,4.7,6,3,0.8552459274962785,0
32,Thursday,9,7.1,5,1,0.2943048109459101,0
161,Sunday,4,6.7,10,0,0.17868833361828007,0
284,Tuesday,9,6.3,6,1,0.4939485254649747,1
106,Tuesday,5,8.2,8,1,0.08336367483542541,0
105,Friday,8,7.8,6,2,0.24269077317042595,1
439,Friday,9,4.6,7,2,0.21511554787516896,0
228,Wednesday,3,4.6,8,4,0.5492991241497269,0
188,Sunday,6,7.6,6,0,0.3774262436451406,0
70,Sunday,6,8.6,7,0,0.47041276309838326,0
318,Monday,4,4.0,8,5,0.9281586800643519,1
464,Tuesday,7,7.9,7,0,0.09623452901889047,0
290,Saturday,10,10.0,6,0,0.09357940780297053,0
87,Wednesday,5,8.1,7,1,0.3632249408630057,0
370,Monday,9,5.7,7,1,0.1636539732918349,0
362,Friday,8,7.5,7,3,0.19360395273765538,0
472,Wednesday,4,7.0,9,3,0.7937367036947808,1
56,Thursday,6,8.8,8,0,0.20422255490112648,0
113,Tuesday,7,8.1,6,0,0.13003879513988237,0
13,Friday,10,5.6,5,1,0.46307397488518653,1
440,Thursday,8,7.4,6,2,0.244299694785667,0
18,Tuesday,5,5.7,7,3,0.5490322361415265,1
182,Wednesday,7,7.9,7,0,0.16111864364087206,0
461,Thursday,1,6.4,10,0,0.29672136253830766,0
113,Sunday,8,7.4,5,1,0.42097351781668474,0
229,Sunday,5,7.6,7,0,0.3956648013076987,1
171,Tuesday,4,6.0,7,1,0.7192531143182146,0
295,Friday,6,6.8,7,0,0.297592250037079,1
189,Friday,4,7.3,8,0,0.25607190860485585,1
426,Saturday,6,7.1,7,0,0.35647955510694196,1
465,Thursday,9,7.0,5,2,0.7051897744902653,1
79,Monday,3,5.8,10,2,0.38923239013647404,1
146,Friday,6,5.2,6,2,0.7609194765102543,1
407,Monday,6,6.7,7,0,0.3478787577351372,0
182,Monday,8,7.9,7,1,0.42498360798979024,0
499,Thursday,6,7.9,7,0,0.1034827513262264,0
286,Sunday,9,8.5,7,1,0.6507910880614938,0
250,Tuesday,9,7.9,7,2,0.19201564614263972,1
354,Friday,9,6.9,6,4,0.8255223927529072,0
314,Tuesday,5,6.0,6,1,0.678763664025583,1
196,Saturday,10,7.1,6,1,0.3177022496546953,1
323,Thursday,4,6.6,9,1,0.44345287517652476,0
71,Tuesday,8,5.9,6,1,0.6045391250023595,1
248,Tuesday,9,7.4,6,0,0.43124664855394124,0
146,Wednesday,10,6.0,7,1,0.3099172734698723,0
106,Monday,9,4.5,5,4,0.8753586543658488,1
263,Monday,5,8.0,7,2,0.4906473732683617,0
296,Friday,8,7.3,6,1,0.12045879532965997,1
70,Wednesday,6,4.6,7,5,0.6122862920082598,1
470,Friday,9,5.9,6,2,0.2571116111139677,0
193,Monday,7,6.6,7,3,0.7251726552580163,0
68,Thursday,9,6.7,7,1,0.19017572604760785,0
494,Wednesday,7,9.2,7,1,0.22945666330733785,1
305,Monday,9,5.5,6,2,0.13706928946035277,0
52,Thursday,5,5.5,7,2,0.8300166165693846,1
370,Monday,9,8.2,5,0,0.14377733440596055,0
363,Saturday,2,7.2,8,1,0.5610519239509656,0
285,Thursday,8,8.1,5,2,0.424736355323971,1
405,Thursday,7,6.4,8,0,0.11431540640781893,0
474,Monday,7,8.2,6,3,0.5564238422134525,0
334,Tuesday,2,6.4,10,1,0.41690998887406566,1
9,Thursday,6,6.6,8,0,0.19526183945159406,0
251,Thursday,9,5.5,6,2,0.47352236225514827,0
431,Tuesday,5,8.8,8,2,0.25224974671552214,1
332,Monday,4,5.8,10,1,0.5605289907171197,0
298,Wednesday,4,5.2,9,1,0.46911683289269357,1
435,Thursday,9,8.6,6,0,0.0977939465855723,0
184,Tuesday,8,7.5,7,1,0.10480556003107991,0
179,Thursday,9,8.6,7,1,0.1464328020391276,0
198,Wednesday,8,5.8,5,1,0.4582870904314217,1
128,Wednesday,5,7.4,7,0,0.12957324507522544,0
20,Wednesday,10,8.4,6,0,0.36478040116868526,0
472,Thursday,5,5.3,7,1,0.704547289983997,1
411,Monday,5,7.1,7,1,0.6836331495123568,1
422,Tuesday,7,6.2,7,0,0.29094132051862265,0
328,Wednesday,7,6.2,6,1,0.7678684669604768,0
65,Wednesday,8,5.7,6,2,0.44128763937094473,1
182,Wednesday,6,7.2,7,0,0.5781620194124723,1
241,Saturday,9,7.1,7,3,0.4881263180051803,0
369,Saturday,5,6.3,7,0,0.483325421411761,0
24,Tuesday,4,8.4,7,1,0.46710669840395164,0
384,Saturday,3,7.5,8,1,0.5724845924288305,1
431,Wednesday,6,4.8,8,2,0.5219327712463606,0
455,Tuesday,8,5.9,6,2,0.4128190461831963,1
83,Sunday,8,5.6,6,2,0.7830018071078916,1
470,Saturday,7,6.6,8,0,0.2353721959690373,1
319,Sunday,6,7.8,6,2,0.3840822542003943,0
185,Tuesday,9,7.4,5,0,0.2919227430301577,1
439,Monday,7,7.7,7,1,0.06148193515688894,0
316,Thursday,7,6.0,8,1,0.5062679137458698,1
99,Thursday,4,6.3,8,2,0.4880480075102572,1
62,Tuesday,3,7.2,7,3,0.8266788267966818,1
286,Saturday,8,8.4,6,0,0.6719092100794524,0
477,Thursday,10,6.5,6,0,0.18250888618253783,0
22,Wednesday,7,7.5,8,0,0.1431228362167916,0
459,Thursday,8,6.0,7,1,0.3168924819603195,1
212,Thursday,8,4.1,7,5,0.6792661040300096,0
126,Monday,7,7.8,7,0,0.07730830427612945,0
413,Sunday,3,8.1,8,0,0.29986336095821947,1
499,Wednesday,8,6.6,7,3,0.6787202210487758,1
425,Monday,10,6.9,6,2,0.2718270746037932,0
42,Saturday,8,8.8,6,1,0.3302459652776021,1
98,Sunday,6,7.4,7,3,0.7302141903298436,1
449,Saturday,7,3.9,6,3,0.9338753198043769,1
31,Saturday,7,5.0,7,3,0.6433576680926861,1
158,Thursday,9,8.3,7,1,0.4964854468872178,0
112,Sunday,7,8.1,7,0,0.18120340265392848,0
402,Monday,8,8.1,6,0,0.06202496673765871,0
247,Friday,9,8.5,5,0,0.2217421177523841,1
122,Friday,8,8.4,7,1,0.17924521163117177,0
273,Monday,7,5.0,8,3,0.6306808770550512,1
294,Thursday,4,6.5,8,0,0.2435313028673045,0
398,Thursday,8,5.6,6,1,0.6498271361387445,1
471,Friday,9,6.9,5,1,0.3720540204141863,0
473,Monday,3,5.1,8,5,0.8988597570149593,0
207,Saturday,8,7.5,6,1,0.6528236000074127,1
110,Monday,7,4.6,7,3,0.731965803436095,1
440,Wednesday,2,6.3,8,0,0.5448314329424678,1
278,Saturday,7,9.2,7,3,0.511216268953253,0
451,Thursday,9,5.9,6,2,0.1477299441602084,0
56,Wednesday,7,5.9,8,2,0.34036783781013114,1
375,Monday,3,6.9,7,0,0.2550373361306002,0
403,Friday,7,6.9,7,3,0.6825142133666464,1
57,Sunday,9,7.8,5,0,0.3608783454797737,0
428,Sunday,5,6.4,7,1,0.5337690979162746,0
482,Friday,6,6.0,7,1,0.7356325223488248,0
291,Monday,6,6.8,6,2,0.7921383798833693,0
114,Tuesday,7,7.9,6,3,0.6176738855489292,0
381,Tuesday,6,5.8,7,1,0.4098129919806654,0
385,Wednesday,9,6.5,5,2,0.4229148716806581,0
308,Tuesday,9,4.4,5,2,0.34147795328627395,0
341,Tuesday,5,6.2,6,1,0.500044750464523,0
477,Thursday,9,6.9,5,0,0.20684180690839002,0
198,Tuesday,3,7.7,9,0,0.26577157124181433,1
421,Friday,5,5.8,8,2,0.6675509747514861,0
321,Sunday,8,7.6,7,0,0.08962268848707744,0
179,Thursday,7,7.0,7,1,0.5896367921405982,1
385,Friday,7,4.5,8,5,0.8871304922145562,1
219,Friday,7,5.2,6,1,0.531385230036594,0
277,Wednesday,6,7.3,6,2,0.5141892343063148,0
437,Monday,9,6.8,7,0,0.19491866150650128,0
16,Monday,8,6.8,6,0,0.11211074693968162,0
492,Tuesday,6,5.6,7,1,0.7263684085387594,1
379,Friday,9,5.0,7,3,0.900452336672838,1
61,Sunday,8,8.0,7,1,0.5069486571634554,1
54,Sunday,6,7.6,8,1,0.48302651225087523,1
168,Monday,6,4.4,7,2,0.2228956455455889,0
26,Sunday,4,7.3,10,2,0.1553456465489094,0
336,Wednesday,5,8.8,7,0,0.13780517961920355,0
476,Saturday,6,8.1,8,1,0.2084778821150532,0
65,Tuesday,7,5.6,7,2,0.6100559595690669,1
100,Monday,5,6.9,6,0,0.4255643431041606,0
74,Wednesday,7,6.5,7,1,0.46010728025784714,1
192,Saturday,6,9.4,7,1,0.45511870935697185,1
171,Tuesday,5,5.3,7,4,0.9193342406404496,1
273,Monday,8,8.3,6,1,0.23587538357148616,0
377,Sunday,7,6.0,7,1,0.6158767772716393,0
187,Sunday,6,7.8,8,2,0.3009814652644461,1
23,Monday,8,7.5,6,0,0.27811132412698014,0
391,Friday,4,8.1,8,2,0.24661429198631124,1
428,Tuesday,4,7.6,8,1,0.09393430159005112,0
181,Wednesday,6,4.9,8,5,0.7380240257231176,0
327,Wednesday,6,6.7,8,2,0.36870447438605664,0
108,Wednesday,8,7.3,6,1,0.5198954948734639,0
335,Thursday,5,8.0,8,1,0.4602639775369486,1
162,Thursday,5,5.3,6,2,0.7209574901574025,0
302,Wednesday,9,5.6,5,2,0.45875699380202944,1
493,Friday,4,4.9,8,3,0.8878541024088481,1
452,Friday,9,6.7,6,1,0.19688421377781515,0
206,Wednesday,7,7.0,7,1,0.2394348770975124,0
78,Monday,5,7.1,7,3,0.6754839176705375,1
16,Friday,4,6.4,8,1,0.3692182217819188,1
327,Friday,6,6.6,7,1,0.5425364446689167,0
96,Thursday,8,6.6,5,1,0.30027712329569023,0
147,Thursday,6,6.4,8,3,0.814577989232009,1
2,Tuesday,8,4.5,7,4,0.9020638051674622,1
10,Friday,8,5.6,7,1,0.6291841745040095,1
434,Wednesday,8,7.3,6,1,0.49415331801777085,0
125,Sunday,8,6.9,6,1,0.4793183922992293,1
81,Friday,5,6.1,8,2,0.14320717636292152,0
485,Tuesday,8,8.2,7,2,0.25501486027036374,0
140,Wednesday,10,8.0,7,3,0.0665134437571162,0
326,Saturday,8,6.5,6,0,0.3923165543834938,1
150,Wednesday,6,8.5,6,0,0.10436076318355404,0
288,Thursday,5,6.5,7,4,0.6797666313652401,1
361,Friday,7,7.7,7,0,0.13163552615213736,1
340,Friday,8,6.7,7,4,0.7495831604128254,1
129,Tuesday,7,5.9,7,3,0.7511090700496658,0
438,Thursday,4,7.7,8,1,0.1882426145424139,0
239,Sunday,8,6.3,5,0,0.5879733002394203,0
58,Sunday,8,7.2,5,1,0.42065292010631883,1
198,Friday,5,6.7,7,1,0.35311146308674807,0
211,Sunday,8,6.9,7,0,0.19720126784867317,1
402,Thursday,7,5.1,7,4,0.3545462361740563,1
390,Wednesday,7,7.3,6,1,0.2387607091730461,0
45,Thursday,8,7.8,6,0,0.44904909918646296,0
97,Monday,7,6.9,7,0,0.39577409959788323,0
279,Wednesday,6,5.8,7,3,0.645768634063104,1
23,Wednesday,7,9.3,7,1,0.16957768983056598,0
410,Saturday,7,7.1,7,1,0.6047240670410048,0
461,Friday,7,6.4,8,1,0.45126838620711823,1
391,Thursday,6,3.5,7,3,0.8535434087741565,1
335,Wednesday,7,5.2,7,1,0.47316456185019773,1
44,Tuesday,6,8.1,8,0,0.07064931684740694,0
27,Wednesday,4,10.0,10,3,0.06392717725439466,0
282,Friday,8,8.2,7,0,0.30409107328564144,1
97,Tuesday,9,5.4,5,3,0.6268039176207353,0
463,Wednesday,7,7.3,8,3,0.30840916906866583,1
36,Wednesday,6,6.2,7,2,0.45182943214782056,1
109,Friday,7,6.3,6,2,0.7387234300894823,1
55,Saturday,5,5.8,8,3,0.9302883519487228,1
192,Friday,8,7.3,5,1,0.6262440092110909,0
219,Wednesday,8,5.2,7,1,0.4461386481910751,1
185,Wednesday,6,3.9,6,5,0.8835093139813783,1
69,Monday,7,6.2,7,2,0.423675848293362,0
317,Tuesday,4,3.6,7,5,0.9795636556407407,1
130,Tuesday,8,5.7,7,3,0.842969725624984,0
55,Monday,6,7.4,6,0,0.4690482224233212,0
378,Tuesday,1,8.1,9,1,0.4975323668216555,0
97,Tuesday,7,7.5,7,1,0.4554095567833454,1
336,Monday,6,6.4,8,1,0.3243431381403602,0
87,Friday,5,6.0,8,2,0.48089820811204226,0
294,Sunday,8,6.3,5,2,0.8519666468518647,1
119,Saturday,6,9.2,7,1,0.09897319882090397,0
208,Monday,5,5.2,7,2,0.697407675167612,1
334,Wednesday,9,6.8,7,1,0.2869380199052571,0
413,Saturday,7,8.1,8,1,0.22728542243553293,1
154,Monday,5,4.3,8,3,0.9485782324423561,1
35,Saturday,7,4.5,7,2,0.7473899775028836,1
79,Thursday,5,7.4,8,0,0.16936643592540326,0
67,Sunday,4,5.7,7,4,0.9432864419174085,1
343,Saturday,4,7.8,8,1,0.8328860570331131,1
413,Friday,8,5.6,6,1,0.39033647855072023,0
34,Friday,5,7.0,7,0,0.0949829255132774,0
97,Tuesday,5,7.2,7,1,0.4710399012956518,1
169,Monday,6,7.9,7,1,0.175830163207669,0
169,Wednesday,10,7.2,5,3,0.512523878429477,1
151,Tuesday,7,7.0,6,1,0.5716010465336909,1
71,Monday,8,8.8,5,0,0.41479468025398775,1
3,Tuesday,5,5.5,7,3,0.5177172516176075,0
314,Saturday,7,7.5,8,1,0.4529769006598111,0
32,Monday,7,7.8,7,2,0.4384825952363977,1
287,Tuesday,5,3.5,8,3,0.8322598287463968,1
82,Wednesday,6,8.5,6,1,0.38654598844136184,0
43,Thursday,5,6.5,7,2,0.552609058138092,1
391,Tuesday,7,7.2,6,0,0.19205351023248723,0
105,Sunday,6,6.8,7,2,0.16900486666937015,1
1,Thursday,5,7.2,6,2,0.3312243415219164,0
61,Thursday,6,7.0,8,1,0.3442331558396164,0
270,Monday,8,5.4,5,2,0.3679756768554205,1
180,Thursday,4,6.2,8,6,0.9742035899621048,1
224,Saturday,5,8.0,7,0,0.27964168720712396,0
6,Tuesday,7,8.5,6,1,0.2772179322710776,0
103,Wednesday,5,6.2,7,1,0.2952272417546219,0
10,Monday,9,5.2,6,2,0.5784977617523167,0
71,Sunday,9,7.8,5,2,0.7067340799814409,1
90,Monday,9,6.3,7,1,0.1014537225855616,0
226,Saturday,8,8.4,6,3,0.392963037142422,0
158,Tuesday,8,5.8,5,1,0.7526717621628117,1
228,Thursday,7,5.1,7,2,0.3478097067364503,0
405,Friday,5,8.6,7,0,0.1697699131131919,0
126,Monday,5,6.1,8,1,0.22680083562460332,1
444,Wednesday,3,5.6,9,1,0.7383764590547667,1
209,Wednesday,6,5.9,7,2,0.661262637569399,1
97,Monday,6,8.4,6,1,0.43111723603868796,0
74,Saturday,6,10.0,8,0,0.20854740345076248,0
115,Monday,10,5.8,5,3,0.8153679152505202,0
191,Friday,5,6.5,7,1,0.8244829109079984,1
495,Tuesday,6,7.1,7,1,0.08022662742868977,0
170,Tuesday,10,4.5,6,4,0.33545251200249354,0
307,Friday,5,6.1,8,2,0.2129503809481648,0
448,Thursday,4,9.0,10,0,0.059111109878323194,0
204,Tuesday,6,6.3,6,1,0.41856884908535,1
56,Thursday,5,8.2,7,1,0.5518152415545741,1
208,Tuesday,9,6.6,5,2,0.8739664268716834,1
41,Saturday,7,4.8,8,2,0.2262188700178609,0
32,Tuesday,4,7.9,9,0,0.16719498072160247,1
15,Tuesday,7,6.3,7,0,0.29074339812724426,0
62,Friday,7,8.4,8,1,0.11986539314389845,0
155,Monday,4,6.9,9,4,0.6946441185830815,1
284,Tuesday,7,6.7,7,2,0.7650586665298977,1
209,Wednesday,7,7.3,7,1,0.28573644137280607,0
320,Saturday,4,7.9,7,1,0.6228011363048981,0
494,Sunday,4,5.3,9,1,0.8122338484534771,1
187,Friday,6,8.0,6,2,0.15986811066494613,1
498,Thursday,5,6.7,7,0,0.2419706138788421,0
442,Friday,8,6.7,6,0,0.4873333087334808,0
130,Wednesday,6,7.2,7,2,0.8113349490769385,1
127,Tuesday,6,7.8,6,1,0.3772962422208743,1
292,Sunday,4,8.7,8,1,0.14255994877165423,0
114,Monday,8,7.5,6,1,0.217198670705939,0
199,Wednesday,5,4.6,8,3,0.7405768837095683,1
13,Saturday,4,7.3,8,1,0.2577980460438669,1
271,Friday,7,5.6,7,1,0.46216303221727584,1
89,Monday,9,6.9,6,1,0.216061178798629,1
215,Monday,7,6.5,7,0,0.134559773358353,0
444,Thursday,5,9.1,7,3,0.5714510829349758,1
278,Thursday,6,5.1,7,2,0.622831769957302,1
447,Wednesday,4,6.7,8,1,0.2866788908409368,1
474,Tuesday,10,6.8,6,1,0.3216850333214442,1
481,Sunday,10,6.8,6,1,0.34858706645603715,0
203,Tuesday,7,6.7,7,1,0.17690698288313583,0
74,Thursday,6,9.3,7,3,0.7032130078349987,1
25,Wednesday,4,7.1,7,3,0.8735288389526421,1
101,Tuesday,6,8.5,7,3,0.6916021150618097,1
176,Tuesday,8,6.1,6,2,0.6525621738015414,0
427,Sunday,8,8.3,5,2,0.5298509828699367,1
117,Saturday,6,6.4,8,1,0.395987163000025,0
166,Tuesday,8,5.7,6,1,0.4275726753636757,0
41,Saturday,9,5.3,5,3,0.7408129217695084,0
429,Tuesday,7,5.4,6,2,0.6135755907340202,1
344,Thursday,8,6.8,5,0,0.7848801350698698,1
424,Monday,10,8.6,7,1,0.03351426013918859,0
366,Saturday,10,7.3,5,2,0.40156506101581835,0
120,Monday,5,7.0,7,1,0.8174627068586606,1
97,Thursday,7,8.1,7,0,0.22471506148064976,0
145,Friday,8,6.3,6,2,0.1987868004848766,0
216,Monday,6,5.5,8,1,0.3744774634695065,1
229,Wednesday,9,5.7,7,4,0.6870195122945669,1
313,Monday,7,8.0,7,3,0.18249612240978097,0
130,Friday,6,6.9,6,1,0.813371046346031,1
352,Tuesday,4,6.9,8,1,0.604822641642781,1
377,Thursday,3,5.6,10,1,0.2895318800841829,1
318,Sunday,6,9.0,6,1,0.6053791399399725,0
472,Tuesday,1,8.9,10,0,0.250564358835549,1
137,Monday,9,6.9,6,0,0.2742142490325783,0
324,Friday,8,7.8,5,0,0.3339106666418201,0
337,Friday,8,5.9,7,2,0.7285110439902301,1
273,Sunday,9,8.9,7,0,0.1447722801248626,0
117,Monday,6,7.4,7,0,0.06422285079482723,0
306,Wednesday,7,5.2,7,3,0.6194806138418372,1
368,Saturday,6,7.9,7,0,0.502099050656531,1
94,Saturday,9,7.9,6,1,0.41428980527947373,0
168,Thursday,1,6.9,9,1,0.12158096311452186,0
442,Tuesday,9,7.3,6,0,0.3127269525754018,1
203,Tuesday,3,6.6,7,1,0.5994590963644302,1
341,Monday,6,6.5,6,1,0.6014351721110157,1
149,Sunday,4,7.7,8,1,0.4879610025653344,0
402,Tuesday,6,6.3,7,1,0.33214342233026867,1
183,Thursday,5,5.9,7,1,0.2464740226677309,0
413,Thursday,6,8.0,6,0,0.2870696469622396,0
152,Wednesday,8,6.0,6,1,0.5471119006992634,1
74,Wednesday,7,6.5,6,0,0.41088552833109737,0
365,Friday,8,6.1,6,0,0.34145899882854586,1
401,Wednesday,7,5.7,8,1,0.43628978196799106,0
274,Tuesday,3,8.6,10,1,0.2604427110376684,0
42,Wednesday,10,5.0,7,3,0.4646366380480437,0
496,Saturday,3,7.9,9,2,0.6607959313865456,0
212,Sunday,7,7.2,7,0,0.30770446477191005,1
101,Thursday,8,7.3,7,0,0.3712922577424498,0
45,Friday,7,6.5,6,1,0.7227138192455729,0
82,Thursday,6,7.3,8,2,0.42052162945191945,1
17,Thursday,9,7.0,6,0,0.14669376357600222,0
73,Sunday,9,8.1,6,1,0.5244956443358755,1
14,Wednesday,6,8.8,8,0,0.18935258368678662,0
433,Monday,6,4.5,7,4,0.6824295646723664,1
157,Sunday,5,7.5,8,1,0.2129576673316361,0
223,Friday,5,5.5,7,3,0.8452261635736089,1
132,Wednesday,6,5.8,7,1,0.4337310767077155,0
338,Sunday,3,6.3,8,1,0.7428472443886763,0
404,Wednesday,6,6.3,8,2,0.2591032022170953,0
376,Wednesday,8,8.0,6,0,0.2456519580803783,1
376,Thursday,5,6.2,8,0,0.29502750251736737,1
47,Tuesday,6,7.1,7,2,0.2908747751369233,1
107,Friday,7,7.8,7,0,0.2723729688248751,1
108,Monday,7,5.7,7,3,0.700037365174374,0
265,Monday,6,5.7,7,4,0.7362379932524912,1
205,Thursday,10,6.7,6,1,0.15668939547731162,0
79,Thursday,7,4.5,8,5,0.7356718514100089,1
155,Monday,4,9.1,7,1,0.25507360054513917,0
271,Sunday,6,7.4,6,0,0.3563796199809161,1
476,Thursday,9,7.4,6,0,0.18031822615461118,1
485,Monday,9,6.5,7,5,0.7100481095390424,0
247,Tuesday,3,7.5,9,1,0.386261876070833,0
19,Saturday,6,7.2,8,0,0.3605077208998163,0
346,Thursday,5,7.4,6,3,0.3623701853389225,1
436,Tuesday,8,8.3,6,0,0.10288585540896827,0
26,Monday,4,4.1,10,3,0.3912245111979501,1
217,Wednesday,10,7.5,7,4,0.6435956380238624,1
154,Wednesday,4,6.1,9,0,0.36564182524089417,0
154,Friday,6,5.4,7,1,0.7702088772941243,0
174,Sunday,4,5.7,10,2,0.5552545984546116,0
92,Tuesday,8,6.8,7,1,0.4464770635948169,1
433,Saturday,2,7.7,8,1,0.4250502913016898,0
338,Sunday,6,6.6,7,5,0.9030756986003087,1
480,Sunday,6,5.9,7,6,0.9276856998365837,1
181,Sunday,5,7.5,7,1,0.41934631579732484,1
131,Saturday,9,7.5,6,2,0.5870521028991565,0
450,Thursday,10,7.4,5,1,0.3639748264748677,0
481,Wednesday,6,7.5,8,1,0.23844439888121713,0
298,Thursday,7,8.1,7,1,0.1946188790422763,0
275,Saturday,5,8.2,7,0,0.5990414156126477,0
273,Tuesday,4,4.7,8,3,0.7521178284872284,1
492,Monday,4,6.7,8,3,0.8397869415335321,0
417,Monday,4,7.9,8,1,0.16572403588486556,0
76,Saturday,9,8.4,6,0,0.2842704908079972,0
177,Friday,7,9.6,6,2,0.109628170825479,0
184,Thursday,5,7.8,7,0,0.16602945370196848,1
319,Tuesday,5,5.1,8,2,0.5013851134490106,0
131,Friday,5,4.8,7,4,0.751974692866276,1
363,Monday,3,6.8,10,1,0.24543285036517434,0
49,Thursday,8,6.9,5,2,0.5441077622810451,1
55,Wednesday,6,6.0,8,2,0.6902354846665789,1
154,Sunday,10,8.3,6,1,0.42551000014442375,0
355,Thursday,2,3.7,8,4,0.8675005814887986,1
200,Thursday,8,6.1,7,1,0.43301778752624687,1
308,Friday,8,4.0,5,6,0.9028163705598666,1
356,Thursday,9,5.8,6,2,0.5514117300653198,0
373,Tuesday,7,6.3,7,1,0.3322023263172808,0
118,Thursday,8,8.0,5,1,0.5795951872169524,0
263,Sunday,7,5.9,7,1,0.7857887567589333,1
46,Wednesday,5,6.5,6,0,0.5628881924618931,0
302,Friday,6,6.1,8,1,0.21346638492076034,0
356,Sunday,6,7.3,7,0,0.46630462959287966,0
400,Saturday,9,6.9,5,1,0.5546171844874926,1
408,Friday,9,6.4,5,0,0.3760545681100247,0
189,Friday,8,5.9,5,3,0.8178731205229155,0
310,Sunday,7,7.8,6,1,0.25957136079075915,0
318,Sunday,2,8.7,9,2,0.6365408242181945,0
129,Sunday,8,7.5,7,0,0.11068495213688752,0
49,Thursday,8,9.1,5,1,0.09424564627275635,0
25,Wednesday,7,6.8,7,3,0.42413317492793434,0
266,Monday,7,7.7,7,1,0.49089194376364526,0
118,Wednesday,5,5.8,6,2,0.9401576179329211,1
464,Sunday,6,7.3,6,0,0.42478178084084045,0
144,Saturday,5,7.0,6,1,0.6692994307223549,1
442,Thursday,6,5.2,8,1,0.5022719998961853,1
200,Thursday,8,5.8,6,3,0.44050119008381106,1
157,Tuesday,7,7.1,7,1,0.4330687735520966,0
487,Wednesday,4,8.2,10,1,0.15721705484194204,0
348,Friday,10,7.4,7,1,0.06604808352630948,0
134,Wednesday,7,7.1,7,3,0.49016254264839815,0
400,Tuesday,5,5.7,7,2,0.6325374157547817,1
148,Thursday,6,7.3,7,3,0.3137037103575616,1
336,Tuesday,5,5.9,6,2,0.694836868729902,1
71,Sunday,7,6.0,8,4,0.9267489177589935,1
233,Wednesday,4,5.6,9,1,0.3376790429518784,0
334,Sunday,7,7.3,7,1,0.24571887677688362,0
299,Tuesday,8,6.1,5,0,0.348820218248044,0
154,Tuesday,8,7.0,7,0,0.4863879240000362,1
90,Thursday,7,6.2,7,1,0.31718119819834745,0
334,Friday,8,7.0,5,0,0.2996263335060363,0
199,Thursday,7,6.3,6,0,0.41762789703207115,0
161,Tuesday,9,6.6,6,2,0.5351046382858433,1
26,Monday,6,5.5,7,3,0.4140161413687893,0
121,Thursday,5,8.4,6,0,0.11637393719250512,0
301,Monday,7,4.7,6,4,0.8995077238626678,1
212,Wednesday,9,9.7,7,0,0.024463935690037242,0
63,Friday,6,7.3,6,0,0.24463016131615348,0
451,Monday,10,4.8,5,2,0.3136448806397986,0
436,Monday,7,6.8,7,1,0.22894290054161587,0
68,Monday,8,7.0,5,0,0.583616214258733,0
253,Sunday,4,9.2,9,1,0.14335584837058526,1
410,Wednesday,8,5.1,6,3,0.6302500196632043,0
459,Sunday,7,5.8,6,2,0.7363247982984457,1
2,Tuesday,10,7.1,5,1,0.4087350972885557,0
398,Friday,8,6.9,5,2,0.5974486954048978,0
108,Tuesday,8,8.5,6,0,0.10961939288737979,0
286,Thursday,5,5.5,8,1,0.7668282784251659,0
49,Saturday,7,6.1,7,2,0.5860116468248822,0
140,Saturday,9,9.6,6,1,0.07835430550328958,0
218,Friday,6,6.6,6,1,0.17860107395748687,0
44,Saturday,5,6.5,8,0,0.6418395303558716,0
417,Tuesday,10,7.5,6,2,0.29632909152616527,0
269,Thursday,6,4.2,7,5,0.6664507724761111,1
78,Thursday,8,7.2,5,0,0.708617054238457,1
216,Saturday,6,6.6,7,0,0.554611795160543,1
382,Tuesday,6,6.1,8,1,0.21844696273243,0
98,Sunday,6,9.0,7,1,0.3042961786536938,0
236,Wednesday,8,7.2,6,1,0.26694190094800585,0
282,Friday,9,5.3,5,2,0.6316414862143169,1
149,Tuesday,5,6.8,7,1,0.417216217378615,0
412,Wednesday,9,6.8,7,3,0.33786748544264866,1
304,Friday,7,6.4,8,1,0.2076487051510852,1
484,Thursday,6,5.5,8,2,0.48030985589246533,0
424,Sunday,8,7.7,6,2,0.4806795235485584,1
66,Friday,9,7.5,7,0,0.06692871403628908,0
234,Thursday,8,7.2,7,0,0.0806565982145066,0
457,Saturday,5,6.5,8,1,0.6619161475124716,1
87,Friday,7,6.5,8,0,0.24254110138167806,0
79,Friday,8,4.1,6,2,0.7568363456928912,1
205,Tuesday,5,8.6,7,1,0.09815395005787085,0
279,Wednesday,7,6.0,7,2,0.48677609654285087,0
337,Friday,5,6.1,8,1,0.7475869964381494,1
254,Saturday,8,5.8,6,3,0.7797533442658534,0
304,Tuesday,9,7.7,5,2,0.2768280681925106,0
380,Tuesday,6,7.9,6,1,0.2173964486794487,0
130,Thursday,8,6.0,5,4,0.9475226389384931,1
84,Monday,9,5.3,6,2,0.21738268018162832,1
276,Friday,6,6.7,6,0,0.376913131734384,1
187,Friday,7,6.3,7,3,0.37670383786021105,0
46,Wednesday,9,7.6,7,1,0.3781115347341532,0
387,Saturday,10,7.2,7,0,0.09112903288161511,0
183,Thursday,6,6.5,7,7,0.7689728555543002,1
268,Friday,4,7.5,9,1,0.23336903133051679,0
296,Tuesday,8,4.8,7,4,0.6705750873541361,1
322,Wednesday,7,6.3,8,1,0.07453455160247242,0
100,Saturday,7,7.6,7,1,0.4114682747458639,1
78,Tuesday,5,6.2,7,0,0.4491959047013412,1
272,Wednesday,8,7.0,6,1,0.21560393852116483,0
339,Tuesday,5,7.0,7,1,0.23094151324102294,1
162,Monday,5,7.8,8,2,0.3490171793876724,0
44,Tuesday,6,6.4,7,0,0.38899161253508946,0
238,Tuesday,8,4.3,6,3,0.8448659250045923,1
134,Sunday,4,5.5,8,1,0.6613452811314684,0
461,Friday,4,7.3,7,0,0.21169072526590768,0
192,Tuesday,5,6.9,7,0,0.4077992626982954,0
356,Friday,10,6.4,6,1,0.303380591609285,0
278,Monday,7,6.5,7,2,0.6494310845961712,0
18,Thursday,4,5.9,7,3,0.6645986668682922,1
12,Tuesday,6,5.9,8,1,0.6198099550868665,0
180,Monday,8,6.0,6,2,0.8169034313785513,0
123,Saturday,10,7.1,6,2,0.2962686570547983,0
246,Tuesday,3,6.8,7,0,0.6176986211264639,1
222,Saturday,4,7.3,8,2,0.5942514954442839,0
373,Wednesday,6,6.3,7,1,0.33407868452448863,0
51,Monday,6,7.5,7,1,0.34297956688021886,0
488,Friday,6,7.7,8,3,0.2822174858997673,0
71,Thursday,6,8.3,7,1,0.43185901986283526,1
480,Wednesday,10,6.5,7,0,0.10645181506337043,0
48,Tuesday,4,6.1,8,1,0.2490707214380599,0
19,Monday,7,6.6,7,0,0.21838246618283502,0
262,Sunday,8,6.7,6,2,0.7898107054252289,1
84,Thursday,4,6.7,10,0,0.03329314349092205,0
155,Monday,9,7.2,5,1,0.6265071677989791,1
53,Saturday,6,7.5,8,2,0.11178454623525351,0
107,Tuesday,4,6.5,7,0,0.46856085860234287,1
357,Tuesday,10,7.5,7,4,0.29577778216017336,1
304,Tuesday,8,8.7,6,2,0.1013961181898705,0
135,Thursday,5,5.9,8,1,0.21055778259709831,0
443,Monday,8,7.1,6,0,0.446780093396925,1
69,Thursday,7,6.5,6,1,0.5788676804356289,1
11,Saturday,3,6.4,7,2,0.6626585039401414,1
143,Tuesday,4,5.8,8,1,0.31635965426487556,1
192,Wednesday,7,6.2,7,0,0.42214966659013414,0
387,Wednesday,3,8.6,9,1,0.15236298613330582,0
378,Thursday,9,7.8,5,2,0.7674026504833875,1
69,Sunday,4,6.3,8,1,0.535058907332741,1
23,Wednesday,8,7.4,6,0,0.2736585691108034,0
181,Monday,9,5.5,5,1,0.26970443281338125,0
293,Wednesday,7,5.9,7,3,0.24582520589955928,0
9,Tuesday,1,8.3,8,2,0.36525245154792235,0
271,Friday,9,9.1,7,1,0.06719346122713082,0
387,Monday,6,4.4,6,6,0.9210138675821353,1
93,Tuesday,6,6.7,8,0,0.20907125843611876,0
454,Thursday,5,7.2,7,0,0.20145343843164867,0
17,Tuesday,10,6.4,5,0,0.21926958506412966,0
154,Thursday,7,6.9,8,1,0.4037661053031223,1
405,Monday,6,6.2,7,2,0.7820070653741374,1
328,Sunday,9,8.2,7,1,0.34424610181414267,0
149,Tuesday,8,6.3,6,2,0.4531342993132022,0
377,Sunday,4,8.1,8,0,0.29006184600810847,1
267,Wednesday,7,7.9,8,0,0.15076225313671288,0
422,Friday,7,7.7,6,1,0.4475982790022542,0
328,Tuesday,4,6.5,10,1,0.36468723257457647,1
106,Friday,8,4.0,6,3,0.700566408362389,1
472,Wednesday,6,7.3,8,0,0.41456750725996405,0
381,Thursday,10,5.0,6,2,0.6277597334287617,1
35,Friday,9,7.3,6,2,0.1900580134623434,0
119,Thursday,7,7.2,6,1,0.10560074717419023,0
14,Thursday,6,6.5,6,2,0.7518063586998779,1
14,Monday,2,6.8,8,2,0.5446658258501492,0
266,Tuesday,8,8.4,6,3,0.5390627180519729,1
140,Thursday,6,8.3,8,1,0.06140534868127046,0
294,Monday,6,6.3,8,0,0.275512098049546,0
364,Tuesday,7,4.4,7,3,0.6452495897549774,1
119,Tuesday,10,8.6,6,0,0.02961763556885273,0
238,Tuesday,9,4.8,6,2,0.724654511668976,1
34,Thursday,9,6.8,6,0,0.07362095121744106,0
169,Thursday,4,6.6,10,1,0.2185164268265274,0
10,Sunday,10,7.9,7,3,0.2163312781182532,0
122,Wednesday,6,8.3,6,0,0.47444505101021117,0
401,Sunday,8,7.5,6,1,0.6140707528307618,1
145,Friday,8,6.1,6,1,0.37036806946586054,0
451,Sunday,6,7.7,8,2,0.17848784241665788,0
446,Saturday,7,5.8,7,1,0.8849096305161631,1
223,Friday,3,5.9,8,3,0.8014600812661121,1
371,Wednesday,7,6.4,7,1,0.39904497262133987,1
257,Tuesday,6,7.4,6,2,0.3178794892869545,0
268,Tuesday,10,8.4,6,0,0.15244149382561611,1
359,Sunday,7,8.7,7,0,0.5319775930920774,1
4,Sunday,5,8.5,8,1,0.40317902769848785,0
426,Friday,7,8.0,7,2,0.39446800068204046,1
397,Saturday,5,8.1,8,1,0.5549331814694584,1
354,Sunday,4,7.5,7,2,0.6649209697110049,1
106,Thursday,7,5.5,8,2,0.5497708741533035,1
85,Thursday,7,6.7,8,1,0.24817664658773622,0
214,Wednesday,8,4.7,5,2,0.6553958620328028,1
121,Wednesday,9,6.1,6,0,0.17182294015213598,0
132,Monday,10,6.8,6,0,0.29919633025583436,0
338,Wednesday,7,6.8,7,2,0.28664088402199966,0
197,Friday,8,5.9,6,2,0.5595306370294426,0
19,Wednesday,7,4.6,8,3,0.6843341381649617,0
130,Saturday,2,6.7,8,1,0.9196529930998276,1
12,Wednesday,9,6.4,7,2,0.5708974833299336,1
81,Monday,8,6.9,5,1,0.0838685117562805,0
330,Saturday,8,8.2,5,1,0.4204449377550146,1
354,Friday,5,6.3,6,0,0.47395047153470654,1
262,Tuesday,5,6.2,6,2,0.600088690904372,1
392,Thursday,6,5.9,7,1,0.7678981623651666,1
125,Wednesday,8,6.6,6,2,0.6066729203489267,1
307,Sunday,3,8.5,7,3,0.6819304068816694,1
267,Thursday,7,5.4,7,3,0.626546944815653,0
447,Monday,10,4.3,6,6,0.7376060800057991,1
441,Thursday,6,7.0,6,1,0.27172352965668317,0
383,Saturday,3,8.8,7,0,0.4505668176614289,1
140,Friday,6,7.1,6,0,0.15955045945706542,1
329,Saturday,7,6.2,6,0,0.5025214369088642,1
2,Tuesday,7,6.6,7,3,0.5477136157501414,1
8,Saturday,7,7.5,6,2,0.3852800536301257,0
250,Friday,10,7.6,6,3,0.45329133221415824,1
139,Friday,7,5.7,6,4,0.883456352295584,1
124,Wednesday,7,8.6,7,1,0.18388893065218095,0
309,Saturday,5,6.9,7,2,0.8331025968123547,1
228,Thursday,8,5.9,6,4,0.6245582537472394,1
10,Saturday,10,7.7,6,0,0.3189433602604959,1
469,Wednesday,5,5.0,7,3,0.8227293104748648,1
212,Monday,6,9.2,7,1,0.05280884539020286,0
112,Wednesday,2,7.3,9,0,0.2687241826207401,1
8,Wednesday,5,6.4,7,1,0.19739798364235792,1
292,Thursday,10,5.5,5,2,0.16636214501034954,0
477,Thursday,6,6.5,8,2,0.3751273648755336,1
362,Thursday,7,7.9,8,2,0.22484150001315661,1
460,Saturday,5,6.9,8,2,0.44373847046898457,0
253,Tuesday,7,5.8,7,2,0.3799715733861112,0
14,Tuesday,6,7.5,6,1,0.46493902999442815,1
240,Saturday,7,6.1,8,1,0.8956919209433976,1
438,Thursday,7,7.0,6,1,0.28584912569846016,0
242,Thursday,9,7.2,7,0,0.23345342506105132,1
469,Wednesday,7,7.2,7,1,0.36698397610518635,1
342,Thursday,5,7.2,6,0,0.23906769564266386,0
149,Tuesday,5,5.6,6,3,0.6290702096391597,0
236,Thursday,3,6.5,8,1,0.5941115943883074,0
306,Sunday,7,7.1,6,1,0.4605521460638162,0
478,Thursday,6,6.9,7,1,0.2656113797403053,0
167,Monday,10,4.5,5,2,0.5361503662454146,0
20,Friday,4,5.0,7,7,0.9912279482927232,1
216,Wednesday,5,9.3,7,3,0.7285246846973198,1
343,Monday,5,7.6,6,0,0.660394888140764,1
135,Saturday,6,7.1,7,2,0.25580763583902794,0
393,Tuesday,4,6.8,9,2,0.4156042975723239,0
129,Sunday,6,9.8,7,1,0.28760163392105986,0
410,Wednesday,7,4.5,8,3,0.7078139636466921,0
422,Friday,7,6.8,7,3,0.4374581445257219,1
294,Thursday,9,6.3,5,0,0.30676666945349823,1
246,Tuesday,6,8.2,8,0,0.41356750829083166,0
189,Friday,6,7.4,7,4,0.5636231210610152,0
44,Sunday,9,10.0,6,2,0.11837064457174802,0
86,Friday,6,7.7,7,1,0.3000286252527531,1
44,Thursday,4,6.2,9,0,0.24131542377610748,0
330,Sunday,4,7.1,10,0,0.39858678800616476,0
375,Tuesday,4,7.5,10,2,0.2481285468298539,0
446,Monday,4,8.4,10,1,0.27610594447401343,1
378,Monday,10,5.8,6,1,0.4121358401728482,1
390,Friday,4,7.0,10,1,0.17057968421065564,0
145,Saturday,6,5.0,7,2,0.6531948621499895,1
51,Thursday,7,6.3,6,0,0.6100664039678807,0
242,Sunday,6,9.5,6,1,0.3073351525992306,0
294,Friday,5,8.5,7,1,0.5483349344265885,1
408,Wednesday,7,7.6,8,1,0.31912643096717047,0
51,Tuesday,3,8.8,7,1,0.15342939572797715,0
266,Sunday,4,7.1,8,0,0.5773299572209716,1
120,Monday,9,6.6,7,1,0.48127795373008636,1
200,Thursday,4,6.4,9,1,0.2140303601641863,0
405,Tuesday,9,7.5,6,2,0.43461873005381596,0
248,Tuesday,9,10.0,5,0,0.18718450712114715,0
70,Friday,9,7.1,5,3,0.5827358989787014,0
341,Tuesday,8,5.3,5,1,0.7274661275961499,1
57,Sunday,4,6.1,8,3,0.877419878169547,1
382,Wednesday,3,5.7,9,2,0.35780841986373774,0
39,Friday,4,5.7,8,3,0.7893640396026582,1
472,Friday,5,5.6,6,2,0.8950721953078468,1
289,Friday,4,7.0,7,1,0.8015319206245765,1
443,Sunday,5,5.7,7,1,0.7636128731929157,0
18,Tuesday,8,7.3,7,3,0.09162119262527148,0
440,Monday,8,7.9,7,1,0.24059754861952812,0
220,Monday,7,6.0,7,1,0.4604413196001018,0
313,Saturday,6,7.8,7,1,0.3063938089698272,0
244,Sunday,6,8.2,7,1,0.2779456876154278,1
352,Tuesday,7,7.8,8,2,0.38154916248704396,0
460,Friday,6,6.8,7,4,0.29780504804544583,0
304,Monday,8,5.6,6,2,0.4976481502221972,0
298,Tuesday,4,6.8,9,3,0.5620342481113372,0
283,Friday,5,6.5,6,0,0.2835441807760377,0
74,Monday,5,6.9,7,0,0.4241823140549957,0
110,Wednesday,7,5.5,8,2,0.5636789038084186,0
180,Friday,4,4.9,9,4,0.9030965188651546,1
426,Friday,5,4.3,8,2,0.7126731866203867,0
32,Wednesday,7,4.6,7,4,0.8962298229113773,1
234,Thursday,5,4.5,6,4,0.9030766526965496,1
282,Thursday,8,7.9,7,0,0.21541247799954252,0
25,Monday,8,7.0,5,2,0.6472609957096354,0
331,Friday,5,6.7,6,0,0.5348817925023897,0
279,Tuesday,7,6.3,7,0,0.1375578171520753,0
226,Monday,10,4.4,7,4,0.40032543037125184,1
57,Wednesday,8,7.2,6,0,0.2822492931719855,1
180,Saturday,7,7.7,8,2,0.7599792097375787,0
232,Monday,10,6.8,6,1,0.1570063702555606,0
382,Monday,5,5.8,8,2,0.4165925846238711,0
343,Monday,9,5.9,7,1,0.720970815748524,1
477,Wednesday,7,7.3,7,1,0.26477441527965007,1
287,Thursday,9,5.8,6,2,0.5395038561237213,0
64,Tuesday,5,8.0,7,1,0.4683145571587833,0
455,Saturday,9,9.3,6,1,0.09723513257650918,0
232,Friday,3,8.0,10,4,0.16202210644488277,0
289,Friday,6,6.8,8,0,0.3199017042041152,0
213,Thursday,7,6.6,7,2,0.21893234836658468,0
258,Wednesday,8,6.8,6,0,0.29021054253815054,0
18,Wednesday,2,7.5,10,2,0.1582464245810992,0
175,Thursday,4,8.4,8,3,0.3833680996799103,0
417,Monday,4,7.4,10,1,0.23968833760770758,0
229,Friday,5,4.7,8,3,0.6838226768910203,0
226,Wednesday,5,5.6,6,3,0.7282619246039547,1
84,Tuesday,7,6.5,8,2,0.13022353646167983,0
291,Tuesday,9,7.9,7,1,0.26201781319023154,0
435,Tuesday,6,9.4,6,3,0.7399045635476831,1
370,Sunday,10,7.5,6,1,0.5793914164504237,1
246,Tuesday,7,7.5,8,1,0.29519051737114355,0
402,Saturday,6,5.5,6,1,0.4083892153991498,0
110,Thursday,9,5.9,6,3,0.5198720355626288,0
254,Saturday,6,7.8,7,1,0.25601765032720036,0
88,Wednesday,5,4.2,6,2,0.928837914901886,1
72,Sunday,9,7.7,5,0,0.4027383001916841,1
381,Tuesday,6,6.2,7,2,0.511817332691442,1
30,Thursday,10,6.8,6,3,0.13318202852790503,0
172,Monday,6,5.8,7,2,0.6499541264925323,1
309,Wednesday,4,7.3,7,2,0.28839627651937244,0
394,Thursday,5,8.0,8,1,0.08234941549270453,0
343,Thursday,5,7.6,8,4,0.8086412811580709,0
436,Wednesday,6,7.6,7,3,0.5477997175257716,0
177,Monday,5,7.4,6,0,0.39381749289736984,1
139,Friday,4,6.7,7,1,0.7520943182850178,1
194,Thursday,6,6.2,6,0,0.22732218108508195,1
186,Monday,7,7.8,7,1,0.19273518106730364,0
218,Sunday,7,6.3,8,2,0.17267136284854315,1
164,Sunday,6,8.0,6,0,0.6160639648787498,1
161,Saturday,9,8.0,5,1,0.37927070758590364,1
431,Saturday,7,6.1,7,1,0.589809737356417,0
13,Monday,2,5.6,9,2,0.3056863167369833,0
296,Sunday,7,8.0,7,2,0.2025524942521773,0
89,Wednesday,7,7.0,8,3,0.22716852073168414,0
324,Tuesday,8,7.1,6,1,0.22697874170351764,0
42,Saturday,4,7.1,8,2,0.5114750753955772,0
403,Tuesday,9,8.5,5,0,0.24275406286011125,0
210,Thursday,7,7.4,7,1,0.054183873112150754,0
229,Monday,7,8.3,6,1,0.28797374659027086,0
350,Wednesday,8,6.4,7,1,0.21805098435925382,0
275,Thursday,9,7.9,5,2,0.7408723685728335,1
442,Wednesday,9,6.3,5,0,0.39295821129145003,0
279,Monday,2,6.3,7,1,0.8059190111506122,1
251,Thursday,4,5.2,7,1,0.7069137733468496,1
310,Wednesday,6,7.2,8,1,0.07190075803337329,0
208,Tuesday,4,5.5,8,2,0.9298795109865086,1
321,Sunday,5,6.7,7,0,0.23501563911150727,1
140,Wednesday,6,5.1,7,1,0.23264861504892492,0
280,Saturday,6,5.1,7,2,0.46037858277253396,1
34,Monday,6,6.6,8,3,0.19314680775173332,1
309,Tuesday,9,5.8,5,1,0.2250737720097813,0
392,Tuesday,10,7.1,5,0,0.3969932377157991,0
18,Wednesday,7,6.6,6,3,0.48947665200961554,0
57,Monday,9,8.0,6,2,0.42777674792110437,0
112,Wednesday,6,9.0,7,1,0.08471110949070486,0
5,Wednesday,5,8.1,7,0,0.17102590473201776,0
410,Tuesday,6,6.7,8,2,0.35359682593961317,0
414,Friday,6,7.5,6,0,0.4856420881093818,1
