time_of_day,subject_type,session_duration_inmin,breaks_taken_count,day_of_week,Normalized_focus_Score
Evening,DBMS,51.1,6,Sunday,52.08
Night,Java,46.6,2,Saturday,40.96
Morning,Ai,29.4,4,Thursday,70.09
Evening,Java,76.8,7,Friday,64.32
Evening,Java,62.4,6,Wednesday,56.96
Night,DBMS,105.2,9,Friday,46.03
Morning,Aptitude,13.5,7,Saturday,51.26
Morning,Operating Systems,80.8,1,Thursday,60.22
Evening,DBMS,93.9,6,Saturday,58.04
Afternoon,Machine Learning,93.5,3,Monday,38.34
Evening,DBMS,107.5,8,Sunday,55.01
Evening,Machine Learning,90.2,1,Tuesday,56.44
Evening,Java,112.1,10,Tuesday,58.45
Evening,Ai,46.6,2,Saturday,48.73
Night,DBMS,65.4,3,Tuesday,43.39
Morning,Machine Learning,11.5,3,Tuesday,54.9
Night,DBMS,10.8,7,Thursday,54.95
Night,Ai,36.4,8,Tuesday,52.79
Night,Java,21.1,9,Thursday,46.86
Evening,DBMS,38.6,7,Monday,55.17
Afternoon,DSA,29.5,8,Wednesday,48.96
Morning,Machine Learning,13.1,6,Wednesday,56.43
Afternoon,Ai,110.0,2,Wednesday,40.6
Night,Machine Learning,10.9,1,Sunday,40.2
Night,Machine Learning,91.0,3,Thursday,53.14
Afternoon,Python,26.7,9,Thursday,53.47
Afternoon,Ai,110.3,7,Thursday,46.91
Afternoon,DBMS,108.2,2,Monday,51.3
Night,Machine Learning,81.9,1,Friday,41.9
Night,Aptitude,83.9,2,Thursday,40.02
Morning,Python,10.6,3,Thursday,56.4
Morning,DSA,118.3,6,Wednesday,59.18
Night,Machine Learning,106.6,9,Saturday,32.69
Afternoon,Java,108.5,8,Sunday,47.08
Afternoon,Machine Learning,82.5,10,Tuesday,47.57
Morning,Python,47.9,9,Tuesday,65.6
Night,DBMS,108.3,8,Monday,44.2
Morning,Aptitude,42.1,7,Tuesday,54.74
Morning,Java,71.9,6,Friday,60.77
Evening,DSA,21.0,8,Wednesday,59.22
Evening,Java,111.4,6,Monday,52.36
Evening,Machine Learning,25.5,2,Tuesday,61.03
Afternoon,DBMS,34.7,9,Tuesday,50.58
Night,Ai,71.4,9,Saturday,40.21
Night,Aptitude,94.1,3,Wednesday,41.87
Night,Ai,78.1,9,Monday,45.98
Night,Aptitude,35.5,2,Wednesday,44.53
Evening,DSA,10.1,3,Monday,47.57
Afternoon,Operating Systems,93.3,6,Sunday,54.96
Afternoon,Aptitude,118.4,4,Sunday,45.32
Evening,Operating Systems,99.1,8,Tuesday,62.92
Afternoon,Ai,60.6,1,Wednesday,44.54
Evening,Aptitude,109.4,6,Wednesday,59.81
Night,DSA,55.1,2,Friday,50.78
Evening,Python,67.7,6,Sunday,60.36
Night,DSA,62.5,1,Saturday,43.0
Night,DSA,59.2,2,Wednesday,48.98
Morning,Python,95.3,9,Monday,64.34
Evening,Python,67.9,6,Friday,51.85
Morning,DBMS,44.8,8,Wednesday,62.07
Evening,Aptitude,38.4,7,Wednesday,49.55
Evening,Ai,14.2,9,Friday,48.87
Morning,DBMS,74.2,9,Tuesday,61.4
Morning,Python,35.3,4,Wednesday,59.05
Evening,Operating Systems,26.3,7,Thursday,62.95
Afternoon,Ai,81.9,5,Saturday,55.42
Night,Operating Systems,84.9,7,Tuesday,58.69
Morning,DSA,92.7,4,Wednesday,52.18
Night,Machine Learning,65.4,10,Tuesday,37.35
Afternoon,DSA,108.3,1,Monday,53.34
Afternoon,DSA,113.0,4,Tuesday,47.42
Afternoon,Machine Learning,98.8,10,Friday,44.38
Morning,Aptitude,79.9,3,Wednesday,58.08
Afternoon,Python,43.4,9,Tuesday,51.64
Morning,Operating Systems,118.1,5,Thursday,63.31
Afternoon,DSA,40.2,4,Monday,39.93
Night,Machine Learning,32.3,8,Monday,45.04
Night,DBMS,58.6,5,Sunday,41.04
Evening,DSA,16.3,3,Tuesday,50.04
Night,Operating Systems,117.6,2,Friday,51.94
Evening,Python,74.7,8,Monday,54.85
Night,DSA,71.3,2,Sunday,39.28
Morning,DSA,82.1,8,Tuesday,57.6
Night,Aptitude,64.7,5,Tuesday,52.81
Evening,Java,13.5,8,Monday,55.54
Evening,Machine Learning,77.4,5,Tuesday,52.65
Afternoon,DBMS,88.8,1,Tuesday,54.42
Morning,DBMS,55.8,2,Saturday,45.83
Night,Ai,93.3,6,Thursday,46.01
Afternoon,Python,35.0,3,Tuesday,53.09
Night,Ai,34.3,8,Saturday,46.14
Night,Operating Systems,27.8,5,Saturday,43.47
Afternoon,Python,50.9,3,Tuesday,46.35
Afternoon,DSA,103.2,10,Friday,40.71
Afternoon,Java,101.1,7,Monday,53.19
Afternoon,DSA,52.1,8,Saturday,43.54
Afternoon,DBMS,74.8,4,Saturday,45.36
Night,Operating Systems,89.3,9,Sunday,37.71
Afternoon,Machine Learning,36.5,6,Friday,48.07
Morning,Operating Systems,28.5,1,Wednesday,59.64
Evening,DSA,116.9,5,Friday,47.89
Afternoon,Machine Learning,77.9,5,Sunday,48.85
Afternoon,Operating Systems,118.0,7,Wednesday,46.43
Night,Java,47.2,7,Wednesday,52.13
Afternoon,Java,87.3,6,Friday,51.06
Afternoon,Operating Systems,34.5,8,Thursday,49.56
Afternoon,Machine Learning,38.7,2,Friday,40.46
Night,DSA,66.3,7,Saturday,43.7
Afternoon,Operating Systems,45.2,10,Monday,49.8
Evening,Machine Learning,28.4,7,Friday,53.86
Night,Aptitude,38.9,4,Thursday,51.58
Evening,Java,13.9,10,Friday,59.35
Night,Aptitude,87.5,2,Thursday,50.57
Afternoon,DSA,64.1,4,Monday,36.94
Evening,Machine Learning,20.4,4,Tuesday,51.95
Night,Aptitude,28.9,6,Thursday,37.04
Morning,Machine Learning,21.3,7,Thursday,60.36
Afternoon,Operating Systems,77.4,3,Saturday,37.59
Night,DSA,20.4,10,Thursday,49.27
Morning,Aptitude,93.0,1,Monday,67.85
Night,Ai,12.3,3,Wednesday,44.08
Morning,Operating Systems,37.4,9,Thursday,61.71
Afternoon,Java,108.0,1,Sunday,54.76
Evening,Ai,89.0,8,Monday,65.44
Morning,Ai,18.0,2,Saturday,65.43
Night,Python,100.3,6,Sunday,46.69
Afternoon,Python,64.2,3,Saturday,57.07
Morning,DSA,103.1,7,Tuesday,54.17
Night,Aptitude,76.1,2,Thursday,41.58
Night,Aptitude,85.0,4,Wednesday,49.68
Night,Aptitude,119.3,10,Monday,45.14
Morning,Machine Learning,35.6,9,Tuesday,61.37
Morning,Operating Systems,78.6,6,Wednesday,64.58
Morning,Aptitude,60.6,4,Tuesday,64.65
Evening,Operating Systems,14.3,2,Wednesday,45.74
Morning,DSA,11.6,10,Friday,62.41
Morning,Ai,23.1,9,Friday,56.84
Morning,Aptitude,81.4,4,Friday,61.28
Evening,DSA,72.4,9,Tuesday,51.78
Morning,Aptitude,70.9,2,Friday,57.89
Night,Python,13.5,7,Monday,43.9
Morning,DBMS,61.6,5,Monday,63.8
Night,DSA,111.7,8,Friday,43.16
Night,Aptitude,53.7,8,Wednesday,43.75
Night,Java,78.7,4,Wednesday,43.34
Evening,DBMS,95.8,4,Tuesday,57.94
Evening,DSA,96.2,8,Wednesday,49.73
Evening,Java,67.1,3,Sunday,59.95
Morning,Java,104.4,7,Sunday,53.72
Night,Machine Learning,53.1,8,Sunday,37.81
Evening,Java,107.8,8,Thursday,55.11
Evening,Aptitude,36.4,10,Wednesday,57.37
Morning,Machine Learning,40.8,4,Monday,57.08
Evening,Python,15.8,9,Saturday,52.83
Morning,Aptitude,97.5,10,Wednesday,65.41
Afternoon,Ai,55.9,4,Sunday,35.64
Evening,Java,35.2,8,Tuesday,52.12
Afternoon,Python,35.5,6,Wednesday,47.87
Morning,DBMS,109.2,5,Sunday,54.97
Night,DSA,101.7,4,Tuesday,50.96
Evening,Java,70.9,5,Thursday,51.59
Morning,Operating Systems,77.8,1,Friday,59.53
Night,Python,62.2,7,Thursday,49.74
Night,Operating Systems,53.1,8,Monday,41.08
Afternoon,Java,110.7,9,Saturday,35.56
Morning,Operating Systems,23.8,3,Thursday,47.21
Night,Java,56.0,9,Thursday,51.66
Evening,DSA,47.9,10,Monday,56.27
Evening,DBMS,64.8,5,Monday,53.36
Afternoon,DSA,60.3,10,Friday,47.29
Night,Aptitude,67.1,6,Friday,40.75
Morning,Python,25.4,1,Wednesday,62.81
Evening,Operating Systems,66.4,9,Tuesday,58.62
Night,DSA,36.7,9,Monday,39.52
Night,Java,30.3,6,Thursday,46.29
Afternoon,DSA,17.1,8,Thursday,44.68
Evening,DSA,93.9,4,Friday,53.54
Evening,Python,57.0,5,Tuesday,54.19
Morning,DBMS,78.9,5,Sunday,61.55
Evening,Ai,90.0,7,Monday,55.04
Morning,DSA,84.7,7,Friday,53.24
Evening,Python,61.8,7,Sunday,53.59
Afternoon,Operating Systems,52.7,5,Tuesday,54.94
Evening,Java,51.4,4,Monday,48.96
Morning,Aptitude,80.4,8,Thursday,58.62
Morning,Ai,64.4,1,Thursday,58.01
Afternoon,Machine Learning,103.4,1,Friday,49.05
Evening,Ai,106.2,6,Tuesday,53.94
Evening,Java,28.8,2,Thursday,56.83
Afternoon,Ai,25.0,3,Sunday,43.42
Evening,Java,79.3,4,Tuesday,54.13
Evening,Python,43.1,2,Friday,55.97
Morning,Machine Learning,12.0,10,Sunday,63.95
Evening,DSA,107.8,7,Sunday,52.56
Evening,DSA,35.0,10,Wednesday,58.22
Afternoon,Ai,112.2,1,Tuesday,59.21
Afternoon,Python,88.9,3,Saturday,50.26
Night,Machine Learning,93.9,2,Tuesday,41.85
Morning,DSA,32.2,9,Friday,54.06
Evening,Operating Systems,35.8,8,Saturday,45.83
Evening,DBMS,67.3,3,Wednesday,44.21
Night,DBMS,28.9,5,Thursday,49.42
Evening,DSA,43.6,3,Monday,56.29
Morning,Machine Learning,45.4,6,Friday,56.84
Night,Aptitude,27.6,5,Monday,43.71
Morning,DSA,32.6,2,Wednesday,54.0
Night,Aptitude,96.7,10,Saturday,44.48
Night,Aptitude,28.4,8,Wednesday,41.99
Afternoon,Java,13.1,6,Tuesday,48.68
Morning,Java,79.2,3,Monday,54.45
Evening,Machine Learning,117.4,1,Monday,48.32
Evening,Aptitude,46.4,5,Wednesday,59.66
Morning,Operating Systems,23.1,2,Saturday,62.56
Evening,Machine Learning,72.7,2,Monday,46.81
Evening,DSA,109.7,9,Sunday,53.97
Morning,Ai,96.2,10,Thursday,56.3
Night,Operating Systems,78.5,7,Wednesday,42.51
Morning,Python,44.7,6,Tuesday,68.0
Night,DBMS,69.6,1,Tuesday,43.57
Evening,DSA,20.0,10,Tuesday,52.53
Evening,DSA,84.7,2,Monday,45.79
Evening,DSA,89.8,7,Wednesday,52.31
Afternoon,Operating Systems,116.2,3,Tuesday,46.87
Night,Python,38.6,2,Wednesday,49.3
Afternoon,Ai,12.0,6,Monday,47.29
Afternoon,Machine Learning,70.0,8,Thursday,54.12
Morning,Java,87.7,8,Thursday,61.98
Afternoon,Python,96.9,2,Thursday,52.99
Morning,Operating Systems,31.3,6,Monday,63.51
Morning,DSA,38.8,5,Tuesday,60.0
Afternoon,DBMS,66.4,7,Monday,53.64
Night,DSA,46.4,4,Wednesday,43.26
Night,Machine Learning,104.7,2,Thursday,42.56
Night,Aptitude,62.1,10,Wednesday,40.98
Night,DBMS,98.0,3,Monday,41.43
Night,DSA,73.9,9,Friday,50.5
Afternoon,Ai,95.0,10,Friday,52.33
Afternoon,DBMS,46.6,8,Sunday,39.3
Evening,Aptitude,101.5,9,Monday,60.29
Night,Java,40.2,5,Tuesday,45.63
Afternoon,Python,70.1,5,Saturday,45.04
Evening,Operating Systems,33.5,7,Wednesday,63.93
Night,Java,62.3,7,Monday,51.29
Morning,DSA,45.0,1,Monday,62.78
Evening,Machine Learning,39.3,5,Friday,53.79
Afternoon,Python,116.4,8,Thursday,53.7
Morning,Java,27.6,7,Thursday,49.17
Morning,DSA,96.6,2,Saturday,59.74
Morning,Python,118.3,8,Tuesday,62.91
Evening,Java,12.2,2,Tuesday,56.21
Afternoon,Machine Learning,86.9,10,Saturday,46.11
Morning,DSA,37.8,1,Tuesday,56.66
Night,Aptitude,14.5,3,Sunday,37.25
Morning,Aptitude,54.3,3,Sunday,57.46
Morning,Machine Learning,112.9,6,Friday,51.33
Evening,DBMS,11.3,3,Monday,56.41
Evening,Machine Learning,74.7,7,Tuesday,47.86
Afternoon,DBMS,65.2,8,Friday,54.83
Night,DSA,106.1,3,Sunday,33.87
Evening,Java,19.2,9,Wednesday,54.78
Morning,DBMS,85.0,1,Monday,60.37
Afternoon,DSA,84.8,3,Saturday,52.1
Morning,DSA,83.6,3,Wednesday,60.28
Morning,Ai,113.7,7,Thursday,55.93
Evening,Operating Systems,100.5,5,Thursday,50.54
Afternoon,DSA,14.6,4,Monday,56.23
Night,DBMS,61.8,2,Tuesday,44.81
Night,Operating Systems,53.8,7,Monday,44.03
Evening,Operating Systems,44.1,3,Tuesday,51.53
Evening,DSA,59.6,7,Saturday,44.94
Afternoon,Machine Learning,52.3,10,Thursday,57.5
Night,Machine Learning,57.6,7,Sunday,40.32
Night,Aptitude,117.7,2,Sunday,36.5
Night,Operating Systems,19.7,7,Monday,48.71
Morning,DSA,111.4,6,Monday,61.99
Night,Ai,62.8,10,Saturday,35.75
Morning,Machine Learning,78.6,4,Sunday,52.08
Afternoon,Ai,101.3,5,Tuesday,52.29
Morning,DSA,49.7,8,Thursday,62.63
Afternoon,DSA,57.3,5,Thursday,45.19
Night,Java,55.0,3,Tuesday,35.67
Night,Operating Systems,51.2,2,Saturday,43.23
Afternoon,Java,111.8,6,Tuesday,54.28
Evening,Ai,101.2,6,Saturday,51.71
Afternoon,Java,22.0,7,Tuesday,48.47
Evening,Aptitude,21.9,8,Thursday,62.93
Morning,Operating Systems,57.1,4,Thursday,49.94
Morning,Python,20.9,8,Monday,65.62
Morning,Java,78.1,1,Sunday,60.92
Night,Ai,25.8,6,Sunday,38.14
Morning,Machine Learning,67.5,6,Saturday,43.43
Evening,Machine Learning,10.8,3,Thursday,56.79
Morning,Machine Learning,44.8,9,Saturday,56.61
Afternoon,DBMS,84.5,5,Saturday,54.11
Afternoon,DSA,63.2,1,Wednesday,46.18
Night,Operating Systems,117.6,7,Wednesday,45.87
Afternoon,Machine Learning,106.2,10,Tuesday,39.61
Evening,Python,49.5,3,Sunday,57.62
Morning,Machine Learning,15.0,10,Saturday,47.34
Night,Aptitude,103.0,10,Tuesday,44.82
Morning,DSA,110.2,4,Tuesday,53.8
Morning,Ai,100.3,6,Monday,61.69
Evening,DSA,24.1,8,Wednesday,53.06
Afternoon,Java,119.8,4,Wednesday,48.86
Afternoon,Ai,38.4,9,Thursday,49.69
Morning,Ai,89.7,8,Wednesday,60.16
Night,Java,109.9,10,Thursday,52.03
Afternoon,Operating Systems,35.9,10,Saturday,49.36
Night,Java,109.9,6,Monday,41.58
Afternoon,DBMS,44.0,7,Tuesday,46.98
Night,Ai,117.4,8,Tuesday,50.07
Evening,Ai,40.9,2,Saturday,46.65
Night,Java,114.9,5,Thursday,45.06
Evening,Operating Systems,15.9,7,Friday,46.56
Evening,Machine Learning,88.0,8,Saturday,49.41
Night,Aptitude,68.5,5,Thursday,39.48
Evening,Python,62.6,3,Saturday,50.75
Morning,Operating Systems,34.6,6,Monday,60.95
Evening,DBMS,87.6,5,Saturday,55.03
Afternoon,Operating Systems,31.0,8,Saturday,43.43
Night,DSA,70.8,9,Wednesday,49.61
Morning,Machine Learning,37.9,9,Thursday,52.08
Night,Machine Learning,115.1,6,Monday,46.91
Afternoon,Ai,13.1,4,Sunday,44.91
Afternoon,Machine Learning,32.0,4,Tuesday,52.78
Afternoon,Machine Learning,36.7,9,Friday,45.91
Evening,Java,55.5,4,Friday,51.52
Evening,Machine Learning,35.6,8,Thursday,56.05
Night,Machine Learning,64.0,9,Saturday,42.21
Night,Python,106.0,5,Wednesday,44.29
Morning,DBMS,88.3,6,Saturday,59.71
Morning,Ai,73.8,3,Thursday,59.34
Night,Java,19.8,5,Friday,45.74
Evening,Machine Learning,86.3,5,Friday,54.69
Afternoon,Ai,28.3,2,Saturday,39.97
Night,DBMS,96.5,10,Saturday,42.01
Morning,Java,37.5,6,Saturday,49.69
Evening,Aptitude,55.9,9,Tuesday,49.76
Night,Machine Learning,48.6,7,Wednesday,42.45
Night,Ai,104.5,8,Wednesday,49.89
Evening,Operating Systems,23.9,2,Sunday,50.83
Night,Java,72.2,9,Sunday,40.23
Evening,Java,25.6,3,Friday,52.74
Afternoon,Ai,87.5,10,Friday,51.96
Evening,Machine Learning,109.6,5,Thursday,47.4
Evening,DSA,57.8,7,Thursday,46.97
Evening,Python,63.7,4,Sunday,60.76
Night,Operating Systems,112.0,7,Tuesday,47.07
Night,Operating Systems,67.3,8,Friday,41.49
Evening,DSA,63.6,10,Thursday,50.79
Night,Machine Learning,73.6,10,Tuesday,40.22
Morning,Java,85.8,4,Wednesday,53.47
Morning,Java,21.8,5,Friday,58.43
Night,Python,100.3,3,Monday,47.11
Night,Operating Systems,57.9,5,Friday,51.78
Evening,Python,18.0,8,Thursday,57.53
Afternoon,Operating Systems,96.5,3,Friday,53.71
Night,Machine Learning,51.5,5,Sunday,38.54
Morning,Aptitude,21.0,10,Monday,57.71
Evening,Operating Systems,79.7,1,Sunday,51.97
Night,Aptitude,106.8,2,Friday,49.28
Morning,Operating Systems,107.7,3,Sunday,54.01
Morning,Java,115.3,1,Thursday,61.11
Afternoon,DBMS,105.4,9,Wednesday,50.98
Evening,Machine Learning,10.2,9,Thursday,52.88
Evening,DSA,51.8,5,Tuesday,58.31
Afternoon,Aptitude,100.0,4,Sunday,47.21
Afternoon,DSA,50.3,5,Thursday,48.3
Evening,Machine Learning,76.2,4,Tuesday,52.73
Evening,Ai,76.7,5,Friday,44.41
Night,DSA,50.2,7,Tuesday,43.21
Night,Machine Learning,109.5,8,Sunday,34.67
Afternoon,Java,65.4,2,Saturday,45.97
Night,DSA,61.1,4,Friday,43.88
Morning,Aptitude,119.7,8,Tuesday,62.29
Night,DBMS,64.3,7,Sunday,52.07
Night,DSA,29.6,9,Sunday,47.72
Morning,Aptitude,66.4,5,Thursday,59.95
Afternoon,Operating Systems,99.5,6,Monday,52.79
Morning,Machine Learning,95.5,8,Friday,56.0
Night,Python,96.7,5,Tuesday,47.96
Afternoon,Ai,87.9,9,Monday,51.07
Night,Java,38.0,4,Sunday,37.1
Morning,Python,104.8,8,Tuesday,59.7
Morning,Java,108.3,3,Tuesday,51.51
Night,Machine Learning,31.4,5,Tuesday,42.12
Evening,Java,24.4,8,Thursday,54.82
Evening,DBMS,117.3,10,Tuesday,54.64
Morning,DSA,105.5,7,Monday,53.99
Morning,DBMS,108.3,1,Saturday,56.6
Evening,Python,107.5,4,Tuesday,57.81
Evening,Ai,69.6,2,Saturday,54.31
Night,Aptitude,81.1,2,Wednesday,46.34
Night,Ai,70.0,7,Sunday,40.44
Evening,Machine Learning,15.6,3,Friday,52.29
Night,Machine Learning,92.0,3,Thursday,44.28
Night,DBMS,65.6,6,Wednesday,42.88
Afternoon,Aptitude,81.2,6,Wednesday,45.73
Night,DBMS,65.3,1,Monday,43.11
Morning,DSA,64.1,1,Monday,60.93
Night,Operating Systems,28.9,6,Saturday,45.61
Night,Aptitude,40.7,7,Saturday,46.66
Evening,Operating Systems,27.5,9,Thursday,50.76
Morning,Ai,31.5,4,Thursday,69.63
Night,DSA,117.0,10,Friday,40.47
Night,Java,26.8,6,Tuesday,43.86
Afternoon,Java,39.6,3,Thursday,55.95
Night,Operating Systems,75.0,4,Thursday,36.67
Night,Python,77.1,9,Saturday,44.65
Afternoon,Ai,26.9,1,Tuesday,48.56
Evening,Operating Systems,97.3,5,Friday,48.02
Night,DSA,96.4,7,Sunday,34.1
Afternoon,Operating Systems,36.1,3,Sunday,52.61
Morning,Machine Learning,41.8,2,Monday,60.58
Evening,DBMS,113.2,2,Friday,59.74
Morning,Python,100.8,1,Tuesday,56.8
Morning,Machine Learning,86.8,5,Monday,59.44
Afternoon,Machine Learning,19.0,3,Monday,59.29
Night,DSA,56.0,7,Monday,42.81
Afternoon,DBMS,71.5,1,Friday,50.25
Afternoon,DBMS,30.6,9,Saturday,47.06
Afternoon,Aptitude,59.3,2,Tuesday,49.45
Afternoon,Ai,76.1,8,Friday,46.1
Evening,Python,46.0,10,Friday,57.22
Night,Ai,95.9,4,Wednesday,53.14
Morning,DSA,102.4,6,Thursday,58.75
Morning,Python,45.6,9,Sunday,65.11
Night,Aptitude,102.3,7,Friday,59.28
Morning,Operating Systems,21.4,8,Wednesday,55.93
Night,Machine Learning,102.2,7,Sunday,42.7
Morning,Python,26.8,2,Saturday,53.18
Afternoon,Ai,19.1,9,Saturday,46.3
Morning,Machine Learning,80.6,1,Tuesday,70.48
Night,DSA,61.9,2,Wednesday,47.23
Night,Ai,109.9,3,Friday,46.53
Night,Operating Systems,50.0,3,Tuesday,39.09
Night,DSA,41.6,10,Wednesday,40.97
Night,Java,65.1,4,Friday,40.82
Evening,Operating Systems,60.2,5,Tuesday,49.85
Evening,Operating Systems,47.9,6,Sunday,56.14
Morning,Machine Learning,86.3,1,Tuesday,61.45
Night,DSA,93.6,8,Sunday,40.18
Morning,DSA,103.8,6,Thursday,56.27
Night,Python,117.0,10,Saturday,47.63
Night,Ai,39.3,9,Sunday,50.42
Evening,Java,88.8,5,Friday,59.96
Evening,DSA,53.4,7,Thursday,54.55
Afternoon,Python,84.5,4,Tuesday,56.61
Evening,Java,62.4,6,Tuesday,59.84
Afternoon,DBMS,119.3,6,Wednesday,50.76
Afternoon,DBMS,90.2,4,Thursday,50.76
Afternoon,Java,114.8,6,Monday,47.36
Afternoon,DBMS,101.8,8,Friday,54.14
Afternoon,Aptitude,109.3,5,Saturday,46.16
Morning,DSA,99.6,2,Sunday,51.1
Evening,Aptitude,60.5,9,Thursday,50.28
Afternoon,Ai,37.7,4,Tuesday,49.8
Night,DSA,50.7,4,Wednesday,39.27
Evening,Python,12.2,7,Friday,70.6
Evening,Aptitude,67.6,10,Saturday,54.44
Afternoon,Aptitude,65.6,10,Sunday,44.53
Morning,Ai,67.8,6,Friday,60.92
Afternoon,Aptitude,117.1,4,Wednesday,53.68
Morning,Operating Systems,110.3,6,Tuesday,61.09
Night,Python,27.8,3,Sunday,39.2
Evening,DBMS,50.6,7,Saturday,51.45
Night,Python,56.6,6,Monday,45.8
Morning,Operating Systems,49.7,3,Wednesday,57.73
Morning,Ai,97.8,1,Monday,55.86
Night,Ai,67.6,10,Thursday,49.38
Morning,DSA,72.9,5,Friday,61.36
Night,Python,103.8,10,Saturday,46.32
Evening,Java,98.7,2,Tuesday,45.74
Night,Java,24.5,7,Monday,43.01
Evening,Ai,88.5,7,Tuesday,61.25
Night,Aptitude,57.9,4,Thursday,46.97
Morning,Ai,42.4,6,Monday,54.18
Night,Ai,15.5,1,Tuesday,53.33
Morning,Ai,63.6,2,Tuesday,47.88
Night,Ai,49.1,6,Sunday,42.64
Night,Java,37.7,2,Thursday,53.58
Afternoon,Java,86.4,4,Wednesday,42.16
Morning,DBMS,94.6,4,Saturday,54.62
Afternoon,DBMS,36.9,10,Thursday,42.97
Morning,DSA,15.4,9,Monday,66.06
Afternoon,Ai,103.4,10,Monday,45.9
Evening,Java,11.1,7,Friday,59.97
Night,Python,113.1,7,Tuesday,53.94
Morning,Operating Systems,79.0,1,Saturday,50.57
Morning,DSA,45.4,5,Monday,51.52
Night,Java,37.1,3,Wednesday,47.4
Morning,Python,11.0,3,Wednesday,65.88
Morning,Ai,35.9,6,Thursday,59.65
Afternoon,Machine Learning,25.2,4,Monday,48.13
Morning,Ai,77.3,8,Saturday,64.4
Evening,DBMS,28.3,4,Saturday,50.8
Evening,Operating Systems,68.1,8,Monday,61.88
Night,Java,74.9,4,Sunday,39.12
Morning,Java,42.8,3,Friday,71.99
Night,Aptitude,13.9,5,Friday,40.58
Evening,Operating Systems,14.1,5,Friday,60.92
Morning,Aptitude,12.9,10,Sunday,52.17
Morning,Operating Systems,91.3,10,Monday,63.93
Night,DBMS,45.0,1,Thursday,44.96
Evening,Aptitude,97.6,8,Sunday,53.39
Morning,Python,57.5,8,Saturday,62.33
Night,Aptitude,59.8,8,Thursday,46.23
Evening,DSA,66.4,10,Thursday,54.79
Night,Python,88.4,4,Sunday,34.71
Afternoon,DSA,40.1,9,Thursday,55.89
Morning,Ai,23.4,10,Wednesday,67.65
Afternoon,Operating Systems,71.2,3,Monday,49.47
Evening,Python,46.0,7,Tuesday,59.79
Afternoon,Operating Systems,58.7,6,Monday,56.83
Afternoon,Ai,81.2,9,Thursday,53.01
Evening,Machine Learning,64.4,4,Wednesday,50.34
Night,Java,78.2,4,Wednesday,38.99
Afternoon,Operating Systems,69.9,6,Monday,53.17
Night,Ai,91.4,8,Tuesday,45.7
Afternoon,Operating Systems,87.7,3,Sunday,46.97
Night,Ai,68.8,8,Sunday,38.19
Evening,DSA,84.7,8,Thursday,52.3
Afternoon,Ai,106.1,7,Wednesday,51.68
Evening,Aptitude,57.5,7,Thursday,53.53
Afternoon,Machine Learning,55.4,5,Thursday,48.16
Evening,Operating Systems,94.1,2,Saturday,51.84
Evening,Ai,74.1,2,Thursday,58.29
Afternoon,Ai,17.8,10,Friday,42.82
Afternoon,Operating Systems,108.1,8,Saturday,45.22
Afternoon,Java,13.4,6,Thursday,44.49
Morning,Machine Learning,92.3,8,Thursday,58.78
Night,Machine Learning,93.5,3,Tuesday,38.95
Morning,Ai,114.8,1,Sunday,61.7
Morning,Python,16.0,6,Saturday,56.94
Evening,DSA,75.7,2,Sunday,48.12
Afternoon,Machine Learning,57.1,9,Saturday,40.83
Night,Machine Learning,46.4,5,Tuesday,44.26
Evening,DBMS,19.9,5,Friday,48.65
Morning,Aptitude,71.9,10,Saturday,56.53
Afternoon,Machine Learning,62.7,8,Friday,47.42
Evening,DSA,21.5,6,Thursday,51.39
Afternoon,Aptitude,77.4,3,Wednesday,51.09
Evening,Aptitude,91.2,9,Wednesday,52.69
Afternoon,Operating Systems,94.4,10,Monday,51.42
Morning,Operating Systems,109.6,4,Wednesday,57.28
Night,Operating Systems,55.0,10,Wednesday,41.28
Morning,Operating Systems,114.8,4,Tuesday,61.28
Night,DBMS,105.2,2,Monday,49.04
Afternoon,Machine Learning,42.6,3,Sunday,59.28
Evening,Operating Systems,27.5,4,Monday,53.3
Morning,Ai,57.9,7,Tuesday,63.86
Night,Python,54.2,3,Wednesday,44.78
Morning,Operating Systems,73.3,8,Wednesday,63.78
Night,Machine Learning,74.2,8,Monday,49.51
Morning,Operating Systems,92.5,10,Wednesday,60.64
Night,DBMS,66.1,2,Monday,48.56
Night,DSA,21.5,4,Wednesday,46.22
Afternoon,DSA,104.4,8,Thursday,49.06
Night,Machine Learning,44.1,1,Tuesday,40.87
Afternoon,Ai,116.8,1,Saturday,45.25
Night,DSA,23.0,4,Friday,37.39
Evening,Java,115.4,2,Sunday,57.19
Evening,DSA,20.0,1,Thursday,63.36
Evening,Python,35.4,8,Wednesday,49.95
Night,Machine Learning,15.1,2,Friday,48.19
Afternoon,Ai,87.6,4,Saturday,46.78
Afternoon,Machine Learning,103.5,3,Thursday,44.8
Night,DSA,57.7,2,Saturday,41.72
Evening,DSA,112.1,8,Tuesday,49.98
Evening,DSA,74.9,3,Friday,55.17
Afternoon,Aptitude,79.3,9,Saturday,45.53
Evening,DBMS,103.0,10,Friday,53.28
Morning,Operating Systems,42.6,5,Tuesday,65.88
Afternoon,Java,49.0,9,Saturday,38.25
Evening,DBMS,109.7,3,Thursday,52.16
Afternoon,Machine Learning,109.1,5,Friday,38.1
Morning,Java,117.4,10,Sunday,57.65
Afternoon,Python,109.2,6,Sunday,46.53
Afternoon,Operating Systems,24.0,9,Sunday,43.39
Afternoon,Python,100.6,8,Saturday,50.41
Afternoon,Ai,55.1,2,Tuesday,53.06
Morning,Aptitude,119.0,2,Sunday,62.91
Night,Machine Learning,62.0,5,Saturday,54.65
Afternoon,Aptitude,70.9,5,Saturday,44.15
Afternoon,Machine Learning,68.3,5,Thursday,44.63
Evening,Python,45.4,4,Wednesday,57.02
Afternoon,Python,18.3,8,Monday,52.44
Evening,Python,108.5,5,Wednesday,65.67
Night,Machine Learning,98.3,1,Wednesday,45.61
Morning,DSA,25.3,10,Monday,54.28
Morning,Python,95.4,5,Saturday,54.0
Night,Aptitude,78.8,1,Wednesday,48.41
Morning,Ai,55.0,4,Wednesday,58.96
Night,Operating Systems,37.9,1,Tuesday,52.08
Night,Machine Learning,104.6,6,Tuesday,45.58
Night,Java,87.0,6,Thursday,39.78
Morning,Aptitude,70.3,1,Friday,54.12
Evening,DBMS,77.1,8,Saturday,53.73
Night,Ai,20.0,4,Sunday,40.29
Afternoon,DBMS,62.1,2,Thursday,55.7
Morning,Operating Systems,31.3,1,Tuesday,61.7
Night,DSA,32.9,3,Tuesday,45.6
Night,Python,82.7,7,Monday,40.85
Afternoon,Machine Learning,110.2,10,Monday,45.61
Evening,Aptitude,54.4,10,Sunday,51.76
Evening,Java,32.9,8,Sunday,42.63
Evening,Python,81.4,5,Tuesday,60.12
Night,Aptitude,105.8,7,Wednesday,49.27
Night,Machine Learning,92.3,2,Sunday,37.35
Night,DBMS,105.6,4,Thursday,51.34
Morning,Python,69.0,6,Tuesday,68.12
Afternoon,Operating Systems,92.7,5,Saturday,49.62
Night,DSA,25.4,6,Tuesday,43.7
Afternoon,Operating Systems,48.3,2,Monday,54.98
Afternoon,DSA,52.9,7,Thursday,41.55
Evening,Ai,66.2,8,Thursday,55.37
Morning,Aptitude,112.2,9,Friday,55.78
Night,Python,106.2,6,Tuesday,43.69
Evening,Python,24.8,7,Friday,59.25
Evening,Ai,29.0,1,Monday,50.98
Night,DSA,49.3,9,Friday,36.35
Afternoon,DBMS,42.0,6,Wednesday,61.1
Evening,Machine Learning,77.6,4,Tuesday,49.98
Afternoon,Operating Systems,109.3,10,Tuesday,45.78
Morning,Ai,115.9,9,Thursday,65.97
Afternoon,Java,81.9,1,Sunday,43.99
Morning,Java,102.2,2,Friday,53.65
Afternoon,Aptitude,67.8,3,Thursday,45.42
Evening,Ai,32.9,1,Saturday,49.84
Evening,Operating Systems,67.7,2,Friday,49.65
Morning,Operating Systems,71.1,2,Sunday,52.84
Night,Aptitude,91.7,7,Friday,42.76
Morning,Aptitude,34.2,10,Sunday,61.86
Morning,Python,50.5,6,Sunday,69.36
Afternoon,Operating Systems,50.0,9,Monday,55.54
Afternoon,Machine Learning,115.5,5,Friday,46.86
Morning,Java,58.8,9,Thursday,52.95
Evening,Machine Learning,93.1,10,Saturday,53.51
Afternoon,DSA,92.6,9,Sunday,40.88
Night,Ai,39.2,2,Friday,43.15
Afternoon,Aptitude,72.9,9,Friday,58.08
Afternoon,Python,108.4,3,Tuesday,60.52
Night,Machine Learning,62.3,3,Tuesday,43.89
Morning,DBMS,114.0,9,Saturday,63.13
Night,Java,33.6,7,Sunday,47.96
Morning,Python,18.2,8,Tuesday,65.29
Morning,Python,108.1,7,Wednesday,60.64
Morning,Machine Learning,103.2,9,Tuesday,55.22
Night,DBMS,119.2,8,Wednesday,45.22
Morning,DSA,84.7,4,Saturday,49.58
Evening,Machine Learning,113.0,2,Wednesday,50.61
Night,DBMS,101.0,5,Saturday,44.99
Evening,Python,102.9,2,Thursday,53.85
Morning,Java,72.6,4,Tuesday,67.72
Afternoon,DBMS,52.1,2,Friday,51.23
Morning,Python,112.8,5,Sunday,62.91
Evening,Ai,57.5,6,Monday,53.93
Evening,Machine Learning,69.3,1,Sunday,53.16
Night,Aptitude,59.1,8,Friday,39.35
Afternoon,Machine Learning,72.1,2,Tuesday,50.12
Night,Ai,61.8,5,Friday,47.58
Evening,Operating Systems,15.3,8,Tuesday,61.42
Morning,Operating Systems,107.0,5,Sunday,46.97
Afternoon,Operating Systems,58.9,3,Tuesday,46.64
Morning,Machine Learning,74.8,6,Friday,49.1
Morning,DSA,25.3,1,Wednesday,54.8
Afternoon,Machine Learning,10.4,1,Thursday,47.46
Night,Java,37.0,8,Thursday,47.95
Morning,Ai,87.5,7,Thursday,71.23
Evening,Java,20.9,10,Thursday,61.75
Morning,Ai,110.0,10,Monday,57.56
Afternoon,Aptitude,33.7,3,Saturday,50.6
Afternoon,DBMS,32.5,8,Tuesday,56.13
Afternoon,Machine Learning,30.0,8,Monday,47.5
Night,Machine Learning,11.5,1,Thursday,42.68
Morning,Python,94.9,10,Thursday,60.85
Night,Ai,106.3,7,Sunday,44.42
Night,Python,77.6,2,Friday,49.07
Afternoon,Python,30.7,2,Thursday,52.71
Afternoon,Machine Learning,41.4,2,Tuesday,56.69
Night,DSA,62.4,5,Sunday,46.02
Morning,DBMS,115.0,7,Thursday,51.9
Evening,DBMS,37.2,4,Thursday,46.01
Night,Java,90.5,4,Monday,47.09
Morning,Ai,58.3,9,Tuesday,59.49
Afternoon,Aptitude,42.8,10,Wednesday,41.25
Afternoon,Ai,60.2,9,Friday,40.5
Morning,DSA,17.8,7,Wednesday,57.75
Evening,DSA,97.9,10,Saturday,52.28
Afternoon,DBMS,36.8,4,Monday,51.47
Afternoon,Operating Systems,89.8,8,Thursday,46.97
Afternoon,Python,17.5,10,Friday,49.21
Morning,Python,115.1,3,Saturday,56.49
Night,DBMS,31.2,3,Saturday,44.47
Afternoon,Ai,107.1,7,Tuesday,42.35
Night,DSA,99.0,9,Friday,44.1
Evening,Ai,116.5,4,Saturday,57.1
Afternoon,Aptitude,62.6,4,Monday,48.24
Afternoon,Operating Systems,90.0,1,Thursday,50.8
Evening,DBMS,50.8,1,Monday,57.08
Afternoon,Python,30.3,3,Sunday,45.71
Night,Machine Learning,58.7,7,Saturday,39.49
Morning,Ai,28.2,9,Tuesday,53.5
Night,DSA,118.0,4,Wednesday,46.43
Morning,Machine Learning,20.6,2,Thursday,58.81
Morning,Aptitude,74.8,6,Thursday,65.83
Night,DBMS,78.9,6,Monday,49.39
Night,Ai,69.2,9,Monday,50.91
Night,Python,82.8,4,Monday,53.14
Night,Ai,22.8,8,Saturday,38.38
Evening,Operating Systems,71.1,3,Thursday,57.4
Afternoon,Java,41.6,2,Monday,53.37
Morning,Machine Learning,113.4,9,Sunday,51.88
Night,Operating Systems,93.8,6,Friday,51.17
Night,Aptitude,117.0,8,Saturday,41.46
Night,Python,14.1,10,Saturday,47.2
Evening,Machine Learning,41.4,9,Friday,58.52
Night,Aptitude,31.5,1,Friday,47.14
Night,Operating Systems,11.2,1,Saturday,51.07
Night,Operating Systems,36.7,5,Thursday,57.09
Afternoon,Java,84.7,9,Monday,50.09
Evening,Machine Learning,35.4,7,Sunday,54.79
Night,Python,66.0,7,Tuesday,58.84
Morning,Operating Systems,107.7,2,Monday,56.91
Morning,DBMS,86.3,3,Thursday,46.06
Morning,Java,53.4,4,Friday,64.82
Evening,Aptitude,51.0,2,Thursday,53.07
Evening,Machine Learning,60.1,10,Monday,46.99
Morning,DSA,29.5,9,Sunday,52.44
Night,DSA,79.7,5,Thursday,36.2
Evening,Python,50.1,7,Tuesday,65.49
Morning,DBMS,103.8,9,Thursday,67.27
Morning,Operating Systems,93.2,5,Wednesday,58.85
Night,DSA,77.2,6,Thursday,43.28
Afternoon,Python,50.1,4,Monday,52.98
Evening,Aptitude,33.1,8,Wednesday,63.36
Night,Java,95.4,1,Friday,39.7
Morning,DBMS,63.5,1,Monday,59.17
Morning,DBMS,34.7,5,Saturday,63.24
Night,Ai,31.5,10,Tuesday,43.33
Evening,Python,28.2,9,Thursday,52.82
Afternoon,Python,95.5,2,Thursday,52.83
Afternoon,Ai,35.2,3,Monday,41.09
Morning,Java,67.9,8,Thursday,61.86
Evening,Operating Systems,59.7,5,Thursday,53.74
Afternoon,Python,73.8,3,Friday,55.18
Evening,Ai,106.5,6,Thursday,51.53
Evening,Operating Systems,105.5,6,Thursday,57.26
Morning,Java,59.6,5,Friday,61.05
Afternoon,Operating Systems,11.7,5,Saturday,41.1
Night,Machine Learning,56.9,6,Thursday,38.28
Morning,DBMS,76.7,2,Saturday,63.15
Afternoon,Aptitude,71.4,6,Friday,54.79
Afternoon,DBMS,81.6,2,Tuesday,41.35
Afternoon,DBMS,26.9,3,Thursday,47.82
Afternoon,Machine Learning,81.1,2,Monday,49.58
Afternoon,Operating Systems,30.1,1,Wednesday,52.66
Evening,Operating Systems,92.6,1,Tuesday,56.37
Morning,Python,47.3,9,Thursday,63.9
Evening,Machine Learning,88.1,4,Monday,51.2
Night,Python,15.3,5,Wednesday,47.87
Afternoon,Machine Learning,54.9,10,Friday,43.1
Morning,Python,87.6,7,Thursday,60.16
Afternoon,DSA,35.0,2,Sunday,35.58
Morning,Ai,97.5,10,Saturday,51.72
Evening,DBMS,79.4,9,Saturday,47.6
Morning,DBMS,74.6,4,Friday,55.85
Night,Java,48.9,10,Tuesday,48.65
Night,Aptitude,63.1,10,Saturday,34.14
Morning,Ai,75.7,1,Wednesday,56.81
Morning,Operating Systems,62.0,8,Saturday,60.22
Morning,Aptitude,86.8,4,Sunday,50.38
Morning,DSA,57.7,7,Sunday,62.34
Night,Java,32.3,3,Wednesday,45.89
Afternoon,Aptitude,33.5,9,Saturday,50.45
Morning,Java,10.6,5,Friday,55.28
Morning,DBMS,43.1,5,Friday,56.2
Night,Operating Systems,92.4,3,Saturday,41.29
Night,DSA,97.4,9,Sunday,45.06
Evening,DBMS,32.3,3,Tuesday,58.91
Morning,Ai,115.5,2,Monday,61.99
Evening,Python,65.3,9,Sunday,52.91
Night,Machine Learning,110.9,9,Saturday,36.15
Night,DSA,87.7,10,Sunday,46.26
Afternoon,Operating Systems,89.5,4,Sunday,45.23
Morning,Java,19.4,4,Thursday,52.3
Evening,Aptitude,34.2,10,Monday,50.2
Night,Ai,11.0,6,Sunday,38.48
Night,Aptitude,88.8,9,Saturday,40.29
Evening,DSA,47.9,8,Sunday,50.64
Afternoon,Ai,96.5,10,Wednesday,43.16
Night,Operating Systems,47.3,3,Thursday,42.58
Morning,DSA,100.1,6,Tuesday,57.21
Night,Operating Systems,24.4,7,Monday,43.99
Morning,Aptitude,29.1,6,Monday,56.11
Evening,DBMS,47.5,3,Thursday,67.36
Morning,Ai,54.9,9,Tuesday,58.22
Evening,Python,48.4,4,Sunday,51.02
Morning,DBMS,94.0,2,Saturday,51.51
Evening,Python,20.7,9,Tuesday,60.81
Morning,Aptitude,48.6,3,Saturday,47.72
Afternoon,Java,102.1,6,Monday,41.11
Morning,Ai,17.3,5,Sunday,56.83
Morning,DBMS,113.7,2,Saturday,59.33
Afternoon,DBMS,118.5,1,Monday,49.56
Night,DSA,19.7,9,Friday,54.15
Night,Machine Learning,42.0,3,Thursday,40.4
Morning,Aptitude,51.0,7,Sunday,55.48
Afternoon,Operating Systems,95.4,9,Tuesday,49.8
Morning,Aptitude,75.6,9,Wednesday,60.21
Evening,Operating Systems,80.9,10,Thursday,54.38
Evening,Ai,93.3,6,Saturday,51.13
Morning,Operating Systems,23.0,8,Friday,53.47
Night,Java,101.7,9,Thursday,48.44
Night,Python,87.6,3,Monday,51.9
Morning,Operating Systems,73.5,6,Thursday,57.64
Morning,Operating Systems,107.9,5,Sunday,56.78
Evening,DSA,87.0,7,Saturday,58.78
Night,DBMS,32.2,7,Thursday,41.23
Morning,Aptitude,57.3,9,Sunday,58.03
Evening,Aptitude,64.3,1,Thursday,55.5
Night,Ai,16.1,6,Saturday,50.02
Afternoon,Ai,115.0,5,Wednesday,59.29
Evening,Java,24.1,4,Friday,58.98
Night,Operating Systems,86.7,10,Thursday,62.71
Night,Machine Learning,65.7,1,Thursday,43.14
Evening,Aptitude,12.8,4,Wednesday,32.67
Afternoon,Ai,111.7,10,Tuesday,47.44
Evening,Operating Systems,103.7,7,Thursday,52.74
Night,Ai,67.7,4,Sunday,49.75
Morning,Java,35.2,1,Saturday,56.07
Morning,Python,23.4,10,Sunday,65.63
Evening,Python,50.0,1,Saturday,58.02
Night,Ai,38.1,1,Thursday,46.47
Morning,Python,65.7,10,Tuesday,64.02
Night,Ai,116.3,5,Saturday,43.42
Evening,Operating Systems,73.2,7,Sunday,57.69
Morning,DSA,107.9,9,Sunday,54.75
Night,Machine Learning,81.6,8,Thursday,41.09
Morning,Operating Systems,62.3,2,Thursday,62.05
Evening,DSA,104.0,9,Thursday,54.98
Night,DSA,61.9,4,Friday,42.96
Morning,Aptitude,105.5,10,Saturday,67.93
Evening,Operating Systems,42.1,5,Monday,58.57
Morning,Operating Systems,24.2,5,Friday,57.21
Morning,Ai,104.1,4,Tuesday,63.0
Afternoon,DSA,74.6,6,Friday,44.29
Afternoon,DSA,107.8,1,Sunday,40.27
Evening,DSA,113.2,2,Friday,58.01
Afternoon,Ai,15.9,4,Wednesday,45.71
Evening,Aptitude,65.1,4,Tuesday,55.21
Afternoon,Operating Systems,51.2,8,Tuesday,44.8
Morning,DSA,78.8,9,Tuesday,57.55
Evening,Python,97.3,4,Friday,54.84
Evening,Operating Systems,40.9,6,Tuesday,54.53
Morning,Ai,71.2,4,Saturday,68.54
Evening,Aptitude,88.0,4,Wednesday,61.41
Evening,Python,24.8,9,Thursday,56.44
Afternoon,Ai,99.5,4,Friday,48.97
Evening,DBMS,76.7,6,Thursday,51.47
Night,Operating Systems,114.4,9,Thursday,39.81
Morning,DBMS,47.3,3,Friday,59.26
Afternoon,Ai,21.9,7,Saturday,53.66
Afternoon,Ai,65.7,7,Friday,34.21
Night,Ai,19.4,1,Tuesday,50.11
Morning,DSA,116.6,2,Wednesday,64.74
Morning,Aptitude,14.3,5,Friday,49.33
Afternoon,DSA,92.9,8,Thursday,49.18
Evening,Aptitude,67.8,6,Friday,52.82
Afternoon,Machine Learning,50.5,7,Wednesday,47.17
Morning,DSA,17.2,3,Monday,60.07
Night,DBMS,78.4,6,Saturday,43.59
Afternoon,Aptitude,74.4,9,Thursday,43.15
Morning,DSA,40.9,3,Monday,67.13
Afternoon,Operating Systems,110.1,6,Monday,47.62
Evening,Ai,43.5,7,Sunday,65.15
Afternoon,Aptitude,59.5,5,Wednesday,45.29
Afternoon,Aptitude,69.8,10,Saturday,41.71
Morning,DSA,21.0,8,Friday,60.62
Morning,Machine Learning,112.5,8,Monday,62.49
Morning,DSA,51.2,6,Sunday,62.37
Afternoon,Java,18.9,7,Tuesday,45.06
Evening,DBMS,52.6,3,Friday,53.33
Night,DBMS,76.0,7,Saturday,51.33
Night,Aptitude,66.5,7,Thursday,43.16
Morning,Aptitude,86.4,4,Friday,64.45
Morning,DSA,16.1,10,Wednesday,49.53
Afternoon,DBMS,41.3,4,Sunday,38.94
Night,DBMS,100.1,3,Wednesday,49.83
Morning,Machine Learning,18.8,10,Thursday,57.26
Evening,Operating Systems,104.1,7,Thursday,58.78
Evening,Machine Learning,20.1,5,Thursday,49.86
Morning,Java,101.8,3,Sunday,48.72
Morning,Python,49.7,6,Sunday,59.46
Night,Ai,77.3,6,Wednesday,38.02
Night,Machine Learning,26.8,6,Saturday,40.63
Afternoon,Java,17.3,2,Sunday,42.17
Night,DSA,33.8,10,Saturday,44.26
Evening,Operating Systems,24.1,7,Sunday,50.65
Evening,DSA,44.4,7,Friday,52.49
Morning,Ai,66.6,10,Monday,61.71
Night,Java,74.8,4,Monday,49.64
Afternoon,Python,96.9,6,Tuesday,52.91
Evening,Operating Systems,82.2,4,Wednesday,63.91
Evening,Aptitude,77.0,4,Thursday,63.71
Afternoon,DBMS,55.3,6,Saturday,43.49
Afternoon,Machine Learning,62.1,9,Sunday,39.41
Evening,Java,55.6,7,Friday,48.89
Evening,DSA,102.6,2,Saturday,60.01
Afternoon,Python,35.3,6,Wednesday,45.91
Evening,DBMS,10.6,5,Tuesday,53.06
Morning,Machine Learning,81.6,6,Saturday,55.06
Morning,DBMS,32.3,8,Monday,68.85
Afternoon,Machine Learning,107.9,8,Friday,41.45
Night,Java,104.5,3,Monday,50.44
Afternoon,Aptitude,18.4,9,Friday,50.07
Afternoon,Operating Systems,21.7,6,Thursday,49.36
Night,Java,64.5,7,Friday,44.87
Night,DBMS,77.0,9,Sunday,38.48
Night,DBMS,40.2,7,Thursday,42.92
Morning,DBMS,88.8,10,Wednesday,56.38
Evening,Operating Systems,75.4,9,Monday,48.44
Morning,Python,45.7,1,Friday,56.11
Evening,Machine Learning,12.8,1,Friday,58.91
Morning,Java,92.5,3,Tuesday,58.25
Evening,Java,33.6,9,Monday,58.36
Morning,Aptitude,101.8,1,Wednesday,59.11
Night,DBMS,56.2,1,Thursday,44.03
Afternoon,Ai,73.5,5,Wednesday,49.62
Morning,Java,106.0,8,Tuesday,63.65
Evening,Operating Systems,105.0,2,Wednesday,51.57
Night,Python,50.9,4,Thursday,46.23
Morning,Java,33.0,6,Monday,64.52
Morning,Machine Learning,95.3,1,Saturday,60.42
Night,Operating Systems,57.6,4,Tuesday,52.43
Morning,Aptitude,31.1,4,Sunday,52.19
Afternoon,Aptitude,109.5,9,Friday,46.8
Morning,Machine Learning,31.8,9,Friday,57.01
Afternoon,DBMS,12.8,6,Monday,43.42
Afternoon,Aptitude,12.2,8,Saturday,51.36
Night,Python,78.5,10,Wednesday,48.44
Morning,Operating Systems,82.8,4,Sunday,56.23
Night,Java,44.2,10,Sunday,47.15
Morning,Python,45.2,8,Friday,58.22
Morning,DBMS,47.3,3,Tuesday,65.64
Evening,Python,84.8,2,Saturday,62.71
Morning,Python,16.4,6,Thursday,63.54
Night,DSA,112.2,5,Sunday,40.96
Afternoon,Python,34.5,8,Wednesday,52.84
Morning,Machine Learning,120.0,1,Saturday,48.05
Evening,Operating Systems,28.9,10,Sunday,51.02
Night,DSA,94.9,3,Thursday,54.29
Morning,Operating Systems,34.6,7,Saturday,67.62
Night,Operating Systems,18.9,10,Saturday,42.46
Evening,DBMS,106.2,4,Wednesday,52.28
Evening,DBMS,104.5,10,Tuesday,60.14
Night,DSA,54.4,5,Thursday,43.82
Morning,Aptitude,87.3,8,Tuesday,64.73
Afternoon,Ai,71.3,1,Thursday,46.28
Evening,DBMS,103.8,1,Sunday,53.53
Morning,Ai,44.7,7,Sunday,55.19
Morning,DBMS,67.6,9,Wednesday,59.97
Afternoon,DBMS,63.4,4,Tuesday,47.15
Evening,Operating Systems,48.9,8,Sunday,51.3
Evening,DSA,108.1,10,Wednesday,55.51
Morning,Operating Systems,28.2,7,Saturday,60.48
Morning,Java,26.4,2,Saturday,56.2
Afternoon,Machine Learning,73.5,5,Wednesday,55.25
Afternoon,Operating Systems,82.3,9,Thursday,43.57
Evening,Ai,31.4,9,Sunday,44.52
Night,Ai,53.0,3,Saturday,39.03
Evening,Machine Learning,114.1,3,Thursday,53.05
Morning,Python,37.1,2,Tuesday,70.12
Evening,Python,83.5,7,Friday,56.07
Night,Machine Learning,91.4,6,Saturday,35.27
Afternoon,Machine Learning,59.3,5,Saturday,41.79
Night,Operating Systems,113.1,7,Monday,45.4
Night,Machine Learning,91.0,4,Thursday,37.62
Night,Java,60.4,5,Wednesday,54.65
Afternoon,DSA,72.6,9,Monday,37.29
Night,Python,86.2,9,Tuesday,43.18
Night,Python,75.1,4,Monday,44.19
Night,Java,106.7,6,Monday,40.13
Morning,Aptitude,49.3,2,Friday,63.36
Night,Java,43.0,3,Friday,41.72
Afternoon,Java,33.5,9,Monday,53.1
Night,Machine Learning,14.2,6,Friday,50.9
Night,DBMS,14.7,8,Sunday,48.19
Afternoon,DBMS,105.7,5,Friday,50.8
Night,Java,84.6,2,Monday,45.01
Afternoon,Machine Learning,82.7,7,Thursday,52.42
Night,DSA,77.6,6,Friday,42.57
Afternoon,DBMS,103.4,2,Monday,47.56
Night,Aptitude,62.8,6,Thursday,40.05
Night,Ai,105.7,8,Saturday,43.54
Morning,Machine Learning,49.5,1,Friday,52.72
Morning,Java,111.9,4,Monday,56.46
Night,DSA,86.9,1,Friday,54.52
Night,DSA,38.3,2,Thursday,47.37
Evening,Operating Systems,72.0,1,Sunday,54.02
Afternoon,DSA,68.6,6,Monday,45.4
Evening,DBMS,25.2,6,Thursday,58.86
Morning,Java,75.0,1,Saturday,51.92
Morning,Ai,44.6,4,Wednesday,52.37
Morning,DBMS,15.8,4,Tuesday,57.24
Morning,Machine Learning,114.4,8,Sunday,49.1
Night,Ai,80.6,6,Wednesday,47.33
Morning,Machine Learning,106.5,2,Friday,59.83
Night,DSA,84.4,5,Thursday,45.14
Night,Aptitude,49.3,4,Monday,47.92
Morning,Python,66.4,10,Sunday,61.7
Morning,Ai,84.3,4,Thursday,56.62
Afternoon,Java,115.6,8,Friday,52.4
Evening,Operating Systems,37.9,5,Monday,56.57
Morning,Python,106.2,3,Sunday,55.92
Afternoon,DSA,111.6,10,Wednesday,47.21
Afternoon,DSA,83.7,4,Thursday,53.26
Evening,Java,112.4,1,Tuesday,48.42
Night,Python,53.8,6,Sunday,45.67
Morning,Operating Systems,114.8,10,Saturday,56.46
Evening,Ai,87.3,4,Saturday,51.86
Morning,Ai,14.6,6,Friday,58.58
Afternoon,Python,109.8,2,Friday,54.11
Afternoon,Machine Learning,63.3,5,Thursday,40.12
Night,DBMS,60.6,9,Wednesday,46.26
Afternoon,Aptitude,72.3,8,Wednesday,44.76
Afternoon,Machine Learning,26.4,3,Tuesday,53.16
Evening,Ai,61.6,1,Tuesday,48.54
Morning,DBMS,101.4,10,Thursday,48.02
Morning,Aptitude,11.7,3,Monday,51.51
Evening,Aptitude,40.0,8,Wednesday,54.72
Night,Aptitude,10.3,3,Sunday,34.24
Morning,DSA,55.7,5,Sunday,49.47
Afternoon,Java,90.1,2,Sunday,43.51
Morning,Aptitude,97.9,1,Monday,62.64
Afternoon,Operating Systems,114.0,10,Monday,46.16
Night,Python,76.9,5,Thursday,45.95
Evening,Ai,38.0,5,Tuesday,53.87
Morning,Operating Systems,111.7,6,Monday,52.77
Evening,Python,95.3,2,Thursday,59.03
Morning,Machine Learning,73.2,9,Tuesday,69.26
Afternoon,Java,86.5,2,Monday,41.36
Evening,Machine Learning,111.7,2,Monday,48.59
Morning,Python,88.4,5,Sunday,52.64
Afternoon,Operating Systems,50.5,9,Tuesday,49.01
Evening,Python,88.4,4,Saturday,46.74
Evening,Aptitude,14.4,6,Tuesday,61.26
Morning,DSA,52.5,2,Friday,66.07
Morning,Ai,54.7,4,Sunday,60.46
Morning,Machine Learning,28.4,9,Friday,62.68
Afternoon,Ai,12.5,2,Thursday,50.58
Morning,DSA,24.7,1,Thursday,64.4
Evening,Aptitude,82.0,4,Wednesday,53.48
Evening,Aptitude,98.3,4,Friday,52.32
Morning,Machine Learning,118.7,1,Tuesday,61.32
Morning,Machine Learning,48.1,4,Friday,56.07
Night,Aptitude,75.9,3,Saturday,52.69
Evening,DBMS,113.1,2,Sunday,57.27
Afternoon,Ai,28.4,10,Thursday,47.21
Night,Java,88.9,4,Saturday,41.16
Morning,DSA,93.0,8,Thursday,58.3
Morning,Ai,19.8,7,Saturday,53.25
Evening,DSA,104.7,9,Thursday,58.44
Morning,DBMS,99.4,8,Tuesday,55.64
Afternoon,Java,13.7,1,Saturday,46.53
Evening,Operating Systems,20.0,2,Sunday,48.15
Morning,DSA,15.4,2,Monday,56.26
Evening,Ai,46.8,8,Thursday,58.84
Morning,Python,66.0,4,Friday,65.39
Morning,Java,68.6,9,Monday,58.25
Morning,Aptitude,39.4,2,Friday,65.69
Afternoon,Aptitude,110.3,4,Thursday,52.86
Afternoon,DBMS,50.5,1,Tuesday,50.59
Evening,DSA,15.0,3,Sunday,55.54
Morning,Operating Systems,43.0,6,Sunday,64.09
Morning,DSA,68.4,9,Monday,61.2
Afternoon,Aptitude,54.9,1,Monday,51.37
Morning,Machine Learning,40.1,5,Thursday,48.4
Afternoon,Python,24.4,2,Sunday,50.31
Morning,Java,100.1,7,Sunday,59.32
Evening,DBMS,119.6,4,Saturday,53.57
Morning,Machine Learning,46.2,5,Thursday,53.49
Morning,Ai,52.0,8,Thursday,56.57
Night,Operating Systems,78.0,2,Sunday,45.61
Afternoon,Machine Learning,89.0,3,Wednesday,46.06
Morning,Ai,53.1,5,Tuesday,60.89
Morning,Machine Learning,109.5,10,Saturday,44.49
Night,Operating Systems,71.6,4,Tuesday,44.92
Night,Java,59.5,5,Sunday,46.03
Afternoon,Machine Learning,81.1,3,Thursday,49.51
Night,DBMS,114.8,9,Wednesday,44.3
Evening,Aptitude,97.4,8,Sunday,46.75
Night,DSA,14.4,6,Thursday,35.04
Evening,Machine Learning,46.6,1,Thursday,49.09
Afternoon,DBMS,61.8,4,Tuesday,55.2
Afternoon,DSA,44.6,7,Sunday,45.73
Afternoon,Java,87.0,10,Wednesday,53.45
Afternoon,Ai,100.9,5,Tuesday,57.17
Afternoon,DSA,90.4,4,Thursday,49.62
Evening,Ai,118.8,9,Friday,59.23
Evening,Machine Learning,40.0,8,Monday,58.68
Afternoon,DBMS,106.2,3,Sunday,40.0
Night,Aptitude,94.3,6,Saturday,38.19
Morning,Machine Learning,49.8,4,Thursday,49.58
Afternoon,Ai,90.8,7,Saturday,37.9
Night,Operating Systems,21.4,1,Wednesday,42.51
Morning,DSA,96.8,1,Sunday,54.72
Afternoon,Machine Learning,68.6,6,Friday,38.64
Afternoon,Ai,42.2,10,Saturday,49.27
Evening,Java,82.1,7,Sunday,49.57
Morning,DSA,80.6,9,Saturday,63.18
Morning,Java,33.0,7,Wednesday,60.92
Night,Ai,13.3,9,Thursday,45.88
Evening,DBMS,57.7,10,Thursday,53.98
Evening,Python,72.6,9,Monday,56.4
Evening,Java,106.4,8,Wednesday,56.85
Evening,Machine Learning,112.1,7,Friday,57.53
Morning,Aptitude,68.2,3,Monday,53.34
Morning,Machine Learning,92.9,3,Sunday,50.81
Afternoon,DSA,58.3,5,Wednesday,50.47
Afternoon,DBMS,92.1,7,Thursday,49.81
Evening,Ai,32.5,10,Monday,58.96
Evening,Operating Systems,50.8,7,Thursday,51.64
Evening,Aptitude,79.8,1,Tuesday,61.32
Afternoon,DBMS,12.0,8,Tuesday,47.41
Night,Java,89.5,1,Monday,43.41
Night,Java,101.9,4,Monday,50.47
Afternoon,Machine Learning,53.9,2,Wednesday,50.86
Afternoon,Operating Systems,59.3,5,Sunday,56.91
Afternoon,DBMS,103.6,6,Friday,54.74
Afternoon,Python,95.3,4,Friday,58.45
Afternoon,Aptitude,41.7,4,Tuesday,48.52
Afternoon,DSA,45.6,7,Tuesday,55.52
Evening,DBMS,84.7,4,Tuesday,55.34
Evening,DBMS,72.0,2,Thursday,43.9
Evening,Python,27.8,4,Friday,59.37
Evening,Machine Learning,44.1,7,Monday,55.8
Afternoon,Ai,109.0,1,Tuesday,44.54
Night,Ai,85.7,4,Saturday,43.8
Morning,Aptitude,118.5,6,Wednesday,60.58
Afternoon,Aptitude,94.4,8,Sunday,53.06
Morning,DSA,113.6,8,Monday,61.19
Night,DBMS,33.8,9,Sunday,42.0
Evening,Operating Systems,94.9,5,Monday,48.34
Night,DBMS,12.2,2,Monday,35.17
Afternoon,Ai,83.8,3,Friday,56.33
Evening,DSA,61.6,2,Tuesday,55.97
Afternoon,DBMS,48.1,9,Wednesday,48.8
Evening,Python,104.9,6,Sunday,56.77
Morning,Ai,104.0,1,Thursday,58.81
Morning,DBMS,12.5,3,Wednesday,49.99
Morning,DBMS,77.0,7,Wednesday,65.07
Night,Ai,50.5,7,Saturday,47.7
Afternoon,Operating Systems,55.7,5,Wednesday,48.36
Night,Ai,101.5,3,Thursday,44.79
Morning,Python,44.1,7,Wednesday,58.93
Afternoon,Python,113.7,5,Saturday,58.22
Morning,DBMS,29.8,6,Wednesday,66.02
Night,Aptitude,82.9,3,Sunday,37.94
Night,Operating Systems,83.9,6,Tuesday,48.03
Night,DBMS,37.7,7,Saturday,37.61
Morning,Ai,45.7,8,Tuesday,55.94
Afternoon,DBMS,101.8,2,Tuesday,47.79
Afternoon,DSA,93.8,2,Monday,45.96
Morning,DSA,46.2,6,Saturday,48.2
Afternoon,Aptitude,68.7,8,Wednesday,56.63
Morning,Operating Systems,16.8,5,Sunday,58.06
Afternoon,Machine Learning,33.0,1,Sunday,52.77
Evening,Java,63.4,1,Sunday,51.17
Evening,DSA,19.5,10,Friday,46.66
Night,Machine Learning,102.8,9,Friday,48.13
Evening,Python,89.0,4,Friday,58.31
Evening,DSA,113.8,10,Sunday,49.67
Evening,DSA,86.3,1,Thursday,60.02
Morning,Operating Systems,113.4,8,Sunday,50.28
Evening,Aptitude,71.0,2,Tuesday,59.91
Evening,Machine Learning,76.0,2,Tuesday,56.59
Night,Ai,117.5,1,Sunday,43.16
Evening,DSA,80.6,1,Tuesday,46.61
Evening,DSA,13.4,9,Saturday,55.69
Afternoon,Operating Systems,89.6,1,Thursday,53.72
Night,Operating Systems,109.6,6,Wednesday,46.33
Night,Aptitude,97.5,7,Monday,44.73
Night,Machine Learning,74.2,4,Sunday,34.36
Night,Python,83.8,5,Sunday,38.4
Night,Ai,118.9,4,Saturday,38.12
Night,Aptitude,20.0,4,Tuesday,37.12
Morning,Java,83.4,10,Wednesday,52.29
Evening,Python,41.2,1,Friday,54.78
Night,DBMS,80.4,6,Sunday,35.33
Evening,DSA,76.8,10,Monday,52.84
Evening,Machine Learning,26.9,10,Friday,53.33
Morning,Aptitude,32.7,7,Sunday,49.76
Night,DSA,78.4,7,Wednesday,48.14
Afternoon,Machine Learning,24.1,8,Wednesday,53.05
Morning,Machine Learning,39.2,7,Friday,47.07
Afternoon,Machine Learning,101.9,6,Saturday,51.76
Evening,DSA,46.0,8,Monday,56.8
Evening,Aptitude,63.7,3,Friday,55.47
Morning,Ai,113.5,9,Friday,67.31
Morning,Operating Systems,35.0,3,Saturday,57.53
Afternoon,DSA,52.9,4,Friday,45.1
Night,Java,76.7,10,Monday,37.54
Afternoon,Machine Learning,93.1,6,Thursday,47.41
Morning,Aptitude,109.2,8,Monday,59.39
Afternoon,Ai,110.7,3,Saturday,38.48
Morning,DBMS,95.4,10,Friday,58.21
Afternoon,Java,35.1,6,Tuesday,57.68
Morning,Python,12.7,5,Tuesday,64.52
Morning,Java,52.2,5,Wednesday,53.26
Morning,Machine Learning,25.6,5,Thursday,59.52
Night,DBMS,88.1,9,Sunday,45.51
Afternoon,Operating Systems,82.7,7,Sunday,52.15
Afternoon,Ai,14.8,9,Saturday,49.92
Afternoon,Ai,102.0,9,Wednesday,55.81
Morning,Machine Learning,37.4,6,Sunday,58.78
Afternoon,Java,57.5,6,Wednesday,48.78
Afternoon,Java,83.5,4,Tuesday,51.65
Morning,Ai,57.2,8,Monday,58.86
Evening,DBMS,58.5,2,Wednesday,57.02
Morning,Machine Learning,17.2,5,Wednesday,61.68
Afternoon,DSA,54.2,1,Sunday,45.62
Morning,Aptitude,94.1,10,Thursday,61.52
Evening,DBMS,110.7,2,Sunday,49.59
Morning,Aptitude,55.5,1,Tuesday,58.47
Afternoon,DSA,56.6,6,Monday,48.65
Evening,DSA,87.3,2,Thursday,51.2
Night,Aptitude,113.7,4,Monday,51.64
Afternoon,DBMS,39.4,5,Sunday,49.98
Evening,Aptitude,58.4,7,Monday,58.7
Evening,Aptitude,97.6,10,Wednesday,57.8
Night,Python,77.1,1,Thursday,47.85
Morning,DBMS,22.2,5,Wednesday,53.91
Morning,Java,79.1,4,Friday,65.61
Afternoon,Java,30.5,7,Monday,60.41
Night,Python,66.1,10,Thursday,50.31
Morning,Machine Learning,68.2,7,Tuesday,54.07
Night,Ai,106.4,8,Wednesday,47.97
Morning,Java,60.9,4,Friday,56.0
Evening,Aptitude,40.7,4,Saturday,49.62
Morning,Machine Learning,35.4,10,Friday,45.9
Night,Java,106.2,5,Friday,51.85
Evening,DBMS,28.8,5,Wednesday,56.58
Evening,Aptitude,56.8,3,Tuesday,57.86
Evening,Ai,30.6,5,Sunday,55.95
Night,Machine Learning,95.1,5,Thursday,45.39
Afternoon,Java,62.2,8,Monday,54.88
Afternoon,Java,48.6,7,Tuesday,56.83
Afternoon,Operating Systems,49.7,8,Wednesday,49.82
Night,Java,103.7,5,Saturday,33.69
Evening,DSA,70.9,2,Thursday,49.78
Afternoon,Aptitude,89.0,8,Monday,53.09
Night,Ai,108.7,9,Saturday,36.86
Afternoon,DSA,109.2,2,Thursday,48.69
Morning,Python,46.1,1,Monday,74.5
Afternoon,Machine Learning,114.8,6,Sunday,50.22
Afternoon,Java,12.7,3,Monday,39.94
Evening,Python,51.5,1,Friday,68.66
Night,Ai,108.5,6,Saturday,48.84
Evening,Aptitude,40.2,8,Saturday,55.32
Evening,DSA,40.0,9,Wednesday,54.67
Evening,DSA,43.3,6,Tuesday,47.1
Evening,Machine Learning,77.4,6,Sunday,48.13
Evening,Aptitude,58.2,1,Friday,45.08
Afternoon,Java,89.9,5,Friday,54.76
Evening,Operating Systems,108.4,3,Thursday,55.93
Evening,Operating Systems,84.2,7,Saturday,48.28
Night,Machine Learning,32.5,9,Monday,48.05
Morning,Aptitude,112.6,6,Monday,61.66
Afternoon,Machine Learning,39.1,5,Sunday,53.2
Afternoon,Aptitude,26.5,7,Thursday,47.78
Afternoon,Ai,19.9,9,Saturday,53.97
Evening,Ai,72.0,5,Wednesday,56.12
Evening,Python,22.5,5,Monday,53.13
Evening,Java,25.3,10,Friday,57.97
Night,Machine Learning,43.0,4,Friday,43.37
Morning,Java,41.0,5,Saturday,59.28
Evening,Aptitude,76.5,7,Monday,50.07
Morning,Operating Systems,99.8,3,Monday,48.45
Night,Java,93.7,4,Wednesday,42.53
Afternoon,Aptitude,38.9,9,Saturday,49.86
Evening,Ai,37.0,2,Monday,57.71
Morning,Aptitude,116.2,8,Wednesday,57.73
Morning,Machine Learning,10.9,9,Friday,59.17
Evening,Python,106.8,5,Wednesday,55.04
Afternoon,Python,32.0,7,Monday,51.33
Afternoon,Python,114.2,6,Tuesday,58.31
Afternoon,Python,47.7,1,Saturday,42.33
Night,Ai,58.4,8,Sunday,51.43
Morning,DBMS,87.8,9,Monday,60.87
Morning,Java,74.6,10,Tuesday,70.09
Morning,Machine Learning,45.0,1,Friday,67.31
Night,DSA,70.9,8,Saturday,29.63
Morning,Machine Learning,90.4,3,Sunday,55.92
Night,DBMS,14.7,6,Thursday,40.09
Afternoon,Python,11.2,10,Saturday,48.32
Evening,DBMS,60.4,8,Friday,57.29
Morning,Operating Systems,24.5,5,Friday,67.29
Morning,Operating Systems,83.1,8,Friday,54.58
Afternoon,Java,33.5,7,Wednesday,62.65
Evening,Ai,57.6,7,Sunday,49.1
Night,Machine Learning,31.7,7,Friday,36.28
Evening,Machine Learning,70.3,9,Thursday,58.47
Afternoon,DSA,22.8,6,Monday,49.64
Afternoon,Ai,12.5,6,Tuesday,61.06
Evening,DSA,15.6,9,Saturday,46.08
Night,Operating Systems,115.0,6,Saturday,42.92
Night,Python,25.7,7,Friday,53.35
Morning,DBMS,87.9,7,Tuesday,55.77
Night,DSA,17.5,2,Friday,50.41
Evening,Aptitude,21.9,8,Wednesday,56.99
Afternoon,DSA,66.0,6,Tuesday,43.97
Morning,Python,61.1,4,Friday,68.32
Morning,Python,114.7,7,Friday,61.02
Afternoon,Machine Learning,113.9,8,Thursday,53.94
Night,DBMS,95.8,1,Thursday,41.49
Afternoon,Python,76.2,10,Sunday,41.74
Night,Ai,60.0,4,Thursday,42.8
Afternoon,DSA,49.2,4,Sunday,45.39
Evening,DSA,114.2,10,Wednesday,54.97
Night,Operating Systems,76.3,9,Sunday,44.67
Evening,Python,73.7,6,Tuesday,66.8
Morning,Aptitude,35.5,4,Wednesday,59.48
Afternoon,Machine Learning,15.1,1,Monday,56.91
Morning,DBMS,114.0,8,Friday,65.12
Morning,Aptitude,44.5,9,Friday,59.6
Morning,Machine Learning,58.7,5,Friday,59.53
Morning,DSA,22.6,5,Thursday,60.98
Afternoon,Aptitude,102.1,10,Friday,55.13
Morning,Machine Learning,13.0,8,Sunday,60.89
Afternoon,DSA,101.7,8,Thursday,42.0
Afternoon,DSA,25.4,5,Monday,53.89
Evening,DSA,107.5,4,Wednesday,56.04
Night,DSA,90.3,6,Wednesday,45.96
Night,Ai,28.1,10,Sunday,41.34
Afternoon,DSA,72.2,5,Wednesday,52.52
Evening,Operating Systems,44.4,8,Thursday,59.44
Afternoon,Aptitude,29.6,9,Saturday,47.56
Afternoon,Machine Learning,104.5,1,Saturday,50.11
Afternoon,Operating Systems,54.4,9,Tuesday,46.84
Evening,Ai,53.8,9,Saturday,52.06
Night,Java,28.7,6,Tuesday,46.8
Evening,Java,52.1,10,Monday,53.45
Morning,Operating Systems,105.9,5,Tuesday,58.35
Evening,Python,49.9,7,Monday,52.35
Evening,Python,114.7,8,Friday,59.16
Evening,Python,114.1,9,Sunday,63.72
Evening,DBMS,25.9,9,Wednesday,58.01
Night,Python,29.5,10,Sunday,43.16
Morning,Machine Learning,104.9,3,Saturday,61.58
Night,Operating Systems,53.2,8,Thursday,44.83
Night,Machine Learning,10.5,1,Monday,46.75
Evening,Aptitude,40.1,7,Saturday,54.8
Afternoon,Python,75.7,5,Thursday,44.54
Afternoon,Ai,97.9,2,Thursday,50.5
Night,DBMS,24.7,2,Wednesday,55.72
Night,Aptitude,22.2,8,Sunday,39.29
Evening,Ai,111.4,5,Friday,62.97
Night,DBMS,92.6,3,Friday,50.06
Evening,Java,74.9,1,Sunday,49.75
Afternoon,Aptitude,94.6,7,Tuesday,50.53
Afternoon,Java,57.2,3,Saturday,42.21
Morning,Operating Systems,93.4,7,Friday,64.75
Afternoon,Machine Learning,50.9,2,Wednesday,43.27
Night,DSA,36.9,4,Saturday,43.51
Afternoon,Machine Learning,90.2,2,Thursday,57.64
Evening,Python,56.2,4,Monday,54.27
Afternoon,Java,118.0,5,Monday,52.23
Morning,Ai,48.4,8,Friday,53.02
Afternoon,DSA,111.4,2,Tuesday,49.71
Evening,DBMS,112.6,10,Monday,50.44
Evening,Java,36.6,3,Tuesday,56.72
Night,Operating Systems,97.8,10,Monday,42.82
Afternoon,Operating Systems,57.6,5,Tuesday,45.55
Evening,Java,110.9,9,Sunday,51.81
Morning,Java,59.5,10,Tuesday,47.24
Night,Java,91.9,5,Thursday,40.23
Morning,DBMS,61.4,9,Wednesday,72.35
Afternoon,Python,35.1,4,Monday,51.35
Afternoon,DBMS,31.9,10,Saturday,45.12
Afternoon,Aptitude,56.8,5,Friday,52.36
Night,Ai,93.1,9,Wednesday,50.8
Evening,Java,76.6,4,Thursday,63.75
Night,Ai,85.7,5,Thursday,45.26
Morning,Python,41.1,5,Thursday,61.55
Night,DSA,63.0,4,Friday,46.51
Morning,DBMS,14.9,4,Monday,60.88
Night,Python,99.9,5,Monday,46.76
Evening,Ai,118.9,6,Sunday,55.6
Morning,DSA,54.8,7,Sunday,59.53
Afternoon,DBMS,11.2,6,Tuesday,50.89
Afternoon,Operating Systems,28.7,1,Tuesday,62.65
Night,DBMS,81.8,2,Saturday,52.12
Afternoon,Machine Learning,77.3,7,Tuesday,51.37
Morning,DBMS,96.7,3,Friday,66.38
Afternoon,Machine Learning,37.9,10,Wednesday,45.22
Evening,DSA,94.0,2,Sunday,51.74
Evening,DBMS,85.7,6,Monday,59.24
Night,DSA,45.5,4,Tuesday,51.56
Morning,DSA,70.0,5,Sunday,51.42
Evening,Ai,26.2,6,Friday,52.3
Evening,Python,59.8,3,Friday,57.99
Morning,DSA,106.9,1,Saturday,64.22
Afternoon,DSA,56.3,3,Tuesday,49.98
Afternoon,Ai,102.4,3,Sunday,53.35
Night,Ai,74.9,6,Sunday,41.79
Afternoon,DBMS,31.1,4,Saturday,51.24
Morning,Ai,73.9,7,Sunday,52.14
Evening,DBMS,65.7,2,Thursday,51.82
Afternoon,Operating Systems,53.9,4,Thursday,49.33
Night,Ai,23.2,8,Thursday,39.6
Afternoon,Python,55.8,6,Tuesday,46.31
Morning,DSA,18.0,10,Friday,57.33
Night,Python,20.9,3,Friday,40.01
Afternoon,Machine Learning,55.8,10,Monday,47.67
Night,Java,43.6,2,Sunday,43.68
Morning,Ai,111.8,3,Thursday,56.06
Evening,DSA,51.3,1,Tuesday,52.48
Morning,Python,93.4,1,Monday,60.34
Morning,Ai,68.3,2,Friday,67.94
Morning,Ai,87.4,3,Sunday,57.8
Morning,Java,38.6,9,Sunday,68.29
Evening,Operating Systems,113.6,8,Monday,52.94
Evening,Operating Systems,68.3,9,Thursday,52.93
Night,DSA,101.4,7,Sunday,46.75
Afternoon,Machine Learning,50.2,7,Sunday,32.39
Evening,Operating Systems,21.0,5,Sunday,55.9
Evening,Java,84.1,7,Wednesday,54.54
Afternoon,Operating Systems,10.9,4,Thursday,50.57
Evening,Machine Learning,62.3,5,Thursday,51.32
Morning,Python,31.2,1,Tuesday,64.95
Morning,Operating Systems,79.0,4,Wednesday,50.77
Afternoon,Java,117.7,3,Sunday,43.28
Night,DBMS,61.1,2,Saturday,51.8
Night,Java,99.9,2,Wednesday,45.32
Afternoon,Aptitude,65.9,8,Wednesday,44.09
Afternoon,Aptitude,64.5,1,Friday,50.31
Morning,Operating Systems,112.3,8,Monday,63.74
Night,Python,107.9,9,Friday,47.48
Evening,Ai,96.4,6,Saturday,51.44
Morning,Python,42.6,1,Wednesday,59.05
Afternoon,Java,70.0,10,Tuesday,43.67
Night,DSA,34.6,7,Saturday,31.65
Evening,DBMS,58.8,5,Sunday,47.84
Evening,Python,63.3,9,Thursday,63.57
Morning,Machine Learning,101.5,7,Sunday,52.88
Night,Java,108.6,5,Thursday,44.19
Night,DBMS,55.6,2,Friday,37.39
Afternoon,Aptitude,11.9,4,Sunday,47.03
Night,Java,104.8,2,Saturday,39.98
Night,DBMS,29.2,9,Friday,43.33
Morning,Machine Learning,78.4,2,Tuesday,55.03
Night,Operating Systems,12.7,2,Thursday,42.1
Evening,Machine Learning,53.9,2,Sunday,48.78
Morning,Machine Learning,118.5,1,Friday,57.84
Morning,Operating Systems,21.1,9,Sunday,45.7
Afternoon,Operating Systems,56.6,8,Monday,41.6
Night,Operating Systems,43.8,2,Friday,42.36
Afternoon,Operating Systems,109.6,2,Friday,54.61
Evening,Operating Systems,105.6,5,Wednesday,47.92
Morning,Machine Learning,36.1,4,Monday,60.9
Morning,DSA,18.9,2,Monday,67.28
Morning,DSA,79.0,8,Sunday,54.67
Evening,Java,47.0,8,Tuesday,52.76
Evening,Python,83.9,4,Sunday,56.69
Afternoon,DSA,13.5,4,Wednesday,49.55
Afternoon,Aptitude,24.7,9,Monday,46.89
Afternoon,DSA,85.5,4,Wednesday,50.36
Night,Machine Learning,33.4,10,Wednesday,39.57
Morning,Operating Systems,104.3,9,Thursday,66.88
Morning,Java,16.4,3,Sunday,55.93
Afternoon,Operating Systems,33.7,2,Monday,52.12
Morning,Ai,119.8,8,Thursday,68.32
Afternoon,Ai,57.6,3,Sunday,46.1
Night,Ai,87.3,2,Friday,41.24
Night,Machine Learning,30.1,8,Sunday,37.14
Evening,Aptitude,77.1,8,Friday,54.98
Night,DSA,89.9,5,Thursday,43.28
Afternoon,Machine Learning,44.6,9,Friday,47.11
Night,Python,101.2,6,Thursday,48.75
Evening,Java,76.4,5,Sunday,52.61
Morning,Operating Systems,52.8,3,Tuesday,57.69
Afternoon,Ai,71.3,7,Wednesday,50.05
Morning,DBMS,73.4,9,Tuesday,56.55
Evening,Python,28.2,4,Monday,54.58
Evening,Ai,54.3,7,Tuesday,43.34
Evening,Aptitude,47.8,3,Tuesday,50.83
Morning,Python,54.1,2,Friday,66.08
Morning,Machine Learning,93.7,1,Saturday,58.14
Morning,DSA,63.1,6,Sunday,59.65
Morning,Operating Systems,113.4,5,Saturday,59.13
Evening,Java,42.3,2,Thursday,52.58
Evening,Aptitude,55.7,3,Monday,48.67
Afternoon,Aptitude,96.6,9,Saturday,45.41
Afternoon,DBMS,70.1,3,Friday,34.52
Morning,Python,70.2,7,Monday,67.71
Night,DBMS,15.9,1,Wednesday,46.02
Night,DSA,53.8,7,Thursday,48.27
Evening,Ai,39.8,9,Friday,52.43
Evening,DSA,119.9,8,Tuesday,45.97
Evening,Ai,43.9,7,Sunday,52.92
Afternoon,DBMS,107.3,10,Wednesday,50.86
Afternoon,Operating Systems,84.4,8,Tuesday,49.31
Evening,DSA,47.5,4,Saturday,52.43
Evening,DBMS,69.8,2,Sunday,49.61
Evening,Python,102.5,9,Monday,58.0
Night,DBMS,107.2,3,Wednesday,47.34
Afternoon,DBMS,27.6,4,Sunday,55.38
Night,Machine Learning,47.4,7,Sunday,43.83
Night,DSA,46.9,2,Friday,37.8
Evening,Java,14.6,8,Tuesday,53.05
Evening,Operating Systems,75.8,10,Saturday,47.72
Morning,Operating Systems,104.0,8,Tuesday,66.85
Morning,Machine Learning,52.0,5,Monday,55.55
Night,Ai,91.4,9,Monday,43.68
Afternoon,Aptitude,79.0,8,Saturday,46.44
Evening,Ai,51.3,1,Thursday,57.01
Evening,Operating Systems,25.5,9,Saturday,46.05
Night,DBMS,88.0,5,Thursday,44.95
Morning,Machine Learning,104.0,9,Saturday,59.69
Afternoon,Python,85.4,9,Saturday,47.36
Morning,DSA,12.0,10,Monday,68.14
Morning,DSA,33.8,10,Thursday,54.58
Morning,Java,17.6,3,Saturday,54.48
Morning,DSA,72.7,8,Sunday,59.87
Evening,DBMS,93.2,7,Tuesday,55.16
Evening,Python,22.2,7,Monday,55.86
Morning,Machine Learning,102.2,10,Sunday,49.4
Afternoon,Machine Learning,71.1,2,Sunday,42.08
Night,DSA,85.9,2,Wednesday,53.15
Afternoon,Python,116.9,2,Monday,53.6
Afternoon,Python,19.2,2,Saturday,51.88
Afternoon,Python,109.1,4,Friday,48.88
Morning,Operating Systems,23.9,7,Friday,60.97
Evening,Operating Systems,53.2,2,Sunday,50.62
Afternoon,DSA,103.7,5,Sunday,39.76
Morning,Python,109.7,7,Monday,58.33
Afternoon,Aptitude,65.7,9,Wednesday,47.4
Afternoon,Python,75.4,8,Monday,62.48
Morning,Machine Learning,87.9,9,Wednesday,67.35
Evening,Machine Learning,101.6,7,Saturday,41.63
Evening,DSA,23.4,3,Tuesday,49.87
Night,Aptitude,99.1,1,Tuesday,44.09
Morning,Python,62.9,10,Wednesday,62.13
Night,Ai,59.6,7,Sunday,41.34
Night,Aptitude,56.6,6,Thursday,54.25
Night,Java,66.0,2,Tuesday,42.64
Evening,DSA,114.0,1,Friday,63.08
Morning,Machine Learning,70.3,10,Monday,62.81
Night,Ai,114.8,4,Saturday,41.69
Morning,Machine Learning,29.8,4,Thursday,54.78
Morning,Operating Systems,89.7,6,Sunday,53.7
Evening,DSA,99.3,5,Friday,63.71
Night,DSA,84.7,9,Monday,47.61
Night,Python,76.8,8,Friday,48.47
Morning,Python,72.1,9,Thursday,51.02
Afternoon,Operating Systems,104.7,10,Wednesday,47.53
Evening,Ai,100.4,7,Monday,53.15
Evening,Java,23.5,9,Friday,56.09
Evening,DBMS,103.3,3,Saturday,51.32
Evening,Aptitude,55.5,9,Sunday,50.08
Night,DBMS,37.9,2,Saturday,43.61
Night,DBMS,105.7,9,Friday,49.5
Afternoon,DSA,57.5,6,Sunday,43.02
Evening,Aptitude,98.9,4,Thursday,50.05
Evening,DSA,39.0,2,Thursday,51.19
Morning,Java,10.4,10,Sunday,52.2
Night,Aptitude,64.5,3,Saturday,40.67
Evening,Machine Learning,21.0,5,Saturday,60.02
Afternoon,DSA,93.0,9,Sunday,44.3
Afternoon,DSA,40.4,7,Thursday,43.5
Night,DSA,58.8,3,Wednesday,41.79
Afternoon,Ai,19.6,4,Tuesday,57.81
Afternoon,Operating Systems,41.5,2,Friday,48.61
Night,DSA,96.0,8,Wednesday,39.96
Evening,Java,26.7,6,Friday,46.34
Evening,Python,81.2,3,Saturday,52.33
Afternoon,Python,110.9,5,Wednesday,44.76
Afternoon,Aptitude,84.8,5,Saturday,48.08
Evening,Machine Learning,99.2,1,Sunday,47.89
Night,Operating Systems,22.0,5,Sunday,31.53
Afternoon,Ai,37.6,6,Saturday,55.32
Morning,Aptitude,108.4,10,Saturday,67.69
Night,Python,88.7,10,Monday,48.28
Afternoon,Operating Systems,80.4,2,Tuesday,57.68
Afternoon,Operating Systems,83.0,3,Saturday,48.15
Morning,Machine Learning,55.6,10,Friday,48.27
Morning,Java,14.9,5,Thursday,58.72
Evening,Operating Systems,96.3,3,Tuesday,51.84
Night,DSA,84.7,5,Friday,36.52
Night,Operating Systems,62.0,5,Monday,45.01
Evening,Machine Learning,109.0,8,Saturday,46.27
Night,Aptitude,47.0,10,Friday,45.94
Night,Machine Learning,42.4,9,Friday,46.67
Night,Ai,106.0,8,Friday,53.49
Night,Machine Learning,97.7,3,Tuesday,42.83
Night,Python,66.6,1,Saturday,38.39
Morning,DSA,24.4,3,Friday,56.31
Night,Java,33.7,1,Thursday,42.9
Morning,Python,82.2,9,Saturday,70.49
Night,Aptitude,52.4,3,Wednesday,44.46
Evening,DBMS,102.0,8,Thursday,57.54
Afternoon,Aptitude,114.5,6,Monday,55.44
Morning,DSA,98.6,3,Sunday,62.88
Night,Operating Systems,51.5,9,Tuesday,46.03
Evening,Machine Learning,96.8,8,Wednesday,51.25
Afternoon,DBMS,48.7,3,Tuesday,47.54
Morning,DSA,28.4,7,Tuesday,52.59
Afternoon,Python,13.7,5,Friday,56.44
Evening,Machine Learning,52.4,2,Thursday,66.7
Morning,Aptitude,109.4,8,Wednesday,66.76
Afternoon,Python,36.3,1,Friday,52.11
Night,DSA,32.7,4,Wednesday,37.57
Morning,DSA,116.7,4,Saturday,53.23
Afternoon,Aptitude,12.8,10,Saturday,49.01
Evening,DBMS,96.4,5,Thursday,53.3
Evening,Aptitude,45.4,4,Friday,54.37
Morning,Operating Systems,14.1,1,Wednesday,61.93
Afternoon,Python,111.0,7,Sunday,50.06
Morning,DBMS,25.4,10,Saturday,68.62
Morning,Machine Learning,70.7,2,Friday,69.38
Afternoon,Ai,40.1,10,Tuesday,48.45
Afternoon,Operating Systems,17.2,3,Saturday,52.16
Night,DBMS,15.5,5,Monday,38.04
Afternoon,Ai,22.7,8,Wednesday,54.7
Evening,Ai,17.9,10,Sunday,54.42
Morning,Python,93.7,8,Saturday,54.49
Morning,DSA,63.4,2,Thursday,64.77
Evening,Machine Learning,47.7,9,Wednesday,47.87
Afternoon,Aptitude,56.0,6,Monday,49.34
Evening,Python,112.2,9,Wednesday,57.73
Evening,Operating Systems,110.2,4,Wednesday,46.55
Night,Java,88.7,3,Saturday,42.8
Evening,Ai,107.3,5,Wednesday,50.49
Morning,Operating Systems,45.2,5,Thursday,57.94
Evening,Ai,51.9,4,Monday,54.51
Morning,DSA,77.5,7,Saturday,47.52
Morning,Java,78.6,8,Monday,57.46
Morning,DSA,63.0,5,Thursday,58.13
Afternoon,Machine Learning,54.1,9,Wednesday,46.17
Night,Aptitude,118.5,7,Wednesday,40.23
Morning,Machine Learning,100.3,7,Saturday,48.23
Morning,DSA,57.8,8,Monday,53.9
Afternoon,DSA,90.0,4,Wednesday,39.31
Morning,Operating Systems,39.7,10,Sunday,52.77
Evening,DSA,21.0,6,Tuesday,60.14
Evening,Java,48.8,5,Wednesday,47.28
Night,Java,54.3,1,Sunday,46.55
Morning,DBMS,11.8,9,Wednesday,53.29
Afternoon,Ai,99.6,2,Friday,52.52
Evening,Python,49.5,6,Monday,70.15
Afternoon,DSA,73.8,8,Monday,51.95
Afternoon,Machine Learning,18.1,3,Sunday,44.04
Evening,Aptitude,29.2,5,Tuesday,54.19
Afternoon,Ai,107.9,7,Tuesday,54.44
Evening,Ai,77.0,4,Tuesday,56.97
Afternoon,Aptitude,114.5,5,Monday,51.33
Evening,Aptitude,119.9,1,Friday,52.66
Morning,Ai,50.9,4,Friday,61.65
Night,DBMS,42.9,7,Thursday,36.04
Evening,Machine Learning,104.4,10,Monday,50.01
Evening,DBMS,119.8,7,Thursday,63.94
Night,DSA,79.3,10,Wednesday,48.36
Evening,Python,97.5,10,Tuesday,56.35
Evening,Aptitude,96.0,4,Thursday,49.54
Afternoon,Java,49.1,6,Saturday,57.07
Night,Machine Learning,73.2,5,Thursday,39.89
Morning,Aptitude,101.6,1,Monday,55.21
Evening,DBMS,85.7,8,Tuesday,55.87
Night,Operating Systems,12.3,7,Tuesday,42.3
Afternoon,DSA,47.0,5,Friday,38.93
Morning,Python,25.9,10,Thursday,54.79
Night,DSA,35.6,10,Friday,43.01
Morning,Operating Systems,109.6,7,Thursday,54.36
Morning,Python,14.1,10,Monday,54.24
Morning,Operating Systems,34.2,3,Monday,52.67
Evening,DSA,44.1,8,Wednesday,53.07
Evening,DBMS,77.9,5,Thursday,54.36
Afternoon,Ai,68.8,2,Thursday,54.2
Afternoon,DSA,34.0,2,Tuesday,42.99
Night,DSA,28.1,4,Sunday,40.08
Afternoon,DSA,36.0,7,Tuesday,45.65
Morning,Machine Learning,65.3,10,Sunday,57.76
Morning,Operating Systems,39.8,4,Friday,60.09
Evening,Java,114.2,9,Wednesday,56.72
Morning,Operating Systems,61.0,2,Monday,66.16
Night,Aptitude,16.5,6,Thursday,45.99
Morning,Operating Systems,90.2,4,Friday,65.48
Morning,Aptitude,46.2,6,Wednesday,53.45
Night,Machine Learning,81.9,10,Tuesday,35.7
Afternoon,DBMS,40.8,9,Wednesday,56.62
Afternoon,Aptitude,72.8,10,Friday,51.4
Night,DSA,94.9,9,Monday,46.98
Evening,DBMS,112.1,9,Tuesday,60.85
Morning,Ai,38.7,9,Saturday,53.21
Night,Machine Learning,46.8,3,Tuesday,39.92
Morning,Operating Systems,61.1,9,Monday,64.1
Evening,Aptitude,112.0,3,Sunday,50.27
Morning,Java,109.2,10,Tuesday,57.22
Night,DSA,19.9,3,Friday,37.65
Morning,Python,24.5,5,Sunday,63.47
Afternoon,Ai,64.5,6,Tuesday,47.28
Evening,Python,21.7,9,Thursday,61.4
Evening,DBMS,48.0,1,Wednesday,57.47
Evening,Operating Systems,26.3,8,Sunday,58.97
Night,Java,80.0,4,Friday,36.55
Evening,Python,114.4,10,Monday,42.66
Afternoon,DBMS,119.6,7,Friday,58.77
Night,Machine Learning,51.3,6,Thursday,48.06
Afternoon,DBMS,75.9,6,Sunday,41.88
Morning,Ai,104.2,7,Tuesday,55.89
Morning,Java,22.9,4,Tuesday,60.23
Morning,Java,85.9,6,Saturday,55.99
Morning,DBMS,55.0,3,Friday,56.68
Afternoon,Ai,32.7,5,Tuesday,45.76
Night,DBMS,54.3,2,Tuesday,42.6
Night,Java,18.4,3,Thursday,47.47
Evening,Java,86.5,9,Monday,55.08
Afternoon,DSA,37.8,6,Saturday,43.55
Morning,DBMS,44.3,3,Saturday,53.66
Afternoon,Aptitude,23.3,2,Saturday,57.72
Evening,DBMS,105.1,5,Sunday,49.12
Evening,Java,64.3,10,Wednesday,57.6
Afternoon,DSA,72.9,5,Friday,61.32
Afternoon,DSA,72.6,1,Monday,52.46
Afternoon,Machine Learning,55.2,3,Wednesday,50.37
Night,Ai,31.2,7,Monday,51.18
Morning,Operating Systems,92.0,9,Friday,66.96
Afternoon,Python,24.0,5,Saturday,48.86
Afternoon,Python,21.4,4,Thursday,45.36
Afternoon,DBMS,88.1,3,Thursday,49.23
Evening,Machine Learning,33.0,10,Thursday,55.9
Evening,DBMS,43.7,9,Monday,53.28
Night,Python,62.3,7,Friday,45.84
Morning,Ai,59.4,7,Tuesday,68.09
Night,Java,87.9,8,Tuesday,48.93
Morning,Ai,78.6,10,Thursday,62.95
Evening,Ai,80.9,1,Sunday,46.82
Evening,DSA,88.5,4,Monday,52.77
Evening,Java,42.2,5,Tuesday,56.91
Night,Operating Systems,45.5,5,Monday,48.26
Afternoon,Java,58.2,1,Friday,57.94
Afternoon,Machine Learning,43.8,3,Sunday,48.35
Evening,DSA,118.3,2,Sunday,48.3
Afternoon,Operating Systems,99.5,7,Thursday,59.41
Afternoon,Machine Learning,28.1,5,Wednesday,46.61
Night,Machine Learning,10.6,3,Thursday,47.58
Morning,Python,14.7,8,Wednesday,59.12
Evening,DSA,36.8,1,Sunday,47.11
Evening,Machine Learning,22.6,1,Tuesday,46.23
Night,Aptitude,68.7,6,Sunday,35.58
Night,Ai,104.4,1,Saturday,39.63
Afternoon,Machine Learning,91.0,4,Wednesday,54.54
Evening,Operating Systems,33.7,6,Saturday,53.31
Morning,Python,53.9,1,Monday,53.11
Night,DBMS,65.9,9,Sunday,46.15
Morning,Ai,99.1,4,Saturday,56.98
Morning,Python,102.3,9,Wednesday,69.58
Evening,DBMS,110.1,9,Tuesday,52.54
Evening,DSA,66.0,6,Tuesday,49.48
Night,DSA,86.4,7,Sunday,49.66
Evening,Machine Learning,22.3,1,Thursday,58.02
Evening,Aptitude,72.2,5,Tuesday,46.45
Evening,DSA,37.4,3,Monday,55.8
Morning,Java,57.5,10,Wednesday,51.46
Night,Machine Learning,79.7,10,Friday,47.78
Afternoon,Ai,38.3,6,Tuesday,44.43
Morning,Python,15.7,4,Saturday,52.73
Evening,DSA,11.1,9,Wednesday,60.94
Morning,Java,12.4,7,Thursday,62.07
Evening,Python,10.9,4,Friday,60.68
Evening,Python,22.1,6,Thursday,54.58
Morning,Aptitude,36.3,2,Monday,59.6
Night,DSA,34.3,3,Thursday,51.84
Evening,Python,118.5,7,Wednesday,58.6
Night,Aptitude,43.7,4,Friday,56.65
Afternoon,Aptitude,24.0,10,Sunday,46.02
Evening,DSA,70.0,7,Thursday,58.8
Night,Aptitude,104.4,9,Thursday,50.55
Night,DSA,84.6,5,Sunday,41.98
Afternoon,Java,42.6,1,Saturday,53.81
Night,DSA,71.8,5,Saturday,38.32
Night,DBMS,88.6,6,Monday,49.31
Afternoon,Python,90.1,2,Sunday,43.8
Evening,Java,83.3,8,Sunday,45.68
Night,Operating Systems,105.8,2,Wednesday,45.2
Night,DSA,105.7,9,Thursday,43.36
Night,Python,73.7,2,Wednesday,41.46
Morning,Ai,57.3,3,Tuesday,63.83
Afternoon,Aptitude,80.6,8,Monday,57.81
Morning,Machine Learning,100.0,6,Saturday,53.38
Afternoon,DSA,10.6,1,Sunday,51.2
Evening,Aptitude,119.1,4,Monday,51.83
Evening,Aptitude,30.1,5,Monday,54.0
Night,Aptitude,61.7,3,Wednesday,44.75
Afternoon,Aptitude,105.9,1,Sunday,51.17
Evening,Aptitude,34.8,3,Saturday,51.59
Afternoon,DSA,62.4,9,Saturday,36.01
Evening,Ai,24.6,2,Thursday,61.0
Morning,Operating Systems,53.5,1,Thursday,60.57
Evening,DBMS,29.5,7,Wednesday,43.51
Morning,Aptitude,50.0,7,Wednesday,67.1
Evening,Aptitude,51.1,5,Tuesday,62.37
Night,DBMS,119.2,2,Friday,39.61
Morning,Ai,119.4,1,Friday,52.91
Evening,Java,22.6,5,Monday,60.71
Night,Ai,89.9,10,Thursday,50.72
Morning,Java,15.7,4,Saturday,59.41
Night,DSA,13.3,9,Sunday,38.77
Afternoon,Python,21.6,5,Monday,48.04
Afternoon,Machine Learning,116.2,10,Sunday,48.0
Morning,Machine Learning,113.5,2,Saturday,51.8
Evening,Python,31.3,4,Thursday,53.82
Morning,DSA,27.8,9,Thursday,62.92
Night,Machine Learning,36.5,8,Tuesday,47.91
Evening,Ai,66.7,3,Wednesday,62.5
Afternoon,DBMS,72.7,8,Sunday,37.9
Evening,Python,34.4,2,Wednesday,54.51
Afternoon,Ai,93.2,3,Wednesday,48.29
Evening,Operating Systems,44.1,5,Friday,54.91
Evening,DSA,111.4,10,Wednesday,47.64
Evening,Python,82.2,10,Friday,59.84
Night,Machine Learning,58.0,8,Saturday,49.45
Night,DSA,96.9,1,Monday,38.04
Morning,DBMS,100.0,4,Sunday,57.94
Morning,DSA,42.0,1,Friday,65.27
Afternoon,DSA,47.4,1,Thursday,47.81
Night,DBMS,113.0,5,Tuesday,41.33
Afternoon,Aptitude,28.1,6,Sunday,47.89
Morning,DBMS,14.6,1,Tuesday,63.67
Afternoon,Ai,59.9,6,Thursday,43.68
Morning,DSA,98.1,5,Saturday,61.18
Night,Java,94.9,4,Sunday,40.94
Evening,DBMS,111.1,10,Monday,51.66
Night,Aptitude,68.7,5,Tuesday,37.33
Afternoon,Ai,21.0,8,Sunday,43.73
Afternoon,Java,74.8,9,Thursday,46.97
Night,Java,95.6,2,Tuesday,39.02
Night,Python,20.3,6,Friday,49.37
Morning,DBMS,29.0,3,Saturday,57.74
Afternoon,DBMS,11.4,2,Tuesday,54.9
Afternoon,DSA,75.3,1,Saturday,49.57
Night,Ai,107.5,4,Saturday,38.8
Evening,Python,83.8,8,Friday,55.43
Afternoon,Operating Systems,118.0,3,Sunday,43.27
Evening,Operating Systems,16.9,5,Saturday,44.02
Night,Machine Learning,109.3,10,Friday,44.92
Night,DBMS,99.5,5,Tuesday,45.83
Morning,DBMS,44.6,5,Tuesday,56.96
Afternoon,Python,117.1,9,Saturday,53.03
Evening,Aptitude,41.7,8,Friday,53.3
Morning,Operating Systems,107.8,8,Tuesday,66.16
Afternoon,Machine Learning,106.9,1,Saturday,44.23
Morning,Python,93.3,1,Sunday,52.53
Night,DBMS,72.0,2,Monday,52.61
Afternoon,Operating Systems,23.2,8,Wednesday,51.83
Morning,Ai,68.5,10,Sunday,52.27
Morning,Machine Learning,49.2,1,Sunday,52.99
Evening,DSA,97.1,4,Wednesday,49.85
Morning,Operating Systems,93.4,9,Thursday,64.96
Afternoon,Machine Learning,110.2,2,Saturday,34.59
Afternoon,Python,11.6,3,Wednesday,53.39
Evening,DSA,99.0,6,Monday,45.41
Afternoon,Machine Learning,113.2,10,Saturday,35.57
Night,Machine Learning,96.8,3,Wednesday,45.05
Afternoon,Java,24.3,4,Wednesday,43.95
Afternoon,Java,18.9,9,Monday,53.49
Morning,Java,12.3,9,Friday,64.82
Morning,DBMS,79.2,10,Wednesday,57.76
Afternoon,Aptitude,79.3,5,Sunday,49.44
Evening,Operating Systems,118.6,7,Thursday,62.37
Morning,DBMS,53.8,9,Sunday,52.21
Evening,Ai,46.5,8,Wednesday,59.31
Afternoon,DSA,78.7,7,Wednesday,45.11
Afternoon,Aptitude,100.8,8,Monday,50.02
Night,Machine Learning,113.0,5,Monday,39.89
Morning,DBMS,98.3,5,Saturday,54.07
Afternoon,Java,56.9,5,Thursday,48.2
Night,Aptitude,79.8,1,Tuesday,42.0
Morning,Ai,104.2,6,Monday,59.34
Afternoon,Operating Systems,64.0,5,Tuesday,55.84
Afternoon,Ai,33.8,8,Thursday,43.11
Morning,DSA,28.7,8,Wednesday,61.14
Morning,Python,10.0,2,Saturday,53.61
Morning,DBMS,89.0,6,Wednesday,54.91
Afternoon,Java,22.2,10,Sunday,37.72
Afternoon,DSA,36.8,10,Saturday,51.38
Night,Python,42.8,6,Tuesday,45.79
Evening,Java,71.6,3,Sunday,47.5
Morning,Java,53.8,1,Thursday,60.65
Afternoon,Java,84.2,7,Thursday,48.26
Afternoon,DBMS,16.1,10,Monday,55.51
Morning,DSA,23.6,5,Tuesday,53.91
Evening,Java,64.9,10,Saturday,51.29
Morning,Ai,47.1,5,Monday,64.25
Evening,DSA,42.5,8,Tuesday,48.67
Afternoon,Aptitude,17.4,5,Sunday,44.69
Evening,Ai,108.5,5,Monday,48.61
Night,DBMS,86.1,1,Monday,40.66
Afternoon,Java,23.4,2,Thursday,42.23
Night,DSA,17.2,5,Thursday,38.7
Morning,Machine Learning,117.2,7,Wednesday,51.45
Morning,DBMS,84.9,3,Wednesday,56.66
Morning,DSA,55.9,1,Thursday,63.86
Evening,Aptitude,87.2,2,Thursday,56.4
Afternoon,Java,93.2,3,Sunday,53.49
Morning,Python,95.8,9,Monday,60.06
Morning,Java,62.6,8,Wednesday,55.51
Afternoon,Python,57.3,4,Thursday,51.36
Morning,Machine Learning,11.2,8,Tuesday,54.96
Night,DBMS,111.9,9,Tuesday,47.05
Afternoon,Aptitude,76.4,3,Wednesday,42.48
Afternoon,DSA,32.3,6,Tuesday,48.64
Afternoon,DSA,111.2,8,Saturday,53.52
Night,Python,110.6,10,Monday,42.39
Afternoon,Aptitude,118.8,7,Wednesday,47.79
Night,Ai,106.1,9,Saturday,33.36
Afternoon,Machine Learning,119.8,7,Thursday,53.55
Evening,Python,36.9,1,Sunday,53.51
Morning,Python,102.6,9,Sunday,56.4
Evening,Machine Learning,100.5,5,Saturday,50.24
Morning,DBMS,35.4,6,Tuesday,59.64
Night,DSA,20.8,2,Monday,40.5
Evening,DBMS,117.7,2,Thursday,47.98
Afternoon,Aptitude,42.6,4,Friday,50.77
Morning,Ai,105.8,4,Monday,60.07
Morning,Java,10.5,5,Tuesday,58.06
Evening,Operating Systems,12.3,7,Monday,53.47
Night,Operating Systems,61.2,1,Sunday,47.4
Evening,Operating Systems,36.3,10,Friday,56.45
Night,Machine Learning,85.9,4,Friday,36.37
Night,Python,72.2,9,Monday,53.45
Morning,Ai,18.5,8,Sunday,60.4
Evening,DBMS,27.9,3,Thursday,58.05
Evening,Java,52.7,6,Sunday,48.03
Night,DSA,30.4,9,Saturday,45.27
Evening,Operating Systems,97.1,8,Thursday,55.9
Afternoon,DBMS,55.8,7,Friday,44.19
Afternoon,Operating Systems,20.3,7,Wednesday,51.44
Evening,Ai,63.3,1,Wednesday,59.76
Evening,Operating Systems,20.0,5,Thursday,57.84
Night,DSA,24.2,7,Wednesday,35.0
Afternoon,Java,36.4,2,Thursday,52.0
Afternoon,Aptitude,104.5,6,Tuesday,48.18
Morning,Aptitude,111.7,2,Thursday,50.58
Night,Ai,100.9,3,Tuesday,48.25
Morning,Aptitude,46.7,1,Saturday,60.42
Afternoon,Machine Learning,40.0,3,Friday,47.84
Night,Python,70.4,7,Wednesday,41.9
Evening,Machine Learning,89.4,5,Saturday,56.97
Night,DBMS,119.3,4,Saturday,44.74
Evening,Machine Learning,24.5,8,Sunday,53.02
Evening,DBMS,15.4,8,Sunday,56.61
Night,DBMS,86.4,1,Friday,51.06
Evening,Python,101.5,9,Monday,58.61
Morning,DSA,103.1,9,Monday,53.31
Afternoon,Java,84.6,2,Saturday,43.57
Evening,Ai,114.9,2,Saturday,49.4
Morning,Python,66.2,8,Sunday,65.08
Evening,Ai,110.5,6,Friday,56.07
Afternoon,Aptitude,116.5,3,Thursday,46.58
Morning,Aptitude,103.2,2,Thursday,59.0
Afternoon,Machine Learning,44.1,5,Wednesday,54.61
Afternoon,DBMS,31.6,8,Friday,53.07
Morning,Operating Systems,70.3,6,Monday,65.21
Morning,Operating Systems,59.8,3,Friday,54.42
Morning,Ai,106.6,9,Friday,58.95
Night,DBMS,21.0,8,Sunday,38.79
Morning,Ai,38.4,10,Wednesday,67.51
Morning,Python,92.7,6,Thursday,61.31
Morning,DSA,20.4,1,Saturday,53.13
Morning,Java,45.3,2,Monday,49.97
Evening,Python,52.6,4,Wednesday,64.05
Night,DBMS,78.5,2,Monday,52.3
Afternoon,DBMS,27.4,3,Monday,39.74
Morning,DSA,104.7,8,Thursday,60.06
Evening,Ai,59.2,9,Saturday,56.73
Evening,Machine Learning,110.9,6,Saturday,52.39
Evening,Machine Learning,61.5,4,Sunday,47.82
Afternoon,DSA,40.3,2,Thursday,44.27
Morning,Machine Learning,25.6,7,Wednesday,63.84
Night,Operating Systems,10.4,10,Tuesday,48.85
Night,Machine Learning,68.5,7,Wednesday,46.19
Evening,Machine Learning,21.8,10,Wednesday,58.86
Afternoon,Machine Learning,53.1,9,Tuesday,58.93
Afternoon,Operating Systems,74.8,5,Monday,48.37
Afternoon,Ai,40.3,10,Friday,48.38
Night,Machine Learning,29.3,4,Tuesday,40.98
Evening,Aptitude,95.2,10,Friday,50.39
Morning,Operating Systems,114.1,6,Monday,65.97
Night,DSA,21.0,2,Tuesday,50.72
Evening,Python,27.1,2,Thursday,62.33
Evening,DSA,115.6,9,Wednesday,62.33
Morning,Python,14.2,7,Tuesday,62.51
Morning,Java,117.5,7,Tuesday,61.88
Morning,DSA,10.5,5,Monday,62.26
Afternoon,Aptitude,106.1,7,Thursday,47.9
Morning,Python,43.8,9,Tuesday,56.65
Evening,Python,113.2,10,Thursday,57.73
Morning,DBMS,44.9,5,Friday,57.67
Evening,Python,82.0,9,Tuesday,67.85
Night,Python,18.8,1,Thursday,39.55
Afternoon,DBMS,36.7,3,Wednesday,49.7
Night,Machine Learning,95.1,7,Monday,44.45
Night,Machine Learning,68.2,4,Saturday,35.85
Evening,DBMS,112.1,2,Thursday,52.7
Night,Operating Systems,57.2,3,Monday,45.3
Evening,Java,105.7,7,Saturday,46.2
Morning,Python,59.4,8,Tuesday,64.04
Morning,Python,117.7,9,Tuesday,69.89
Evening,DBMS,115.6,6,Friday,53.11
Morning,DBMS,46.2,10,Monday,63.84
Afternoon,Operating Systems,107.5,9,Wednesday,58.54
Night,Aptitude,103.2,4,Sunday,47.03
Afternoon,Machine Learning,33.2,5,Wednesday,44.36
Night,DSA,78.7,1,Thursday,36.31
Morning,Aptitude,18.0,9,Wednesday,58.44
Afternoon,Ai,102.0,9,Saturday,47.3
Morning,Machine Learning,29.2,9,Monday,47.65
Night,Python,17.8,3,Tuesday,47.14
Evening,Ai,54.0,10,Monday,50.87
Evening,Aptitude,73.5,10,Monday,54.41
Afternoon,DBMS,104.0,10,Tuesday,48.44
Morning,Operating Systems,117.2,8,Saturday,55.97
Morning,Machine Learning,58.3,3,Monday,61.76
Afternoon,Operating Systems,16.6,6,Wednesday,45.0
Evening,Ai,92.4,5,Thursday,45.85
Night,Machine Learning,72.2,8,Sunday,44.15
Afternoon,Java,59.3,3,Thursday,53.23
Night,Java,44.0,1,Monday,47.69
Evening,Aptitude,65.3,9,Saturday,47.57
Morning,Python,47.3,10,Tuesday,65.05
Evening,Java,93.3,9,Friday,48.6
Afternoon,Java,69.8,3,Saturday,45.49
Morning,DSA,106.5,2,Monday,66.59
Afternoon,Operating Systems,69.8,4,Monday,52.99
Afternoon,Operating Systems,36.2,8,Friday,49.64
Evening,Java,103.6,6,Thursday,54.28
Afternoon,DSA,71.3,10,Saturday,40.49
Evening,Operating Systems,32.8,1,Thursday,63.1
Morning,Operating Systems,78.6,8,Sunday,62.05
Evening,Machine Learning,49.3,5,Friday,56.99
Morning,Machine Learning,102.9,6,Tuesday,57.54
Evening,DSA,59.9,5,Sunday,49.18
Night,Ai,89.9,10,Monday,41.2
Night,Python,20.5,5,Wednesday,54.16
Afternoon,Aptitude,53.6,3,Thursday,40.93
Evening,Java,118.2,4,Thursday,57.83
Evening,Java,98.9,5,Saturday,44.12
Morning,Aptitude,27.6,2,Sunday,55.99
Afternoon,Java,40.6,6,Sunday,46.88
Evening,Java,46.3,2,Thursday,48.6
Afternoon,Ai,81.5,4,Tuesday,45.73
Night,Operating Systems,93.3,1,Friday,48.64
Evening,Python,92.4,4,Tuesday,64.39
Evening,Java,66.1,7,Thursday,56.56
Afternoon,DSA,99.2,8,Saturday,42.56
Evening,Ai,58.1,2,Monday,50.16
Afternoon,Java,23.6,3,Thursday,46.3
Evening,DSA,72.1,1,Monday,53.89
Morning,Machine Learning,114.8,7,Saturday,56.29
Afternoon,Operating Systems,97.2,4,Monday,56.14
Evening,DBMS,73.7,10,Thursday,54.63
Night,Java,81.1,8,Thursday,41.69
Evening,DSA,112.4,5,Monday,48.36
Night,Ai,57.1,9,Tuesday,43.96
Night,Operating Systems,46.5,6,Tuesday,36.76
Morning,Python,117.5,10,Saturday,55.98
Afternoon,Ai,105.0,2,Tuesday,43.7
Evening,Machine Learning,45.5,1,Sunday,48.7
Morning,Aptitude,61.0,1,Wednesday,62.28
Evening,Java,55.7,9,Monday,56.9
Night,Python,26.4,1,Wednesday,50.42
Afternoon,DSA,115.4,3,Wednesday,44.38
Evening,Java,54.5,2,Sunday,59.09
Evening,DSA,106.3,4,Monday,57.33
Night,Python,30.8,1,Wednesday,50.15
Evening,DSA,70.3,1,Saturday,56.63
Evening,Ai,12.6,4,Saturday,52.88
Night,Operating Systems,94.1,4,Monday,44.42
Morning,DSA,73.9,7,Friday,65.74
Night,Machine Learning,78.8,8,Friday,38.82
Morning,Operating Systems,15.7,8,Sunday,55.94
Afternoon,Ai,33.2,8,Monday,55.79
Morning,Java,18.2,9,Monday,58.96
Morning,DBMS,41.8,1,Monday,57.06
Afternoon,Java,79.0,9,Tuesday,45.28
Morning,DSA,72.3,10,Monday,60.19
Night,DSA,77.3,8,Saturday,38.86
Morning,Machine Learning,70.4,1,Saturday,57.45
Afternoon,Ai,40.0,7,Thursday,58.21
Night,Machine Learning,36.9,9,Friday,48.36
Afternoon,Aptitude,25.1,4,Friday,38.38
Afternoon,Ai,103.4,9,Sunday,50.59
Evening,Python,77.8,1,Monday,60.94
Evening,Python,30.5,9,Friday,55.51
Afternoon,Python,29.5,6,Monday,58.22
Afternoon,Machine Learning,106.0,4,Monday,49.47
Afternoon,Python,91.7,5,Friday,42.28
Evening,Ai,82.5,7,Friday,55.71
Evening,Python,54.8,10,Thursday,55.64
Morning,DBMS,38.8,4,Sunday,53.86
Morning,Python,117.7,8,Wednesday,63.81
Afternoon,DSA,97.7,3,Thursday,52.25
Night,Aptitude,43.2,2,Thursday,48.35
Night,Machine Learning,103.2,1,Friday,46.5
Evening,Operating Systems,93.5,6,Sunday,46.22
Evening,Aptitude,42.7,2,Saturday,46.69
Evening,DBMS,56.9,8,Sunday,53.35
Afternoon,Machine Learning,30.5,10,Thursday,53.39
Night,Ai,22.2,4,Saturday,43.77
Morning,Java,89.5,9,Friday,49.47
Afternoon,Machine Learning,39.4,4,Tuesday,50.74
Morning,DSA,100.2,4,Monday,51.21
Morning,Ai,119.5,8,Wednesday,63.43
Afternoon,Aptitude,18.4,8,Saturday,44.21
Morning,Aptitude,62.0,5,Tuesday,61.51
Night,Python,98.2,3,Saturday,54.52
Morning,Ai,96.8,2,Monday,58.23
Night,Java,93.6,9,Monday,41.23
Night,DSA,48.4,9,Sunday,38.83
Night,Python,59.9,5,Wednesday,39.49
Evening,Python,75.4,8,Thursday,51.98
Morning,Java,117.1,7,Monday,65.33
Afternoon,Machine Learning,46.0,3,Wednesday,38.13
Afternoon,Aptitude,111.5,5,Saturday,43.86
Morning,Python,39.6,9,Saturday,60.2
Evening,DBMS,118.8,4,Saturday,49.95
Evening,DBMS,83.7,3,Sunday,58.75
Night,Aptitude,61.0,7,Saturday,41.17
Morning,DBMS,77.5,8,Saturday,55.31
Morning,Java,40.0,5,Friday,60.75
Afternoon,Machine Learning,40.2,8,Monday,49.36
Morning,DSA,22.5,5,Sunday,56.0
Evening,Operating Systems,22.5,9,Monday,54.64
Morning,Python,48.2,7,Thursday,52.23
Afternoon,Operating Systems,93.9,5,Sunday,41.35
Night,DSA,76.9,9,Thursday,46.89
Afternoon,DSA,21.3,5,Sunday,51.04
Afternoon,Java,103.7,8,Friday,56.39
Night,Machine Learning,76.2,4,Monday,35.78
Afternoon,DBMS,115.7,9,Sunday,42.81
Afternoon,DBMS,83.7,6,Thursday,57.48
Morning,Java,29.3,6,Sunday,55.1
Morning,DSA,62.1,3,Wednesday,62.09
Night,Machine Learning,81.3,3,Saturday,56.84
Morning,Machine Learning,13.1,4,Saturday,60.25
Morning,Aptitude,11.6,1,Monday,58.92
Afternoon,Ai,24.2,6,Saturday,46.3
Evening,Python,37.7,1,Saturday,56.63
Morning,Java,57.3,4,Wednesday,50.4
Evening,Ai,63.6,7,Tuesday,57.21
Morning,Java,25.2,6,Friday,58.62
Morning,DBMS,84.1,8,Thursday,59.61
Night,DSA,75.6,4,Tuesday,44.53
Night,Java,42.4,9,Thursday,52.83
Night,Java,11.5,10,Tuesday,46.28
Evening,Aptitude,18.5,8,Saturday,53.17
Afternoon,Operating Systems,53.1,5,Thursday,53.58
Morning,DBMS,26.9,6,Friday,60.36
Morning,Python,51.5,5,Monday,65.31
Morning,Machine Learning,79.1,6,Wednesday,57.43
Evening,DSA,70.2,1,Tuesday,59.82
Night,DBMS,35.4,4,Wednesday,51.39
Afternoon,Operating Systems,47.8,9,Wednesday,53.36
Evening,Java,77.5,4,Thursday,43.54
Night,Python,104.7,2,Monday,47.88
Evening,Java,92.9,6,Thursday,45.38
Afternoon,Python,70.9,2,Wednesday,53.91
Night,Aptitude,49.9,3,Saturday,50.02
Evening,Java,50.2,7,Sunday,57.71
Afternoon,DBMS,106.7,4,Friday,48.66
Morning,Operating Systems,14.3,1,Monday,59.2
Afternoon,Python,118.7,9,Monday,42.81
Morning,DSA,83.1,6,Saturday,56.07
Evening,Python,84.9,9,Wednesday,55.98
Night,Operating Systems,14.2,3,Thursday,38.72
Night,Machine Learning,76.6,5,Saturday,35.09
Evening,Machine Learning,63.3,9,Friday,47.01
Night,Aptitude,21.6,6,Tuesday,55.74
Night,DBMS,40.6,2,Thursday,45.6
Morning,Operating Systems,107.9,1,Monday,63.77
Evening,Aptitude,70.5,9,Saturday,56.58
Afternoon,Ai,55.5,1,Thursday,58.06
Morning,Python,18.0,5,Tuesday,69.9
Evening,Ai,88.6,1,Sunday,56.72
Morning,Python,87.3,5,Sunday,51.39
Afternoon,Machine Learning,77.5,5,Friday,52.76
Afternoon,Aptitude,66.1,7,Sunday,45.0
Evening,Machine Learning,57.7,7,Sunday,43.68
Afternoon,DSA,75.3,10,Saturday,44.14
Morning,Ai,35.7,1,Friday,60.77
Afternoon,Ai,113.5,9,Tuesday,37.17
Morning,Machine Learning,74.8,1,Tuesday,60.0
Morning,DSA,44.2,5,Sunday,61.68
Afternoon,Python,59.5,7,Wednesday,52.43
Evening,Aptitude,98.6,8,Monday,49.59
Night,DSA,27.8,2,Wednesday,47.05
Afternoon,Aptitude,42.2,1,Thursday,49.87
Morning,Ai,84.7,4,Tuesday,68.71
Morning,Aptitude,44.7,4,Wednesday,48.51
Afternoon,Ai,97.2,10,Monday,37.12
Evening,DSA,24.3,6,Monday,53.5
Evening,Ai,93.9,1,Tuesday,52.7
Morning,Java,17.5,1,Saturday,58.35
Morning,DBMS,11.4,3,Wednesday,62.08
Evening,Ai,108.8,5,Friday,62.6
Night,Machine Learning,73.9,6,Tuesday,41.79
Afternoon,DSA,48.7,5,Sunday,48.25
Morning,Java,35.6,5,Thursday,53.42
Morning,Python,77.9,9,Wednesday,74.33
Evening,Aptitude,66.0,2,Wednesday,60.53
Afternoon,Java,119.1,1,Tuesday,54.41
Evening,Operating Systems,118.2,6,Saturday,47.96
Afternoon,Java,79.9,9,Wednesday,56.81
Afternoon,DSA,58.7,7,Wednesday,54.07
Afternoon,Java,64.0,8,Thursday,53.2
Morning,Java,85.1,5,Saturday,56.49
Night,Machine Learning,21.2,10,Thursday,37.74
Evening,Ai,46.1,4,Friday,54.72
Night,Aptitude,18.3,6,Thursday,41.06
Evening,DBMS,18.1,3,Sunday,53.92
Afternoon,Python,31.5,1,Friday,46.5
Morning,DBMS,63.4,4,Thursday,56.41
Night,Java,96.3,9,Friday,34.58
Morning,Operating Systems,63.4,4,Saturday,59.66
Evening,DSA,46.9,1,Thursday,56.16
Morning,Aptitude,19.1,4,Thursday,57.47
Morning,DSA,70.5,7,Tuesday,46.8
Night,Machine Learning,39.8,3,Thursday,34.56
Afternoon,DSA,77.6,10,Friday,49.5
Morning,Python,117.5,6,Tuesday,67.0
Afternoon,Operating Systems,22.2,1,Friday,45.05
Evening,DBMS,33.3,4,Thursday,61.05
Morning,Java,62.0,3,Thursday,68.4
Night,Java,116.5,1,Friday,47.27
Evening,Operating Systems,94.9,3,Saturday,57.22
Evening,Aptitude,108.8,4,Saturday,46.37
Night,DSA,46.7,5,Sunday,32.09
Morning,Aptitude,119.1,6,Saturday,66.31
Morning,DBMS,21.3,2,Wednesday,55.05
Evening,Aptitude,15.8,2,Tuesday,60.76
Morning,Machine Learning,104.1,6,Tuesday,60.1
Afternoon,Operating Systems,112.0,5,Saturday,55.8
Night,DBMS,20.0,1,Thursday,48.88
Afternoon,DBMS,22.5,3,Tuesday,44.14
Morning,Ai,13.6,5,Friday,58.27
Evening,DBMS,21.5,2,Thursday,58.51
Night,Ai,33.0,1,Tuesday,42.26
Morning,Python,116.7,9,Monday,67.23
Morning,Java,83.5,5,Tuesday,60.48
Evening,Ai,95.6,2,Saturday,57.33
Evening,Operating Systems,95.4,10,Friday,60.64
Afternoon,Aptitude,68.9,4,Tuesday,51.55
Night,Ai,97.7,3,Sunday,41.33
Night,DBMS,75.5,7,Wednesday,42.32
Evening,Operating Systems,44.6,1,Saturday,46.27
Afternoon,Ai,71.7,10,Sunday,55.6
Night,Ai,68.7,4,Sunday,42.4
Evening,DBMS,100.6,7,Wednesday,53.76
Morning,Machine Learning,118.0,10,Thursday,56.83
Night,Machine Learning,55.2,5,Wednesday,42.74
Afternoon,Ai,94.0,4,Friday,47.55
Afternoon,Machine Learning,21.0,4,Monday,45.14
Afternoon,DSA,95.5,2,Monday,42.18
Morning,DBMS,50.9,8,Thursday,60.23
Night,DSA,14.3,4,Thursday,50.53
Night,Operating Systems,50.0,2,Wednesday,41.39
Morning,DSA,77.2,9,Sunday,58.76
Night,Operating Systems,23.1,10,Friday,47.88
Morning,Ai,111.6,7,Wednesday,62.01
Morning,Operating Systems,18.5,3,Friday,69.37
Morning,Operating Systems,112.3,7,Friday,63.01
Afternoon,Aptitude,87.8,1,Monday,50.34
Night,DSA,46.3,1,Sunday,42.68
Morning,Aptitude,53.0,4,Friday,64.23
Night,Ai,91.5,4,Tuesday,53.7
Afternoon,DBMS,76.2,4,Friday,48.8
Morning,DSA,83.9,9,Monday,59.9
Evening,DBMS,52.8,6,Saturday,67.31
Afternoon,DBMS,63.7,3,Wednesday,49.75
Evening,Operating Systems,118.9,6,Friday,54.55
Night,Java,33.5,2,Tuesday,40.8
Night,DSA,56.0,2,Thursday,44.42
Afternoon,DBMS,42.1,7,Wednesday,49.63
Night,Java,94.2,3,Thursday,46.97
Evening,Machine Learning,94.0,7,Tuesday,54.35
Morning,DBMS,42.2,3,Monday,50.13
Morning,Machine Learning,19.0,2,Saturday,48.47
Morning,DSA,11.3,4,Sunday,55.19
Afternoon,Ai,57.0,4,Monday,47.87
Night,Aptitude,55.1,3,Saturday,36.83
Evening,DSA,118.7,9,Sunday,41.8
Night,Aptitude,61.7,6,Wednesday,53.12
Night,Aptitude,38.2,5,Friday,53.04
Night,DSA,108.0,6,Friday,47.79
Morning,DBMS,64.0,8,Thursday,57.07
Evening,Python,75.9,5,Monday,64.35
Evening,DBMS,20.5,4,Friday,51.4
Night,DBMS,52.1,7,Saturday,44.18
Morning,Ai,113.9,5,Sunday,53.05
Morning,Operating Systems,74.8,4,Friday,60.12
Evening,Operating Systems,47.9,5,Monday,57.43
Morning,DBMS,78.8,4,Monday,52.51
Morning,Machine Learning,110.1,8,Tuesday,55.89
Morning,Ai,40.1,8,Sunday,58.25
Afternoon,Aptitude,65.6,1,Thursday,43.73
Night,Java,115.5,3,Sunday,37.29
Evening,Operating Systems,29.0,4,Monday,56.26
Evening,DBMS,89.2,2,Sunday,49.33
Afternoon,Ai,77.6,5,Tuesday,43.85
Night,Python,84.8,8,Sunday,44.15
Evening,Machine Learning,48.6,2,Monday,55.18
Morning,DSA,44.5,9,Wednesday,70.22
Evening,DBMS,85.3,7,Saturday,52.42
Morning,Ai,33.7,6,Saturday,57.06
Afternoon,DBMS,56.2,8,Wednesday,48.58
Morning,Java,30.7,2,Wednesday,65.75
Evening,Aptitude,10.9,5,Monday,56.63
Evening,Machine Learning,116.7,4,Friday,57.18
Evening,Operating Systems,57.5,8,Friday,56.11
Afternoon,Operating Systems,116.6,1,Wednesday,54.57
Afternoon,Operating Systems,25.4,3,Thursday,51.89
Night,Java,74.6,10,Saturday,34.96
Evening,DSA,32.1,8,Tuesday,52.56
Morning,Ai,96.9,5,Wednesday,58.71
Afternoon,Machine Learning,96.2,4,Saturday,47.22
Evening,Machine Learning,22.4,6,Tuesday,53.76
Evening,Operating Systems,110.3,5,Sunday,58.65
Afternoon,Operating Systems,31.4,3,Tuesday,51.99
Night,Aptitude,77.4,5,Wednesday,47.36
Afternoon,Java,118.4,4,Friday,44.93
Afternoon,Python,107.1,1,Thursday,52.75
Morning,Python,115.2,1,Saturday,57.93
Morning,DBMS,47.7,7,Wednesday,49.68
Night,DBMS,21.6,4,Tuesday,38.43
Evening,Machine Learning,30.7,1,Saturday,53.61
Afternoon,Machine Learning,65.1,6,Monday,51.27
Night,DSA,97.3,1,Sunday,38.05
Morning,DSA,26.5,8,Monday,56.21
Afternoon,Python,82.6,9,Saturday,43.33
Evening,Java,45.6,3,Saturday,56.95
Morning,DBMS,47.5,7,Tuesday,55.95
Morning,Python,82.8,5,Wednesday,59.15
Morning,Java,61.4,3,Friday,65.08
Night,Python,99.3,5,Wednesday,51.98
Evening,DBMS,27.2,10,Thursday,54.1
Afternoon,Ai,96.9,7,Saturday,47.06
Night,DSA,17.1,7,Monday,46.35
Night,Aptitude,31.3,9,Tuesday,42.95
Night,Aptitude,82.2,8,Friday,44.5
Morning,Aptitude,104.0,4,Sunday,56.02
Evening,DBMS,37.8,5,Wednesday,58.44
Night,Operating Systems,46.0,5,Thursday,52.08
Afternoon,Operating Systems,69.1,10,Wednesday,55.73
Evening,Operating Systems,33.3,2,Sunday,57.08
Afternoon,Machine Learning,99.2,7,Thursday,42.52
Evening,DSA,95.1,7,Wednesday,60.46
Afternoon,DSA,26.0,9,Friday,45.62
Morning,Ai,61.0,9,Friday,51.09
Night,Ai,95.2,4,Tuesday,40.75
Afternoon,Machine Learning,47.1,5,Friday,47.54
Evening,Python,79.6,7,Thursday,46.81
Night,Java,15.5,10,Tuesday,48.56
Night,Ai,77.0,7,Sunday,46.16
Evening,Aptitude,26.8,10,Friday,53.09
Afternoon,Operating Systems,101.4,8,Monday,44.17
Morning,Aptitude,49.1,8,Sunday,61.62
Morning,Operating Systems,41.0,2,Thursday,55.38
Afternoon,Aptitude,102.5,9,Sunday,38.9
Night,Python,15.5,4,Sunday,43.68
Night,Java,53.6,1,Tuesday,45.13
Night,Aptitude,50.7,1,Thursday,46.57
Night,Aptitude,41.3,5,Tuesday,48.84
Afternoon,DBMS,110.3,7,Thursday,54.45
Night,Java,92.6,5,Monday,38.68
Evening,Aptitude,17.0,3,Sunday,41.81
Night,DBMS,88.6,7,Friday,47.3
Morning,DSA,68.0,1,Wednesday,59.25
Night,Java,109.1,1,Sunday,39.71
Afternoon,Machine Learning,44.4,2,Wednesday,47.28
Morning,Java,73.2,1,Wednesday,55.82
Afternoon,Java,65.1,9,Sunday,55.64
Afternoon,Aptitude,63.9,4,Tuesday,39.94
Morning,DSA,60.2,7,Friday,61.12
Afternoon,Java,32.6,5,Sunday,40.57
Afternoon,Ai,93.1,7,Saturday,43.69
Night,Ai,59.6,7,Tuesday,42.8
Evening,DBMS,115.4,1,Sunday,47.09
Afternoon,Aptitude,38.7,1,Sunday,45.87
Afternoon,Aptitude,85.1,3,Tuesday,36.86
Afternoon,Java,113.5,10,Sunday,39.33
Night,Python,83.0,2,Tuesday,37.73
Evening,DSA,105.8,7,Sunday,44.89
Morning,Operating Systems,101.0,3,Saturday,53.02
Night,Operating Systems,49.6,7,Sunday,41.97
Night,Python,76.0,9,Tuesday,43.78
Evening,DBMS,27.2,1,Friday,50.65
Evening,Operating Systems,68.9,3,Sunday,49.38
Night,Java,35.3,6,Wednesday,41.51
Morning,Operating Systems,91.8,9,Thursday,58.14
Night,Ai,68.1,5,Tuesday,43.33
Evening,Ai,55.2,3,Sunday,48.1
Morning,Machine Learning,39.6,8,Friday,50.12
Evening,DSA,119.9,5,Monday,53.76
Morning,DBMS,17.9,6,Thursday,64.18
Afternoon,Aptitude,14.8,2,Tuesday,44.7
Evening,DSA,33.9,4,Tuesday,53.45
Evening,DBMS,116.8,1,Sunday,49.78
Night,Operating Systems,117.7,4,Thursday,47.9
Evening,Machine Learning,82.0,1,Thursday,48.66
Evening,DSA,106.8,4,Tuesday,52.92
Afternoon,Operating Systems,33.5,2,Friday,49.38
Evening,DBMS,116.9,6,Monday,56.27
Afternoon,DSA,25.7,6,Sunday,40.49
Afternoon,Aptitude,21.1,8,Friday,51.52
Afternoon,DSA,22.3,9,Saturday,43.34
Afternoon,Operating Systems,73.0,8,Wednesday,52.57
Morning,Java,95.9,1,Wednesday,58.01
Night,Java,50.3,3,Wednesday,51.26
Morning,DSA,117.6,6,Tuesday,50.95
Evening,Aptitude,57.8,1,Sunday,54.72
Morning,Machine Learning,26.5,8,Sunday,56.56
Morning,Machine Learning,61.3,6,Monday,60.31
Evening,Java,84.7,1,Monday,60.27
Evening,Operating Systems,101.5,10,Sunday,43.01
Evening,DBMS,60.5,2,Saturday,62.83
Morning,Operating Systems,75.3,6,Tuesday,62.59
Morning,Machine Learning,39.4,10,Tuesday,67.65
Evening,Python,81.1,8,Tuesday,66.33
Night,Python,118.5,5,Monday,49.14
Night,DSA,15.4,1,Tuesday,45.29
Afternoon,Aptitude,107.5,10,Thursday,53.75
Evening,Java,71.9,2,Thursday,43.59
Afternoon,Ai,37.7,4,Thursday,49.56
Night,Ai,115.0,4,Tuesday,49.84
Afternoon,Ai,63.2,7,Thursday,57.64
Evening,DSA,46.5,2,Sunday,49.43
Evening,Python,30.0,7,Saturday,55.8
Evening,Machine Learning,36.9,7,Tuesday,55.86
Morning,DSA,101.6,7,Saturday,55.59
Afternoon,Ai,77.6,3,Thursday,45.33
Night,Ai,110.5,6,Tuesday,41.69
Night,Java,35.5,6,Friday,39.78
Night,Operating Systems,23.3,4,Wednesday,37.44
Morning,Ai,10.7,1,Friday,59.15
Morning,Aptitude,65.9,9,Wednesday,71.08
Evening,Ai,119.8,2,Wednesday,56.23
Night,Operating Systems,86.4,9,Thursday,43.57
Morning,Ai,43.9,8,Wednesday,61.86
Evening,Aptitude,106.5,1,Wednesday,50.87
Night,Machine Learning,96.0,7,Friday,34.7
Afternoon,DSA,11.7,10,Wednesday,45.55
Evening,Aptitude,99.9,3,Tuesday,49.35
Morning,Operating Systems,43.1,10,Saturday,47.76
Morning,DSA,26.5,10,Sunday,53.25
Evening,DSA,34.9,9,Saturday,53.44
Evening,Operating Systems,61.5,5,Tuesday,56.97
Morning,Java,56.7,3,Sunday,58.36
Afternoon,Python,41.8,8,Thursday,60.35
Night,Ai,28.9,3,Sunday,39.24
Afternoon,Aptitude,93.8,7,Sunday,49.16
Evening,Operating Systems,118.9,7,Friday,53.06
Afternoon,Machine Learning,95.6,7,Sunday,52.11
Morning,DBMS,42.6,1,Sunday,52.96
Evening,Operating Systems,36.9,5,Monday,58.72
Night,Ai,33.9,1,Saturday,43.25
Morning,Ai,25.0,7,Friday,66.1
Morning,DSA,70.6,8,Saturday,56.05
Night,DSA,76.6,7,Monday,42.82
Night,Operating Systems,87.6,1,Wednesday,43.21
Afternoon,DBMS,84.8,3,Monday,49.23
Evening,Java,42.2,10,Wednesday,45.67
Night,Operating Systems,46.3,3,Saturday,39.39
Night,DBMS,85.0,7,Sunday,39.09
Evening,Java,48.4,4,Friday,49.3
Night,DBMS,33.4,3,Friday,42.19
Night,Ai,51.2,6,Thursday,40.51
Afternoon,Ai,39.9,10,Saturday,44.43
Morning,Ai,19.7,6,Thursday,63.12
Morning,Machine Learning,101.3,10,Sunday,58.13
Morning,Ai,103.8,5,Saturday,64.89
Morning,Aptitude,34.2,6,Sunday,58.54
Night,DSA,17.1,3,Wednesday,36.4
Evening,DSA,91.3,10,Saturday,49.35
Evening,DBMS,33.3,5,Saturday,48.8
Afternoon,DSA,53.3,9,Wednesday,44.09
Afternoon,Python,17.1,4,Tuesday,57.36
Night,Java,34.9,2,Sunday,44.27
Evening,DBMS,97.2,5,Tuesday,55.35
Evening,DSA,98.5,3,Saturday,43.58
Morning,Python,32.8,3,Tuesday,61.59
Night,Java,47.0,4,Friday,56.63
Night,Machine Learning,24.8,4,Saturday,35.82
Morning,DSA,18.2,5,Monday,57.91
Night,Python,119.1,7,Wednesday,53.94
Night,Operating Systems,82.1,4,Thursday,42.81
Afternoon,Aptitude,69.6,7,Wednesday,47.7
Evening,Operating Systems,94.2,9,Saturday,50.86
Night,Python,102.4,3,Monday,48.73
Afternoon,DBMS,98.7,5,Wednesday,45.32
Evening,Ai,11.8,4,Thursday,59.62
Morning,Ai,30.5,9,Thursday,58.03
Afternoon,Ai,82.0,5,Monday,51.03
Afternoon,Java,51.3,10,Thursday,47.92
Evening,DBMS,118.1,2,Friday,48.32
Morning,Java,83.2,10,Thursday,49.02
Afternoon,DSA,115.2,1,Sunday,47.14
Night,Ai,32.2,7,Monday,35.92
Night,Operating Systems,105.0,1,Monday,48.82
Night,DBMS,45.3,8,Wednesday,45.64
Morning,DBMS,118.9,9,Thursday,70.12
Afternoon,Ai,27.3,7,Thursday,47.08
Night,Operating Systems,66.8,9,Saturday,50.67
Morning,Machine Learning,97.2,10,Saturday,53.55
Night,DBMS,57.6,6,Monday,49.65
Evening,Ai,61.5,7,Saturday,54.73
Afternoon,Aptitude,118.5,3,Wednesday,40.83
Afternoon,Python,56.8,9,Sunday,64.97
Morning,Java,76.4,3,Wednesday,68.09
Morning,DSA,16.0,6,Friday,60.99
Afternoon,DBMS,102.6,4,Sunday,53.64
Night,Aptitude,81.3,9,Friday,46.37
Night,Aptitude,54.4,1,Monday,49.43
Evening,DBMS,11.8,9,Wednesday,55.78
Night,Machine Learning,75.1,4,Wednesday,37.79
Morning,Python,11.4,10,Friday,61.49
Morning,DSA,10.1,5,Sunday,53.38
Night,DBMS,77.8,1,Saturday,45.16
Morning,Java,30.8,1,Friday,54.73
Afternoon,DSA,31.1,6,Monday,49.74
Afternoon,Operating Systems,81.9,10,Sunday,39.95
Night,Aptitude,15.9,1,Wednesday,48.85
Afternoon,Aptitude,44.5,2,Monday,43.91
Afternoon,DBMS,26.4,3,Friday,53.02
Evening,DBMS,73.8,7,Thursday,55.59
Evening,Java,82.8,2,Friday,60.21
Afternoon,Operating Systems,89.3,5,Wednesday,49.24
Night,Machine Learning,38.1,9,Monday,47.07
Evening,DBMS,19.8,10,Saturday,52.74
Morning,Aptitude,18.7,8,Saturday,59.14
Morning,DSA,56.9,8,Wednesday,50.04
Morning,Python,114.0,2,Friday,58.78
Night,Ai,34.0,1,Friday,44.18
Afternoon,DSA,38.2,9,Tuesday,55.85
Morning,Machine Learning,21.1,10,Friday,59.73
Night,Python,76.6,4,Wednesday,38.41
Evening,DSA,84.8,9,Sunday,53.19
Afternoon,DSA,80.7,7,Sunday,41.61
Evening,Operating Systems,104.7,6,Monday,51.05
Night,Ai,63.5,10,Monday,44.71
Morning,Java,24.8,9,Tuesday,61.38
Morning,Machine Learning,41.8,10,Saturday,51.11
Night,Aptitude,82.9,4,Wednesday,36.27
Morning,Operating Systems,77.4,1,Friday,59.11
Afternoon,Python,68.4,5,Thursday,50.88
Night,Ai,85.1,6,Monday,52.17
Evening,Aptitude,80.1,6,Wednesday,55.21
Night,Operating Systems,106.9,1,Sunday,47.89
Afternoon,Ai,74.5,7,Tuesday,60.58
Afternoon,Java,95.6,8,Thursday,44.46
Night,Machine Learning,37.4,5,Saturday,47.35
Night,DBMS,84.6,2,Wednesday,49.66
Morning,Java,109.2,2,Friday,48.91
Afternoon,DBMS,52.4,5,Saturday,46.06
Night,Python,95.7,7,Sunday,47.53
Night,DBMS,89.7,7,Monday,46.69
Afternoon,Operating Systems,16.5,4,Sunday,55.29
Night,Python,74.0,3,Friday,49.95
Morning,Aptitude,24.3,9,Tuesday,52.85
Afternoon,Java,116.4,7,Monday,53.96
Morning,Java,99.3,2,Thursday,54.28
Morning,Machine Learning,22.1,1,Monday,55.24
Morning,Python,23.4,2,Sunday,64.49
Morning,Aptitude,75.4,3,Friday,64.93
Afternoon,Java,47.9,5,Saturday,47.19
Morning,Python,13.8,3,Wednesday,58.38
Morning,DSA,69.6,10,Sunday,55.0
Night,DSA,52.7,9,Wednesday,43.44
Afternoon,Python,21.1,10,Wednesday,49.17
Afternoon,Java,98.2,4,Sunday,52.68
Evening,Ai,110.7,7,Sunday,49.92
Afternoon,DBMS,93.2,4,Sunday,45.69
Afternoon,DSA,100.5,3,Tuesday,47.83
Evening,Ai,33.8,10,Tuesday,58.49
Afternoon,Ai,39.0,1,Wednesday,51.27
Afternoon,Machine Learning,32.9,9,Thursday,49.09
Afternoon,Aptitude,94.2,1,Friday,45.29
Afternoon,Operating Systems,114.3,1,Thursday,51.17
Evening,DSA,88.9,1,Sunday,54.73
Afternoon,Python,107.0,5,Sunday,47.28
Afternoon,DBMS,80.3,7,Wednesday,50.73
Evening,Operating Systems,52.6,7,Friday,59.6
Night,Aptitude,56.8,10,Tuesday,40.99
Morning,Ai,18.3,1,Monday,56.06
Night,Aptitude,13.5,6,Monday,44.4
Evening,Java,86.5,9,Friday,58.9
Morning,DSA,58.2,6,Thursday,44.09
Evening,Aptitude,70.7,4,Friday,54.02
Evening,Aptitude,71.3,10,Thursday,51.48
Afternoon,DBMS,40.5,9,Sunday,48.79
Morning,Java,62.3,3,Saturday,56.51
Afternoon,Java,61.8,10,Thursday,55.71
Morning,Ai,52.7,4,Monday,63.25
Evening,DBMS,100.3,4,Tuesday,53.86
Evening,DBMS,59.6,4,Wednesday,49.91
Night,Python,76.4,6,Sunday,45.75
Morning,Aptitude,108.5,7,Tuesday,58.5
Afternoon,Aptitude,105.3,9,Wednesday,48.98
Night,Java,107.9,3,Saturday,36.19
Night,Aptitude,39.7,8,Monday,45.76
Night,Machine Learning,13.8,8,Sunday,37.46
Afternoon,DBMS,38.7,1,Wednesday,47.97
Night,Operating Systems,40.7,5,Saturday,23.91
Afternoon,Java,110.0,10,Sunday,47.17
Night,DSA,81.4,5,Thursday,39.24
Afternoon,Java,19.0,8,Friday,52.58
Evening,Ai,24.9,8,Sunday,52.36
Evening,Operating Systems,27.1,2,Sunday,44.65
Evening,Ai,79.3,3,Wednesday,54.48
Evening,Python,90.9,2,Tuesday,58.07
Evening,Python,104.6,1,Monday,67.43
Night,Ai,113.5,2,Monday,48.0
Night,Aptitude,32.2,10,Sunday,35.54
Night,Operating Systems,44.1,6,Sunday,51.72
Afternoon,Aptitude,36.4,1,Saturday,45.63
Afternoon,Java,49.5,6,Friday,48.6
Afternoon,Machine Learning,110.6,1,Thursday,57.71
Afternoon,Python,73.3,2,Sunday,45.86
Evening,Python,91.2,8,Thursday,56.21
Evening,Operating Systems,63.9,6,Monday,46.84
Evening,Python,13.2,9,Thursday,56.8
Morning,Machine Learning,17.1,1,Sunday,54.24
Night,Machine Learning,69.2,5,Sunday,38.01
Afternoon,Machine Learning,89.1,7,Saturday,45.79
Afternoon,DSA,33.7,9,Friday,44.91
Evening,Machine Learning,89.4,9,Monday,60.32
Afternoon,Machine Learning,99.2,4,Thursday,48.09
Afternoon,DSA,55.3,4,Wednesday,45.15
Night,Aptitude,92.1,4,Wednesday,38.04
Evening,Java,54.4,3,Saturday,52.24
Night,DBMS,84.6,8,Thursday,49.59
Morning,Python,94.0,5,Wednesday,63.78
Morning,Machine Learning,119.1,7,Friday,67.93
Morning,Python,48.0,10,Tuesday,72.04
Evening,Operating Systems,55.2,6,Friday,48.6
Afternoon,Python,28.2,9,Saturday,41.55
Evening,Ai,32.4,3,Friday,51.15
Evening,Aptitude,86.3,6,Thursday,58.53
Afternoon,Java,110.9,3,Sunday,48.95
Night,DSA,53.4,2,Friday,49.05
Morning,Python,29.8,3,Thursday,56.82
Night,Python,41.4,2,Monday,38.13
Morning,Python,60.1,2,Thursday,59.04
Evening,DBMS,42.0,10,Saturday,54.93
Morning,DBMS,35.7,7,Thursday,60.81
Evening,Operating Systems,91.0,10,Monday,61.23
Night,DSA,10.9,3,Sunday,37.44
Evening,Python,69.3,8,Tuesday,61.98
Night,Python,97.3,2,Saturday,40.96
Afternoon,Python,39.3,7,Monday,55.89
Afternoon,Python,76.4,3,Thursday,55.81
Afternoon,DBMS,83.6,9,Saturday,54.88
Evening,Aptitude,82.1,7,Wednesday,48.3
Afternoon,Aptitude,59.0,9,Thursday,56.92
Morning,Operating Systems,48.1,2,Monday,62.23
Night,Ai,102.0,6,Thursday,45.3
Night,Machine Learning,93.4,5,Sunday,39.33
Morning,DSA,45.3,2,Monday,58.64
Evening,Aptitude,21.3,4,Friday,55.2
Evening,Ai,17.9,4,Tuesday,46.96
Night,Java,20.4,8,Tuesday,46.22
Afternoon,Java,74.1,7,Saturday,47.76
Evening,Python,15.7,5,Monday,53.71
Evening,Java,47.1,9,Tuesday,55.16
Morning,Aptitude,92.9,1,Wednesday,65.52
Morning,Operating Systems,42.4,4,Saturday,53.93
Afternoon,Machine Learning,94.0,5,Wednesday,42.3
Evening,Aptitude,92.0,8,Tuesday,51.39
Evening,Operating Systems,37.0,3,Monday,44.57
Morning,Java,90.2,5,Saturday,65.95
Evening,DBMS,92.3,3,Wednesday,50.84
Night,Machine Learning,53.7,7,Sunday,46.31
Morning,Operating Systems,33.1,10,Tuesday,53.8
Afternoon,Ai,67.3,3,Thursday,46.91
Morning,Aptitude,111.4,7,Wednesday,60.32
Evening,DBMS,80.4,2,Friday,58.22
Afternoon,Ai,29.0,7,Saturday,46.65
Morning,Operating Systems,85.1,9,Wednesday,52.3
Night,Operating Systems,57.0,5,Saturday,41.72
Night,Java,75.1,6,Tuesday,51.3
Morning,Ai,90.7,10,Tuesday,61.63
Night,Aptitude,66.6,3,Saturday,53.08
Night,Machine Learning,99.5,10,Tuesday,43.86
Night,DBMS,89.4,5,Monday,50.07
Afternoon,Java,77.7,5,Saturday,49.63
Night,Python,26.6,3,Monday,43.83
Night,DSA,102.0,8,Saturday,40.69
Night,Machine Learning,112.9,6,Thursday,48.56
Afternoon,Java,25.1,3,Thursday,48.27
Morning,DBMS,63.7,1,Wednesday,62.0
Evening,Ai,38.5,10,Tuesday,51.89
Night,Operating Systems,93.0,1,Thursday,49.65
Morning,Ai,89.4,10,Tuesday,60.41
Night,Java,25.5,2,Wednesday,49.32
Afternoon,DBMS,106.5,10,Monday,56.23
Morning,Ai,29.9,5,Thursday,63.36
Afternoon,Ai,97.7,7,Friday,49.1
Night,DSA,60.3,1,Friday,43.19
Night,Aptitude,46.1,1,Friday,34.47
Afternoon,Java,27.4,4,Sunday,49.14
Evening,DSA,28.4,10,Friday,59.25
Afternoon,Java,82.8,6,Friday,43.81
Night,Python,70.5,9,Friday,46.22
Afternoon,Python,23.4,1,Friday,51.12
Evening,DSA,22.4,10,Thursday,56.32
Afternoon,Machine Learning,18.0,5,Friday,48.73
Evening,Machine Learning,91.8,9,Saturday,45.44
Evening,Ai,88.3,8,Saturday,60.06
Afternoon,Ai,16.4,7,Friday,41.66
Afternoon,Operating Systems,71.6,10,Sunday,43.97
Morning,Python,19.3,2,Wednesday,55.34
Night,Java,109.4,9,Thursday,46.78
Evening,Operating Systems,109.8,8,Saturday,54.32
Morning,Python,86.8,10,Wednesday,61.42
Afternoon,DSA,111.9,10,Tuesday,42.94
Night,Machine Learning,99.3,9,Friday,38.34
Morning,Ai,101.1,9,Monday,64.46
Evening,Machine Learning,72.7,9,Sunday,49.6
Morning,DSA,43.7,3,Sunday,53.73
Evening,Operating Systems,34.0,7,Sunday,48.52
Afternoon,Operating Systems,46.0,1,Friday,49.4
Night,DBMS,79.1,9,Friday,47.85
Night,Ai,29.0,9,Wednesday,43.78
Night,Ai,38.5,3,Sunday,44.16
Afternoon,Java,61.5,5,Sunday,39.19
Evening,Ai,35.6,8,Sunday,57.67
Afternoon,Python,74.8,6,Tuesday,51.81
Night,Operating Systems,111.5,10,Wednesday,40.1
Afternoon,DSA,92.3,10,Thursday,51.2
Afternoon,Operating Systems,83.3,9,Sunday,47.9
Afternoon,Machine Learning,74.1,3,Tuesday,42.38
Evening,Python,63.7,7,Saturday,53.39
Morning,Ai,30.5,6,Tuesday,57.41
Morning,Java,108.4,5,Tuesday,53.66
Afternoon,Java,37.3,4,Wednesday,47.89
Morning,Java,20.0,5,Friday,54.77
Morning,Aptitude,92.5,4,Friday,53.88
Afternoon,DBMS,29.3,3,Friday,52.49
Afternoon,Python,50.9,7,Friday,53.53
Night,Machine Learning,13.1,6,Friday,41.72
Morning,Ai,25.1,4,Thursday,48.79
Evening,Machine Learning,29.1,9,Monday,52.64
Afternoon,Machine Learning,16.0,1,Saturday,48.8
Night,Ai,82.2,1,Tuesday,51.05
Evening,Machine Learning,102.1,9,Monday,58.09
Morning,Java,51.1,7,Thursday,54.05
Night,DSA,106.2,2,Sunday,37.11
Afternoon,DBMS,33.5,10,Sunday,46.17
Evening,Aptitude,45.8,5,Friday,54.62
Afternoon,Machine Learning,26.6,4,Sunday,45.15
Morning,Machine Learning,78.3,1,Thursday,63.6
Evening,Operating Systems,56.2,9,Saturday,52.98
Morning,DBMS,77.5,6,Saturday,63.07
Morning,Python,93.8,6,Thursday,58.13
Night,DBMS,70.0,4,Sunday,40.05
Afternoon,DBMS,79.0,2,Monday,47.88
Evening,Ai,112.9,8,Tuesday,54.72
Morning,Ai,42.9,8,Wednesday,53.22
Morning,Ai,49.5,3,Wednesday,69.61
Evening,Aptitude,88.9,7,Saturday,52.48
Morning,Java,77.2,7,Tuesday,54.28
Night,DBMS,29.6,5,Friday,39.56
Night,Aptitude,51.4,5,Thursday,45.4
Night,Machine Learning,61.5,8,Sunday,42.96
Night,Ai,56.1,4,Friday,49.7
Morning,Machine Learning,29.6,1,Saturday,55.24
Evening,Ai,111.7,1,Thursday,58.05
Evening,DSA,93.9,9,Wednesday,55.7
Evening,Aptitude,62.9,4,Saturday,51.47
Evening,Aptitude,84.8,1,Saturday,50.3
Afternoon,Java,108.7,2,Tuesday,50.14
Evening,Python,25.0,10,Monday,56.42
Afternoon,Operating Systems,37.5,7,Saturday,46.97
Afternoon,DBMS,69.7,2,Monday,52.25
Night,Python,97.9,1,Tuesday,55.1
Afternoon,Aptitude,14.0,10,Saturday,41.98
Morning,Python,118.2,9,Sunday,59.47
Afternoon,DSA,60.0,5,Saturday,47.76
Night,Operating Systems,49.5,4,Wednesday,43.14
Afternoon,Java,42.2,4,Thursday,55.4
Morning,Aptitude,29.2,1,Sunday,54.57
Morning,Aptitude,97.1,3,Monday,63.37
Morning,DBMS,115.1,1,Wednesday,66.3
Night,Java,55.5,5,Sunday,43.99
Night,Java,114.8,5,Saturday,41.12
Evening,Ai,100.6,9,Tuesday,57.4
Night,Operating Systems,62.9,8,Friday,43.01
Morning,DSA,84.1,5,Wednesday,55.46
Morning,Machine Learning,57.8,5,Wednesday,59.83
Night,Python,71.5,7,Friday,50.75
Afternoon,Java,16.4,2,Saturday,47.48
Night,DBMS,86.6,7,Wednesday,47.79
Night,Aptitude,15.8,1,Monday,56.53
Morning,Machine Learning,99.9,5,Saturday,61.1
Evening,DSA,100.7,6,Monday,51.18
Morning,Operating Systems,36.1,10,Monday,60.93
Evening,Java,45.6,1,Wednesday,56.51
Morning,Python,62.9,9,Saturday,54.8
Night,Java,75.6,9,Wednesday,48.08
Morning,DBMS,41.6,1,Wednesday,56.22
Morning,Java,75.2,4,Saturday,60.36
Morning,Java,42.8,8,Saturday,66.67
Night,Java,16.1,2,Saturday,41.37
Night,Aptitude,10.3,8,Sunday,44.19
Night,Aptitude,21.1,10,Saturday,43.46
Night,Machine Learning,97.1,9,Tuesday,38.33
Evening,Machine Learning,115.8,9,Saturday,46.32
Evening,Python,57.0,1,Friday,58.8
Afternoon,Operating Systems,66.4,9,Saturday,47.66
Night,DSA,26.2,4,Wednesday,43.33
Evening,Ai,70.6,8,Friday,59.66
Morning,Operating Systems,25.9,9,Sunday,59.33
Night,Operating Systems,77.2,3,Thursday,56.02
Afternoon,Operating Systems,112.7,6,Monday,45.36
Afternoon,Ai,31.5,3,Tuesday,48.0
Afternoon,Python,94.1,1,Friday,59.27
Morning,Ai,12.6,10,Sunday,65.44
Evening,Python,51.3,6,Monday,52.7
Morning,Ai,22.2,5,Tuesday,58.05
Night,DSA,48.8,3,Saturday,40.11
Afternoon,Java,29.1,4,Sunday,54.04
Morning,Operating Systems,51.1,2,Monday,59.32
Morning,Java,55.9,10,Sunday,56.15
Evening,Python,43.1,10,Wednesday,55.68
Evening,Ai,82.2,4,Wednesday,55.54
Afternoon,DSA,111.1,4,Saturday,47.72
Morning,Ai,54.1,3,Monday,69.39
Morning,Java,31.2,6,Saturday,64.32
Evening,Aptitude,39.8,1,Saturday,46.59
Morning,DSA,103.9,9,Tuesday,58.06
Morning,Operating Systems,72.9,10,Monday,60.1
Morning,DBMS,60.1,3,Thursday,57.78
Evening,Operating Systems,26.5,3,Saturday,57.01
Afternoon,DBMS,59.5,3,Tuesday,56.74
Night,DSA,40.6,7,Tuesday,41.6
Afternoon,Aptitude,113.7,8,Monday,50.06
Night,Java,107.2,2,Friday,49.49
Morning,Aptitude,19.2,1,Sunday,62.34
Afternoon,Python,66.8,5,Saturday,46.48
Night,Aptitude,34.8,8,Saturday,44.39
Evening,Machine Learning,55.2,3,Monday,49.53
Evening,DSA,106.5,6,Friday,59.28
Afternoon,Java,68.0,3,Tuesday,46.36
Afternoon,Java,46.8,6,Sunday,47.56
Morning,Python,32.9,4,Wednesday,59.62
Afternoon,Java,98.0,7,Saturday,42.09
Morning,Aptitude,78.7,10,Wednesday,57.15
Morning,DSA,61.5,1,Sunday,54.27
Evening,Operating Systems,33.9,1,Saturday,58.24
Evening,Aptitude,46.8,5,Sunday,49.64
Night,Ai,115.6,9,Monday,45.36
Evening,DBMS,67.2,5,Saturday,48.64
Evening,DSA,54.1,4,Friday,58.6
Afternoon,Java,67.4,8,Saturday,52.28
Evening,Python,95.7,5,Monday,60.92
Night,Operating Systems,47.4,1,Sunday,40.23
Afternoon,Machine Learning,29.7,7,Thursday,44.68
Night,Operating Systems,74.3,4,Monday,40.39
Evening,Aptitude,83.2,10,Monday,58.84
Night,DBMS,88.4,5,Monday,42.7
Afternoon,Operating Systems,107.0,6,Monday,54.26
Morning,Machine Learning,50.8,7,Friday,53.73
Night,Ai,18.3,2,Saturday,40.96
Night,Python,115.4,1,Friday,44.72
Afternoon,DSA,57.9,3,Friday,45.43
Afternoon,DBMS,78.6,10,Thursday,41.27
Night,Machine Learning,83.3,1,Thursday,36.38
Evening,Java,70.1,4,Saturday,57.64
Night,Aptitude,32.6,6,Saturday,37.82
Afternoon,Aptitude,93.1,5,Sunday,50.35
Morning,Aptitude,98.4,4,Monday,60.08
Morning,Java,70.8,7,Friday,58.28
Evening,Java,63.7,6,Thursday,52.88
Night,DBMS,22.5,3,Wednesday,44.59
Morning,Operating Systems,19.2,9,Monday,63.33
Night,DBMS,47.4,5,Sunday,35.86
Afternoon,Aptitude,44.2,10,Tuesday,49.67
Morning,Ai,114.9,1,Friday,61.92
Evening,Machine Learning,96.2,6,Monday,56.72
Afternoon,DSA,82.6,5,Saturday,51.05
Evening,DSA,66.9,10,Monday,53.08
Afternoon,DBMS,28.4,8,Tuesday,42.99
Morning,Aptitude,117.6,4,Saturday,59.03
Evening,Java,51.3,1,Wednesday,54.4
Evening,Python,21.8,2,Thursday,63.02
Afternoon,Ai,64.3,8,Thursday,51.0
Evening,DBMS,106.1,10,Tuesday,61.07
Afternoon,Aptitude,107.6,8,Sunday,44.37
Afternoon,Operating Systems,11.2,5,Tuesday,56.07
Afternoon,DSA,107.5,6,Sunday,46.78
Afternoon,DSA,39.9,2,Sunday,48.09
Morning,Ai,14.3,9,Thursday,51.42
Afternoon,DSA,103.3,6,Wednesday,54.55
Night,Python,105.0,9,Wednesday,46.08
Evening,Aptitude,75.6,10,Monday,57.48
Night,Aptitude,73.2,3,Tuesday,43.36
Morning,Ai,99.4,6,Tuesday,65.76
Night,Aptitude,96.5,10,Tuesday,46.13
Evening,Java,107.9,5,Saturday,52.74
Night,Ai,70.8,9,Thursday,54.47
Morning,Aptitude,116.4,10,Thursday,47.54
Afternoon,Python,119.6,1,Thursday,49.95
Night,Machine Learning,22.8,9,Wednesday,42.22
Morning,DBMS,103.4,5,Thursday,55.86
Morning,DBMS,65.0,1,Monday,61.66
Evening,Aptitude,52.6,10,Saturday,45.31
Evening,Operating Systems,77.4,8,Thursday,48.51
Night,DSA,16.2,7,Saturday,43.18
Afternoon,Python,65.7,6,Saturday,44.43
Morning,Operating Systems,105.8,2,Wednesday,62.56
Night,Java,33.5,5,Tuesday,42.01
Morning,Operating Systems,56.9,3,Saturday,52.81
Morning,Aptitude,113.3,2,Monday,55.06
Afternoon,Python,57.1,10,Wednesday,47.24
Afternoon,DBMS,49.4,1,Friday,47.86
Night,DSA,58.5,9,Saturday,37.01
Afternoon,DBMS,67.1,2,Sunday,46.38
Afternoon,Operating Systems,79.5,1,Saturday,37.7
Night,Java,98.1,7,Tuesday,40.76
Afternoon,DSA,59.7,9,Thursday,55.25
Evening,Machine Learning,99.9,6,Wednesday,46.71
Morning,Operating Systems,68.7,8,Friday,56.68
Morning,DBMS,47.2,7,Wednesday,66.2
Morning,DBMS,82.4,9,Thursday,59.8
Morning,Aptitude,88.9,7,Wednesday,51.39
Night,DBMS,71.4,6,Friday,47.98
Morning,Python,16.2,1,Wednesday,67.93
Morning,Operating Systems,28.7,9,Monday,59.88
Morning,Ai,41.4,10,Monday,57.21
Morning,Ai,41.1,5,Thursday,51.29
Evening,Java,84.1,2,Sunday,49.57
Morning,DSA,12.0,8,Sunday,49.77
Evening,DBMS,93.1,4,Friday,54.96
Night,Aptitude,39.2,3,Friday,49.14
Afternoon,Aptitude,44.1,1,Friday,45.06
Morning,DBMS,68.1,5,Friday,63.42
Afternoon,Python,33.8,3,Friday,43.23
Afternoon,Aptitude,107.3,4,Sunday,45.76
Night,Ai,19.4,9,Tuesday,34.96
Afternoon,DSA,58.9,7,Wednesday,49.91
Evening,Operating Systems,103.4,5,Saturday,57.64
Afternoon,Machine Learning,77.7,8,Friday,45.83
Afternoon,Python,42.2,6,Sunday,49.81
Afternoon,Java,56.3,10,Saturday,44.48
Morning,Java,87.7,2,Monday,61.77
Morning,Aptitude,117.1,7,Sunday,61.05
Evening,Operating Systems,108.2,1,Saturday,51.93
Evening,Machine Learning,47.7,3,Sunday,47.34
Morning,Java,119.8,1,Saturday,58.43
Evening,DBMS,10.4,1,Sunday,61.08
Morning,DBMS,13.0,5,Wednesday,61.57
Night,DSA,100.6,6,Saturday,34.63
Afternoon,Machine Learning,31.9,3,Thursday,57.46
Afternoon,DBMS,16.7,3,Sunday,42.93
Evening,Java,36.1,3,Thursday,51.08
Morning,DBMS,56.9,1,Sunday,62.04
Morning,Ai,90.4,5,Friday,57.9
Evening,Aptitude,78.7,1,Tuesday,57.49
Morning,Java,36.1,10,Sunday,59.13
Night,Java,65.4,10,Tuesday,47.2
Afternoon,Java,111.9,3,Wednesday,57.22
Evening,DSA,99.7,6,Tuesday,52.66
Evening,Operating Systems,45.6,6,Saturday,52.17
Morning,Java,118.0,3,Thursday,55.42
Evening,DBMS,87.9,9,Friday,58.73
Night,Ai,16.9,8,Monday,46.03
Morning,Java,13.9,3,Saturday,63.29
Morning,Python,28.5,5,Thursday,63.84
Morning,Python,90.1,5,Thursday,70.66
Morning,Operating Systems,30.2,5,Wednesday,59.36
Night,Machine Learning,66.3,3,Saturday,41.18
Morning,DSA,20.3,5,Sunday,56.35
Evening,Ai,111.3,5,Tuesday,51.53
Night,Aptitude,47.8,4,Monday,35.22
Afternoon,Ai,109.9,4,Monday,51.12
Afternoon,Python,113.9,2,Sunday,41.0
Evening,Python,10.7,9,Tuesday,59.32
Evening,Operating Systems,61.1,7,Sunday,57.78
Night,Machine Learning,12.7,1,Friday,42.7
Afternoon,Machine Learning,110.0,5,Tuesday,49.91
Afternoon,Operating Systems,67.0,2,Friday,52.08
Afternoon,Java,18.2,10,Monday,54.75
Afternoon,Ai,22.1,6,Saturday,46.51
Afternoon,Python,52.2,7,Wednesday,45.96
Morning,Ai,113.4,2,Thursday,51.25
Evening,Ai,86.2,6,Saturday,50.27
Morning,DSA,105.4,3,Monday,50.85
Afternoon,Python,50.3,9,Monday,52.19
Night,Machine Learning,14.8,4,Monday,44.26
Night,Aptitude,117.2,3,Thursday,42.36
Afternoon,Ai,11.9,3,Friday,53.69
Afternoon,Python,114.2,2,Wednesday,52.8
Night,Ai,50.6,9,Saturday,38.69
Morning,DSA,11.1,8,Saturday,53.72
Morning,Java,85.8,5,Wednesday,66.75
Afternoon,DBMS,117.9,9,Wednesday,41.5
Morning,Python,116.2,2,Friday,60.8
Night,Operating Systems,27.7,6,Saturday,42.99
Morning,DBMS,29.9,7,Tuesday,56.96
Afternoon,Ai,72.2,6,Tuesday,46.39
Night,Operating Systems,80.1,3,Wednesday,50.52
Morning,Operating Systems,91.3,10,Monday,70.21
Evening,Operating Systems,29.9,10,Monday,53.33
Night,Python,115.5,10,Thursday,47.13
Night,Machine Learning,80.3,9,Tuesday,45.9
Evening,Ai,103.2,8,Monday,49.91
Evening,DBMS,69.4,8,Sunday,52.35
Night,DSA,55.6,8,Wednesday,51.67
Evening,Machine Learning,117.5,9,Thursday,64.92
Afternoon,Ai,74.0,1,Tuesday,43.76
Afternoon,Java,105.4,8,Thursday,45.53
Afternoon,Java,114.9,2,Monday,47.84
Night,Python,84.3,4,Wednesday,45.15
Evening,Operating Systems,70.4,1,Sunday,57.42
Evening,DSA,10.4,6,Wednesday,54.17
Morning,Ai,14.4,10,Wednesday,65.01
Morning,DBMS,32.1,1,Monday,61.21
Evening,Ai,30.5,5,Sunday,51.43
Evening,Machine Learning,38.0,9,Sunday,52.23
Evening,Java,43.5,1,Friday,43.61
Night,Aptitude,49.6,9,Saturday,40.36
Evening,Machine Learning,56.3,4,Saturday,48.55
Morning,Ai,20.9,3,Wednesday,53.04
Night,DSA,14.7,8,Saturday,47.72
Evening,Ai,84.1,6,Friday,53.77
Morning,Ai,69.1,7,Wednesday,61.84
Night,Python,58.9,9,Friday,51.32
Evening,DBMS,79.8,5,Tuesday,50.84
Evening,DSA,101.0,2,Saturday,52.42
Evening,Ai,57.0,3,Sunday,43.82
Night,Operating Systems,80.5,3,Tuesday,47.73
Morning,DBMS,114.9,4,Wednesday,57.24
Morning,Machine Learning,102.4,10,Sunday,53.6
Afternoon,DSA,56.9,7,Thursday,54.61
Evening,Machine Learning,80.9,10,Thursday,62.09
Afternoon,Java,29.5,6,Monday,46.4
Afternoon,Ai,71.7,3,Tuesday,45.75
Morning,Machine Learning,117.9,7,Tuesday,61.45
Night,Machine Learning,67.0,4,Thursday,46.21
Night,Python,112.0,10,Wednesday,41.05
Morning,Machine Learning,54.8,8,Sunday,54.88
Night,Operating Systems,119.9,7,Sunday,41.89
Afternoon,Operating Systems,73.7,7,Sunday,46.79
Evening,DBMS,14.6,9,Monday,58.31
Morning,Ai,74.5,8,Tuesday,67.58
Evening,Aptitude,40.2,1,Monday,53.84
Night,Java,13.6,7,Tuesday,53.99
Evening,Machine Learning,100.3,3,Friday,52.38
Night,Machine Learning,40.3,4,Sunday,48.17
Night,DSA,97.6,6,Friday,46.12
Afternoon,Python,41.7,5,Monday,57.43
Night,Aptitude,31.4,8,Sunday,46.73
Afternoon,DBMS,117.1,2,Sunday,42.94
Afternoon,Java,49.8,5,Thursday,51.83
Afternoon,Aptitude,76.2,5,Thursday,45.42
Morning,Machine Learning,77.1,3,Tuesday,57.49
Morning,DSA,71.7,10,Saturday,50.28
Night,Ai,110.6,5,Friday,43.99
Afternoon,Python,84.2,4,Friday,52.3
Morning,Ai,54.4,5,Monday,55.73
Afternoon,DBMS,104.9,10,Sunday,47.0
Evening,Aptitude,29.9,9,Saturday,56.02
Evening,DBMS,69.9,7,Monday,50.1
Evening,Machine Learning,114.6,1,Thursday,57.45
Night,DBMS,78.8,3,Thursday,49.62
Afternoon,Ai,99.9,9,Saturday,42.24
Evening,DSA,81.9,4,Saturday,37.93
Morning,DBMS,102.3,4,Thursday,65.45
Evening,Operating Systems,113.9,10,Wednesday,53.77
Evening,DSA,40.0,6,Sunday,51.0
Evening,Aptitude,28.7,3,Friday,65.11
Night,Python,63.2,3,Friday,49.12
Morning,Python,87.2,9,Monday,64.33
Afternoon,Machine Learning,35.0,5,Friday,47.96
Morning,Machine Learning,10.5,7,Monday,57.04
Afternoon,Operating Systems,47.7,5,Saturday,46.68
Night,Aptitude,116.6,6,Saturday,41.25
Night,Ai,86.4,8,Wednesday,36.57
Night,Python,54.1,8,Sunday,39.01
Night,Python,31.2,2,Saturday,43.72
Afternoon,Python,49.2,9,Sunday,59.19
Evening,Ai,28.7,10,Thursday,48.06
Afternoon,Python,21.7,6,Wednesday,49.4
Morning,DBMS,109.7,7,Thursday,57.35
Night,Aptitude,119.7,3,Thursday,48.45
Night,DSA,28.1,4,Monday,44.47
Morning,DSA,16.0,6,Sunday,52.79
Afternoon,Operating Systems,46.3,7,Thursday,55.77
Evening,DBMS,60.8,6,Sunday,47.04
Evening,Python,32.5,5,Wednesday,54.46
Morning,Python,43.2,2,Tuesday,56.44
Evening,Machine Learning,32.1,7,Saturday,54.96
Afternoon,Machine Learning,95.2,5,Monday,47.76
Afternoon,Operating Systems,88.4,9,Sunday,43.44
Morning,Python,79.8,4,Saturday,61.23
Afternoon,Operating Systems,52.6,10,Thursday,57.89
Night,DBMS,110.0,2,Thursday,33.71
Morning,DSA,116.6,7,Friday,62.08
Afternoon,Python,29.1,7,Sunday,57.67
Morning,Aptitude,34.5,1,Monday,67.77
Evening,Ai,67.8,5,Monday,53.75
Afternoon,DBMS,20.0,3,Wednesday,50.48
Night,Python,58.0,9,Tuesday,48.04
Afternoon,Ai,74.0,9,Wednesday,48.71
Morning,Aptitude,67.4,7,Wednesday,64.62
Morning,Machine Learning,46.4,9,Wednesday,49.97
Afternoon,Operating Systems,69.7,2,Tuesday,52.88
Night,Machine Learning,115.5,10,Wednesday,42.62
Night,DSA,32.7,8,Saturday,46.05
Night,Machine Learning,82.0,10,Monday,48.55
Morning,Python,14.8,10,Tuesday,62.55
Afternoon,Aptitude,17.3,10,Thursday,46.89
Evening,Machine Learning,70.7,1,Friday,58.19
Morning,Python,21.5,3,Friday,55.63
Night,DSA,12.5,8,Sunday,35.74
Afternoon,Ai,28.9,8,Saturday,46.62
Night,Aptitude,72.1,10,Monday,42.4
Evening,Machine Learning,87.4,8,Friday,51.92
Night,Operating Systems,32.3,7,Saturday,40.48
Night,Operating Systems,83.5,2,Saturday,41.87
Evening,Aptitude,30.1,3,Friday,62.44
Afternoon,Operating Systems,77.5,9,Friday,44.23
Morning,Machine Learning,55.3,2,Saturday,52.67
Afternoon,Machine Learning,81.9,7,Saturday,49.12
Evening,Aptitude,119.5,1,Thursday,55.18
Night,Machine Learning,113.2,3,Friday,38.15
Afternoon,Ai,10.5,1,Wednesday,49.56
Morning,Python,107.4,6,Saturday,51.46
Evening,DSA,17.3,4,Monday,59.16
Afternoon,Ai,114.8,1,Monday,50.59
Morning,Ai,41.0,5,Sunday,68.0
Evening,Operating Systems,52.0,4,Saturday,46.4
Morning,Python,20.1,10,Monday,58.68
Evening,Aptitude,22.4,10,Thursday,55.86
Night,Java,89.9,2,Sunday,48.59
Afternoon,Operating Systems,113.9,7,Thursday,47.57
Morning,Python,77.2,8,Saturday,55.48
Evening,Machine Learning,88.7,4,Sunday,50.38
Morning,Aptitude,93.8,9,Friday,56.64
Morning,Java,38.9,3,Wednesday,62.38
Afternoon,Aptitude,15.0,6,Friday,50.38
Night,Java,10.2,7,Monday,48.49
Morning,Java,48.6,7,Sunday,61.47
Evening,Operating Systems,36.6,6,Wednesday,56.83
Evening,Machine Learning,16.9,9,Monday,58.77
Night,Operating Systems,29.7,1,Wednesday,43.31
Evening,Java,23.7,9,Saturday,44.78
Night,Java,110.6,9,Tuesday,39.61
Evening,DBMS,25.4,4,Thursday,54.57
Afternoon,Python,69.1,5,Sunday,51.09
Morning,DBMS,75.2,3,Thursday,62.92
Afternoon,Python,69.8,7,Sunday,45.76
Morning,DSA,20.9,2,Saturday,60.33
Morning,Ai,45.1,8,Monday,48.4
Morning,Aptitude,15.6,9,Monday,57.26
Afternoon,Operating Systems,53.5,6,Tuesday,52.47
Morning,DSA,30.7,9,Friday,63.56
Afternoon,DSA,71.8,6,Sunday,49.79
Night,Aptitude,86.2,3,Wednesday,49.65
Evening,Aptitude,68.5,10,Saturday,52.87
Evening,Python,57.8,3,Tuesday,56.39
Morning,DBMS,52.6,2,Saturday,47.61
Afternoon,Machine Learning,102.6,5,Tuesday,46.79
Evening,Python,34.1,4,Monday,51.26
Afternoon,Machine Learning,90.8,6,Monday,51.08
Afternoon,DSA,93.3,5,Friday,42.16
Morning,Machine Learning,56.1,6,Sunday,54.22
Evening,DBMS,42.7,4,Sunday,46.05
Morning,Python,61.8,3,Saturday,58.94
Morning,Java,20.3,1,Saturday,56.34
Evening,Aptitude,15.1,5,Friday,46.23
Evening,Java,22.3,6,Monday,56.72
Night,DBMS,30.6,5,Thursday,43.58
Night,Ai,65.5,5,Friday,45.14
Afternoon,DBMS,103.4,6,Tuesday,47.92
Evening,Ai,35.9,4,Monday,51.42
Night,Python,112.9,4,Saturday,47.78
Afternoon,Aptitude,115.0,8,Saturday,52.16
Afternoon,DBMS,115.5,8,Wednesday,54.85
Afternoon,Java,102.1,3,Wednesday,43.16
Night,Ai,50.0,7,Thursday,51.94
Evening,Aptitude,18.0,5,Saturday,54.81
Morning,Operating Systems,72.6,5,Monday,66.25
Afternoon,Operating Systems,71.5,3,Saturday,53.16
Night,Operating Systems,103.5,2,Saturday,43.75
Night,Machine Learning,119.6,3,Tuesday,39.03
Morning,DBMS,65.9,7,Thursday,56.21
Morning,Python,48.0,3,Tuesday,58.6
Night,Java,30.4,2,Sunday,41.09
Evening,Python,10.5,4,Wednesday,52.06
Morning,Machine Learning,66.0,5,Tuesday,49.42
Night,Python,71.1,7,Wednesday,38.58
Morning,Ai,100.7,1,Sunday,56.83
Evening,Operating Systems,65.5,8,Friday,53.65
Afternoon,Java,110.8,10,Sunday,49.55
Morning,DBMS,79.1,3,Wednesday,59.1
Evening,Python,102.4,6,Saturday,59.76
Night,Python,26.3,4,Sunday,41.05
Morning,DSA,104.1,5,Wednesday,60.65
Morning,DSA,84.3,10,Sunday,58.76
Night,DSA,28.7,6,Saturday,41.27
Afternoon,DBMS,30.9,2,Thursday,55.07
Night,Operating Systems,111.9,3,Saturday,44.63
Morning,Aptitude,13.5,8,Sunday,61.03
Night,Operating Systems,60.9,8,Saturday,38.79
Evening,Java,44.5,1,Saturday,50.9
Night,Operating Systems,83.2,10,Thursday,34.07
Morning,DBMS,102.4,8,Monday,59.69
Night,Ai,49.6,2,Sunday,35.15
Afternoon,Ai,57.0,10,Monday,61.73
Night,DBMS,118.0,10,Sunday,43.51
Afternoon,DSA,96.2,8,Wednesday,47.01
Evening,Python,108.7,10,Friday,60.76
Afternoon,Machine Learning,58.3,5,Monday,41.05
Night,Machine Learning,35.7,1,Wednesday,40.53
Morning,Aptitude,55.3,8,Thursday,58.26
Afternoon,Python,88.8,5,Monday,55.22
Evening,Aptitude,22.0,1,Monday,50.11
Afternoon,DSA,39.8,4,Saturday,42.51
Afternoon,Aptitude,15.1,1,Sunday,47.56
Afternoon,Python,57.6,9,Saturday,52.16
Evening,Java,101.0,10,Wednesday,56.06
Night,Python,12.7,2,Saturday,39.47
Afternoon,Machine Learning,84.3,8,Wednesday,48.53
Afternoon,Ai,112.6,4,Tuesday,46.57
Morning,DSA,36.1,9,Sunday,51.29
Evening,Java,86.3,2,Tuesday,57.04
Afternoon,DBMS,117.3,3,Friday,52.73
Evening,Java,115.9,2,Sunday,51.93
Afternoon,Java,35.8,10,Monday,52.56
Night,Aptitude,21.0,5,Tuesday,48.85
Night,Machine Learning,26.3,1,Wednesday,30.76
Afternoon,Aptitude,87.2,3,Saturday,49.05
Night,Aptitude,89.8,1,Saturday,49.74
Afternoon,DBMS,84.2,10,Monday,48.58
Night,DSA,47.0,8,Sunday,48.69
Morning,Python,28.7,4,Tuesday,63.58
Morning,Operating Systems,73.9,3,Friday,60.4
Morning,Aptitude,63.2,8,Friday,61.33
Evening,Operating Systems,90.2,9,Friday,47.39
Evening,DSA,58.5,8,Friday,62.36
Morning,Operating Systems,47.3,6,Saturday,54.51
Evening,Aptitude,42.3,3,Saturday,46.01
Night,DBMS,33.3,8,Saturday,39.33
Afternoon,Operating Systems,39.2,5,Sunday,47.12
Afternoon,DSA,20.4,5,Wednesday,54.65
Afternoon,DSA,48.2,9,Friday,48.62
Morning,Ai,14.0,1,Thursday,58.39
Evening,Ai,30.5,7,Saturday,50.47
Night,DBMS,92.1,8,Friday,38.22
Night,Operating Systems,45.8,10,Tuesday,42.37
Morning,Operating Systems,83.5,3,Sunday,54.05
Night,Ai,88.9,8,Monday,46.25
Night,Python,73.9,1,Saturday,35.39
Night,Machine Learning,115.5,8,Saturday,37.79
Night,DSA,12.4,7,Tuesday,50.54
Evening,Python,91.3,4,Monday,59.1
Night,DSA,115.5,7,Wednesday,48.7
Afternoon,Java,104.8,10,Saturday,45.03
Morning,Java,28.5,7,Monday,68.33
Evening,Python,46.0,10,Thursday,60.98
Night,Java,29.0,1,Saturday,42.34
Evening,Ai,76.1,3,Friday,58.23
Night,Ai,88.3,7,Sunday,35.82
Afternoon,Machine Learning,44.9,5,Tuesday,41.72
Morning,Python,69.3,9,Monday,66.04
Night,DSA,86.0,7,Tuesday,49.67
Night,Operating Systems,56.3,3,Friday,40.4
Night,DSA,103.9,1,Wednesday,48.27
Night,Aptitude,94.9,5,Sunday,44.67
Morning,Ai,17.1,10,Friday,56.03
Morning,DBMS,78.3,5,Wednesday,55.03
Afternoon,DBMS,35.9,7,Tuesday,46.39
Morning,Ai,71.3,1,Wednesday,57.56
Night,Aptitude,115.3,10,Saturday,40.02
Afternoon,DBMS,106.7,2,Wednesday,42.04
Afternoon,Java,54.5,6,Wednesday,47.56
Afternoon,Ai,42.1,8,Saturday,48.59
Night,DBMS,35.8,4,Wednesday,48.31
Evening,Ai,68.6,3,Saturday,49.05
Night,Machine Learning,22.6,3,Saturday,47.47
Morning,Operating Systems,70.4,3,Sunday,57.1
Morning,Operating Systems,10.1,2,Wednesday,72.68
Night,DSA,45.6,1,Saturday,37.27
Night,Aptitude,34.2,5,Monday,46.81
Afternoon,Ai,116.8,10,Wednesday,49.56
Night,Python,90.0,5,Wednesday,43.66
Afternoon,DSA,48.5,5,Friday,53.31
Morning,DSA,20.2,4,Friday,62.81
Afternoon,Ai,66.8,3,Sunday,45.72
Night,Ai,33.5,3,Sunday,43.59
Morning,DSA,69.0,2,Sunday,57.3
Evening,DSA,101.9,5,Friday,52.69
Afternoon,Operating Systems,77.7,4,Wednesday,46.22
Morning,Python,79.7,6,Friday,61.99
Afternoon,Java,69.5,2,Monday,49.05
Morning,DSA,112.0,2,Tuesday,53.69
Morning,Java,112.5,8,Friday,63.29
Afternoon,Operating Systems,66.4,6,Saturday,47.22
Evening,DSA,43.6,3,Friday,53.32
Morning,DBMS,60.6,5,Monday,52.54
Morning,DSA,30.5,3,Saturday,57.59
Morning,Ai,80.0,2,Saturday,49.56
Evening,Aptitude,65.0,3,Saturday,52.71
Evening,Aptitude,21.4,1,Saturday,56.26
Night,DSA,31.7,7,Thursday,52.31
Afternoon,Machine Learning,62.8,6,Thursday,48.33
Evening,DBMS,107.6,5,Saturday,60.79
Afternoon,Python,72.3,6,Saturday,52.66
Night,DSA,85.0,8,Saturday,43.36
Afternoon,Java,47.3,3,Monday,55.58
Evening,Python,72.9,3,Friday,63.7
Afternoon,DBMS,59.2,5,Tuesday,54.12
Evening,DSA,82.5,5,Sunday,50.29
Afternoon,Machine Learning,15.6,1,Saturday,42.32
Evening,Operating Systems,64.3,4,Sunday,45.55
Evening,Machine Learning,42.6,9,Friday,53.84
Afternoon,Ai,45.9,8,Monday,55.91
Night,Machine Learning,115.7,3,Sunday,35.19
Morning,Java,30.1,5,Monday,54.62
Night,Operating Systems,44.2,5,Saturday,50.99
Afternoon,Ai,66.1,7,Sunday,45.72
Night,Operating Systems,104.9,8,Wednesday,36.4
Evening,Aptitude,55.8,9,Monday,47.72
Morning,Operating Systems,91.8,7,Wednesday,62.21
Afternoon,DSA,104.2,2,Sunday,43.62
Afternoon,Python,44.1,8,Sunday,51.39
Afternoon,Aptitude,53.2,8,Monday,48.89
Morning,Aptitude,49.2,2,Wednesday,61.06
Evening,Python,101.6,6,Wednesday,65.84
Afternoon,Java,14.9,10,Saturday,46.07
Night,Aptitude,43.9,1,Saturday,47.89
Afternoon,Operating Systems,84.7,7,Sunday,47.57
Afternoon,Machine Learning,72.2,10,Friday,42.25
Afternoon,DBMS,58.0,2,Wednesday,59.88
Afternoon,Java,69.4,5,Thursday,60.61
Evening,Operating Systems,31.7,7,Monday,54.23
Night,Ai,57.4,10,Saturday,42.76
Evening,Ai,65.2,9,Tuesday,61.2
Night,Machine Learning,109.1,1,Sunday,39.08
Afternoon,Java,38.7,9,Monday,54.83
Morning,Java,105.5,5,Friday,55.93
Evening,Machine Learning,80.9,6,Friday,62.17
Morning,Java,12.2,8,Wednesday,61.82
Evening,Aptitude,89.7,2,Friday,58.75
Afternoon,DSA,13.9,7,Saturday,52.78
Evening,DSA,119.7,4,Friday,58.09
Afternoon,Java,106.0,9,Monday,49.75
Evening,Aptitude,42.7,6,Sunday,60.6
Afternoon,Aptitude,38.3,7,Thursday,54.18
Afternoon,Python,52.0,6,Thursday,51.18
Night,Python,49.2,8,Sunday,36.48
Afternoon,DBMS,51.0,6,Sunday,46.93
Night,DBMS,45.0,7,Wednesday,42.35
Afternoon,DBMS,78.3,8,Sunday,47.12
Morning,DBMS,28.1,1,Friday,56.79
Afternoon,Machine Learning,103.1,10,Friday,49.92
Morning,Machine Learning,99.4,4,Thursday,55.75
Morning,Python,62.4,6,Sunday,66.14
Afternoon,DSA,103.8,1,Wednesday,52.07
Morning,Aptitude,37.2,4,Friday,57.67
Night,Ai,11.9,6,Wednesday,45.05
Evening,DSA,78.1,7,Saturday,53.54
Afternoon,Operating Systems,60.4,6,Monday,42.49
Morning,Machine Learning,72.4,4,Saturday,57.34
Afternoon,DBMS,108.9,7,Friday,41.45
Night,DBMS,116.7,10,Friday,52.68
Afternoon,Operating Systems,79.8,2,Friday,48.13
Afternoon,DSA,94.0,6,Thursday,54.24
Morning,DBMS,19.2,5,Thursday,54.28
Night,DSA,27.7,2,Friday,46.87
Evening,Aptitude,90.7,9,Friday,49.13
Evening,Operating Systems,57.5,7,Monday,53.53
Morning,Ai,59.1,3,Monday,64.84
Afternoon,DSA,43.9,7,Wednesday,52.08
Morning,Aptitude,76.8,6,Sunday,59.83
Morning,Java,30.4,7,Wednesday,58.23
Morning,Java,79.0,4,Thursday,54.77
Afternoon,DSA,29.1,10,Tuesday,52.91
Night,Java,17.0,8,Monday,40.4
Morning,DSA,46.3,8,Wednesday,55.89
Afternoon,DBMS,35.4,7,Sunday,54.14
Night,Python,107.8,7,Sunday,46.89
Morning,Java,16.0,10,Monday,53.18
Evening,Machine Learning,29.4,8,Monday,52.95
Night,DSA,70.4,1,Saturday,40.21
Morning,DSA,62.9,6,Tuesday,57.13
Night,DSA,15.0,2,Monday,42.28
Night,Python,10.8,1,Saturday,50.54
Night,Aptitude,118.7,10,Sunday,51.97
Night,Java,82.5,7,Tuesday,44.79
Night,Ai,50.2,6,Sunday,42.82
Night,Ai,61.7,5,Saturday,35.18
Morning,Operating Systems,39.3,5,Sunday,65.47
Evening,DBMS,47.9,9,Saturday,48.71
Afternoon,Python,81.4,9,Tuesday,49.89
Night,Aptitude,107.1,6,Monday,48.95
Afternoon,DSA,30.3,3,Monday,50.4
Morning,Aptitude,102.4,7,Wednesday,62.75
Night,Python,23.4,4,Monday,50.4
Evening,Python,33.6,5,Sunday,53.96
Afternoon,Python,14.1,7,Monday,56.41
Night,Operating Systems,25.5,7,Monday,36.46
Morning,Machine Learning,110.9,10,Wednesday,66.18
Evening,DBMS,60.5,8,Tuesday,54.09
Afternoon,Operating Systems,18.5,1,Wednesday,54.37
Afternoon,Operating Systems,115.6,5,Sunday,49.46
Night,Java,106.7,9,Sunday,32.01
Evening,Machine Learning,93.0,7,Monday,54.09
Evening,Operating Systems,112.7,2,Friday,44.44
Evening,Python,34.2,1,Monday,59.47
Evening,Python,102.0,8,Wednesday,58.09
Morning,Java,85.9,9,Saturday,50.6
Evening,Aptitude,105.7,10,Saturday,52.94
Afternoon,DSA,97.7,5,Wednesday,46.62
Afternoon,Operating Systems,48.1,6,Thursday,49.18
Morning,DSA,95.2,2,Sunday,43.06
Afternoon,DBMS,38.9,5,Saturday,40.81
Afternoon,Ai,46.1,4,Friday,46.06
Evening,Python,21.9,8,Wednesday,51.31
Afternoon,Aptitude,112.9,8,Saturday,44.37
Morning,DBMS,42.0,5,Saturday,53.64
Evening,Java,67.3,8,Tuesday,56.51
Night,Aptitude,53.0,6,Monday,31.34
Evening,Ai,115.6,10,Saturday,61.96
Morning,Ai,46.9,6,Saturday,53.92
Evening,Java,95.6,4,Tuesday,53.47
Evening,Machine Learning,104.1,10,Sunday,52.97
Morning,Java,57.9,3,Wednesday,68.69
Evening,Python,51.6,9,Wednesday,54.05
Morning,DBMS,92.3,5,Tuesday,63.45
Morning,Machine Learning,110.4,10,Tuesday,54.65
Night,Ai,93.0,10,Thursday,49.7
Afternoon,DBMS,35.0,4,Monday,53.49
Afternoon,Aptitude,107.7,6,Tuesday,44.67
Evening,Machine Learning,52.6,4,Monday,55.9
Evening,Machine Learning,73.4,6,Saturday,42.86
Night,Python,101.5,10,Friday,43.29
Night,Java,30.7,8,Wednesday,38.3
Night,DSA,96.3,8,Tuesday,44.0
Morning,Aptitude,75.6,6,Friday,64.99
Night,Aptitude,108.3,1,Wednesday,38.79
Night,Java,28.9,1,Thursday,47.0
Evening,Machine Learning,56.3,3,Wednesday,51.79
Night,Machine Learning,101.6,2,Tuesday,37.87
Morning,Python,12.1,1,Friday,59.89
Morning,DSA,22.3,1,Friday,61.89
Evening,Aptitude,119.0,6,Friday,59.7
Night,Ai,40.8,7,Wednesday,46.54
Night,Operating Systems,117.3,8,Monday,44.81
Morning,Operating Systems,30.1,3,Sunday,57.11
Night,DSA,49.7,1,Monday,40.34
Night,DBMS,92.8,5,Wednesday,45.48
Night,Python,82.4,8,Tuesday,39.65
Afternoon,DSA,73.9,4,Wednesday,48.41
Evening,Java,68.3,2,Monday,63.5
Afternoon,Java,102.8,9,Wednesday,47.81
Evening,Operating Systems,35.8,9,Friday,60.61
Morning,Machine Learning,58.7,3,Tuesday,61.35
Night,Operating Systems,27.1,7,Sunday,49.19
Evening,Machine Learning,75.6,1,Tuesday,37.36
Afternoon,Python,37.6,8,Thursday,52.89
Night,Machine Learning,46.7,8,Sunday,42.94
Morning,DSA,61.8,3,Wednesday,62.99
Evening,Machine Learning,12.9,5,Saturday,56.01
Evening,DBMS,20.1,4,Saturday,55.48
Evening,Java,85.5,7,Sunday,53.18
Night,DSA,57.2,7,Sunday,36.21
Afternoon,Java,105.1,8,Sunday,37.49
Afternoon,Python,86.4,5,Saturday,55.7
Evening,DSA,10.9,5,Friday,50.96
Morning,DBMS,77.8,8,Saturday,55.25
Morning,Python,20.3,5,Wednesday,66.53
Afternoon,Operating Systems,95.9,1,Thursday,49.9
Morning,DBMS,119.1,3,Thursday,54.21
Afternoon,Python,68.4,2,Wednesday,43.46
Evening,Ai,85.1,10,Saturday,50.21
Afternoon,Machine Learning,36.1,5,Wednesday,48.48
Afternoon,DSA,58.1,8,Sunday,49.98
Evening,Python,104.2,9,Sunday,53.38
Morning,DSA,28.4,9,Wednesday,59.1
Afternoon,Machine Learning,39.2,1,Sunday,38.4
Afternoon,Python,59.0,1,Monday,57.21
Evening,Operating Systems,88.3,1,Thursday,70.07
Morning,Ai,51.3,1,Tuesday,66.51
Afternoon,Ai,112.1,9,Saturday,53.05
Evening,DBMS,20.4,1,Saturday,53.73
Afternoon,Python,50.8,7,Monday,46.77
Night,Machine Learning,88.0,6,Friday,38.69
Evening,Python,34.9,9,Tuesday,60.29
Morning,DSA,82.2,9,Tuesday,63.45
Morning,Aptitude,28.1,4,Tuesday,55.3
Morning,Java,16.2,9,Sunday,59.27
Morning,Python,23.3,6,Thursday,62.57
Afternoon,Ai,112.3,5,Friday,52.48
Afternoon,Ai,70.7,9,Monday,51.79
Morning,Java,97.6,7,Sunday,59.05
Morning,Ai,46.6,9,Friday,50.27
Morning,Operating Systems,75.2,5,Saturday,66.12
Afternoon,Python,64.4,4,Monday,59.08
Morning,DBMS,114.0,10,Sunday,56.93
Morning,Python,92.2,3,Thursday,56.1
Night,Aptitude,90.4,5,Saturday,44.82
Night,Ai,15.1,9,Friday,37.69
Morning,DSA,70.5,3,Tuesday,67.38
Evening,Ai,61.4,1,Friday,54.19
Morning,Python,112.1,2,Saturday,56.02
Night,Operating Systems,38.3,10,Sunday,44.92
Evening,Machine Learning,39.7,5,Sunday,47.65
Evening,Python,55.2,3,Thursday,55.6
Morning,Python,36.8,6,Thursday,58.03
Night,DBMS,24.2,8,Thursday,48.13
Night,Operating Systems,104.3,6,Monday,46.54
Evening,Aptitude,71.4,10,Friday,60.25
Morning,Machine Learning,104.7,9,Tuesday,49.87
Afternoon,Ai,101.4,6,Sunday,40.91
Afternoon,DSA,41.0,5,Tuesday,46.41
Night,Python,70.3,4,Wednesday,52.56
Afternoon,Aptitude,19.2,2,Thursday,42.87
Night,Machine Learning,110.7,6,Saturday,35.75
Night,DSA,54.5,2,Tuesday,51.1
Night,Aptitude,53.3,5,Thursday,47.65
Afternoon,Operating Systems,43.3,1,Tuesday,55.4
Night,Operating Systems,60.7,3,Friday,44.54
Evening,Machine Learning,37.7,10,Wednesday,61.84
Morning,Ai,51.2,5,Thursday,52.74
Morning,Java,98.0,7,Monday,58.93
Night,DSA,101.8,8,Monday,42.52
Morning,Operating Systems,43.5,7,Tuesday,58.58
Afternoon,Java,61.6,7,Sunday,40.72
Afternoon,Machine Learning,106.1,2,Friday,50.77
Morning,Operating Systems,15.8,6,Saturday,50.88
Afternoon,Operating Systems,107.8,5,Sunday,40.34
Morning,Aptitude,34.1,9,Thursday,47.04
Morning,Java,84.6,10,Wednesday,56.29
Morning,Aptitude,74.1,4,Friday,60.73
Night,Operating Systems,70.8,7,Tuesday,46.44
Morning,Java,104.5,8,Friday,58.88
Night,DBMS,21.2,6,Wednesday,41.65
Morning,Java,48.2,3,Friday,57.97
Morning,Aptitude,69.2,5,Thursday,56.63
Morning,DSA,99.2,1,Tuesday,69.27
Afternoon,Machine Learning,33.8,8,Wednesday,41.86
Night,Machine Learning,98.3,2,Tuesday,39.12
Night,Ai,54.0,10,Saturday,42.0
Morning,DSA,30.8,7,Thursday,53.52
Morning,DSA,93.5,9,Wednesday,59.23
Afternoon,DSA,20.0,1,Saturday,37.81
Afternoon,Ai,66.6,4,Saturday,47.62
Afternoon,DSA,17.0,7,Saturday,43.78
Night,Python,49.2,9,Wednesday,43.27
Night,Ai,76.1,2,Tuesday,43.54
Night,Machine Learning,71.2,2,Friday,40.3
Morning,Python,54.5,6,Friday,59.99
Night,Ai,57.2,3,Saturday,45.83
Evening,Operating Systems,34.9,4,Monday,64.0
Evening,Operating Systems,60.1,3,Monday,41.48
Afternoon,Machine Learning,114.9,1,Wednesday,46.84
Night,Operating Systems,103.5,6,Tuesday,38.59
Evening,DSA,26.0,2,Wednesday,52.29
Afternoon,Ai,13.3,2,Tuesday,52.01
Night,Python,112.7,7,Thursday,58.94
Morning,DSA,67.9,5,Monday,57.39
Evening,Operating Systems,69.2,8,Wednesday,55.65
Morning,Aptitude,95.9,2,Sunday,52.43
Night,Java,44.6,10,Thursday,40.17
Evening,Python,63.0,8,Friday,51.93
Night,DSA,116.6,7,Monday,40.41
Morning,Ai,83.9,10,Tuesday,57.63
Evening,Machine Learning,26.9,8,Saturday,57.11
Morning,DSA,24.7,3,Friday,57.27
Night,Aptitude,32.5,8,Friday,47.78
Night,Operating Systems,94.3,6,Thursday,46.47
Morning,Python,42.5,2,Sunday,63.76
Evening,Machine Learning,12.4,6,Wednesday,43.49
Morning,Python,113.9,5,Saturday,60.72
Night,Machine Learning,28.7,3,Wednesday,44.15
Morning,Java,11.1,1,Thursday,59.5
Night,Ai,36.1,7,Friday,50.38
Morning,Python,35.9,2,Monday,61.4
Evening,Operating Systems,56.4,1,Friday,59.39
Evening,Ai,111.2,1,Thursday,55.85
Morning,Ai,106.7,7,Friday,61.24
Morning,Java,60.3,1,Saturday,58.58
Evening,Machine Learning,55.2,9,Friday,52.0
Night,DBMS,71.1,6,Friday,52.82
Evening,Python,36.8,4,Friday,62.38
Night,Python,15.7,4,Monday,46.7
Morning,DSA,113.3,5,Tuesday,59.85
Morning,Machine Learning,30.5,2,Tuesday,60.4
Night,Aptitude,31.8,5,Wednesday,49.05
Morning,DBMS,62.0,2,Tuesday,68.06
Night,Operating Systems,64.1,4,Tuesday,49.53
Afternoon,DSA,12.0,10,Tuesday,48.13
Evening,Java,26.3,5,Sunday,47.91
Afternoon,DBMS,51.6,6,Friday,54.96
Night,Machine Learning,85.2,6,Sunday,41.45
Evening,DBMS,35.1,9,Friday,50.09
Night,Java,56.5,4,Saturday,46.27
Evening,Ai,71.3,5,Monday,62.58
Evening,Python,107.7,6,Sunday,54.04
Evening,Ai,45.9,4,Friday,62.83
Evening,Python,24.7,6,Friday,60.83
Night,DSA,63.8,2,Tuesday,38.21
Evening,Java,92.1,7,Monday,57.11
Evening,Machine Learning,22.1,3,Monday,44.14
Afternoon,Machine Learning,56.7,10,Tuesday,49.77
Morning,DBMS,12.0,4,Sunday,51.88
Morning,DSA,13.7,9,Tuesday,59.96
Afternoon,Machine Learning,63.1,5,Monday,51.39
Afternoon,Aptitude,42.8,9,Thursday,47.06
Night,Aptitude,103.0,10,Tuesday,53.45
Night,Ai,76.2,10,Tuesday,40.39
Night,Python,59.9,10,Monday,36.31
Afternoon,DBMS,54.9,10,Sunday,46.86
Afternoon,Operating Systems,64.7,6,Thursday,56.83
Evening,Java,14.4,8,Saturday,51.9
Night,Python,108.2,5,Thursday,44.03
Night,DSA,119.8,5,Wednesday,35.76
Night,Machine Learning,30.0,3,Thursday,40.14
Morning,Python,23.2,7,Tuesday,56.29
Evening,Operating Systems,25.8,2,Friday,56.22
Night,Operating Systems,82.7,3,Monday,46.64
Night,Aptitude,82.8,2,Saturday,37.26
Night,DSA,103.3,8,Tuesday,42.37
Morning,Python,92.7,4,Saturday,66.23
Morning,DBMS,59.5,10,Monday,57.87
Afternoon,Python,77.4,8,Saturday,46.74
Evening,Aptitude,85.7,8,Thursday,55.93
Afternoon,Ai,66.4,8,Monday,42.95
Evening,Operating Systems,62.3,8,Tuesday,59.75
Morning,DSA,81.0,8,Friday,56.93
Night,DSA,71.3,9,Tuesday,38.21
Afternoon,DBMS,80.8,2,Sunday,49.69
Night,DSA,77.4,9,Wednesday,41.56
Afternoon,Aptitude,89.1,8,Monday,45.62
Morning,Aptitude,80.7,10,Tuesday,60.36
Morning,Aptitude,67.2,1,Thursday,65.26
Morning,DSA,85.0,5,Thursday,56.95
Afternoon,DSA,59.4,2,Sunday,41.17
Evening,Aptitude,36.6,10,Saturday,40.77
Afternoon,DSA,10.2,5,Tuesday,41.75
Evening,Java,71.6,8,Saturday,49.59
Afternoon,DSA,75.0,9,Wednesday,42.46
Afternoon,Java,116.9,9,Monday,46.51
Morning,Operating Systems,49.8,1,Wednesday,69.64
Night,Python,53.4,7,Friday,53.16
Night,Machine Learning,32.2,8,Sunday,35.91
Evening,Java,17.8,10,Saturday,52.69
Night,Java,95.0,3,Tuesday,39.6
Afternoon,DSA,37.5,6,Saturday,53.81
Afternoon,Machine Learning,77.0,3,Wednesday,48.36
Morning,Ai,85.7,9,Sunday,62.25
Morning,Machine Learning,61.8,3,Friday,54.07
Night,Operating Systems,106.4,2,Wednesday,53.01
Evening,Java,58.8,9,Friday,52.8
Night,DSA,41.3,8,Sunday,32.17
Night,Aptitude,108.6,8,Thursday,44.13
Night,Machine Learning,104.8,2,Thursday,39.57
Night,DSA,28.0,6,Tuesday,49.03
Afternoon,DBMS,12.9,5,Wednesday,46.9
Evening,Ai,19.9,2,Thursday,57.69
Afternoon,Aptitude,41.5,5,Saturday,43.59
Evening,DBMS,116.9,4,Sunday,47.77
Morning,DBMS,71.4,9,Monday,60.0
Night,Machine Learning,51.1,1,Sunday,42.66
Afternoon,DBMS,107.8,6,Saturday,39.2
Evening,Operating Systems,59.8,7,Thursday,59.61
Morning,Operating Systems,44.7,6,Thursday,64.69
Morning,Machine Learning,113.5,5,Wednesday,56.48
Night,DSA,103.4,4,Friday,43.05
Evening,Python,102.8,5,Monday,43.76
Afternoon,DSA,66.4,9,Monday,58.01
Night,DSA,96.8,5,Friday,42.39
Afternoon,DSA,29.7,10,Wednesday,54.42
Morning,DSA,73.1,8,Thursday,55.97
Afternoon,Aptitude,118.2,7,Friday,50.01
Afternoon,Python,42.0,4,Sunday,51.62
Night,Aptitude,97.4,10,Sunday,39.71
Afternoon,DBMS,64.0,5,Sunday,39.17
Night,Ai,14.4,7,Monday,44.37
Morning,DSA,93.9,6,Monday,51.93
Night,Ai,28.5,3,Sunday,37.69
Night,Operating Systems,79.5,10,Sunday,38.85
Evening,Machine Learning,19.4,3,Sunday,50.39
Afternoon,Machine Learning,114.2,2,Thursday,44.79
Morning,Aptitude,42.1,3,Thursday,53.9
Night,Aptitude,34.9,10,Tuesday,45.94
Morning,Operating Systems,24.2,1,Saturday,60.26
Evening,DSA,114.1,9,Friday,47.07
Afternoon,Ai,88.3,2,Thursday,50.1
Night,Java,91.6,3,Tuesday,48.76
Afternoon,Ai,64.9,5,Wednesday,50.51
Evening,Python,62.2,10,Sunday,47.95
Evening,DBMS,22.1,4,Monday,56.2
Morning,Machine Learning,71.6,5,Friday,58.0
Night,DBMS,37.2,6,Saturday,42.76
Morning,Python,117.5,5,Wednesday,62.19
Evening,Aptitude,97.6,10,Friday,44.91
Afternoon,Ai,55.4,1,Friday,49.13
Morning,Machine Learning,26.6,6,Thursday,62.75
Morning,DBMS,96.4,9,Tuesday,67.19
Afternoon,Java,23.4,3,Friday,54.97
Morning,Aptitude,30.8,2,Saturday,57.13
Afternoon,Python,33.3,6,Wednesday,55.46
Night,Java,71.3,3,Saturday,44.71
Afternoon,DBMS,96.6,4,Friday,48.84
Night,Java,44.6,6,Saturday,47.75
Afternoon,Ai,19.3,6,Saturday,43.77
Evening,DSA,61.1,2,Sunday,50.46
Evening,Java,92.3,3,Tuesday,59.51
Night,Aptitude,34.4,9,Monday,40.42
Night,Python,34.2,2,Friday,40.32
Evening,DBMS,114.2,3,Wednesday,50.15
Night,Ai,115.0,9,Sunday,44.22
Afternoon,DSA,119.0,4,Sunday,57.17
Afternoon,DSA,98.8,1,Monday,54.99
Evening,Python,30.7,2,Saturday,57.91
Morning,Operating Systems,33.3,3,Monday,67.83
Afternoon,Ai,47.4,9,Thursday,51.45
Night,Ai,45.0,9,Thursday,41.91
Morning,Machine Learning,115.2,6,Friday,57.69
Morning,Python,96.8,6,Sunday,57.66
Afternoon,DSA,89.6,3,Wednesday,44.18
Afternoon,DSA,30.5,5,Thursday,47.96
Morning,Java,110.0,4,Saturday,49.2
Morning,Python,101.1,10,Tuesday,60.39
Evening,Operating Systems,28.0,10,Tuesday,54.51
Night,Machine Learning,105.8,9,Saturday,39.14
Evening,DBMS,39.9,9,Monday,63.41
Afternoon,Python,18.9,1,Saturday,50.0
Evening,Machine Learning,82.3,8,Monday,61.82
Evening,Ai,81.9,9,Monday,48.14
Evening,Machine Learning,20.4,5,Tuesday,57.38
Evening,Java,45.1,4,Thursday,56.07
Night,Aptitude,119.2,10,Saturday,41.51
Night,DSA,84.6,4,Thursday,37.37
Morning,Java,90.3,2,Friday,61.7
Afternoon,DBMS,33.4,9,Wednesday,61.37
Evening,Python,18.7,5,Tuesday,59.2
Morning,Java,40.5,3,Sunday,56.77
Morning,DSA,37.4,6,Monday,59.74
Morning,Aptitude,35.8,9,Wednesday,62.95
Night,Java,31.2,9,Monday,52.81
Evening,Aptitude,73.2,5,Wednesday,53.15
Evening,Java,46.1,8,Wednesday,55.92
Afternoon,DSA,100.2,4,Thursday,49.02
Evening,Operating Systems,30.2,5,Sunday,49.72
Evening,Machine Learning,61.1,7,Friday,53.98
Morning,Python,11.5,7,Friday,69.65
Afternoon,Python,63.0,7,Monday,48.74
Evening,Python,16.1,8,Tuesday,58.84
Night,DSA,117.5,5,Friday,46.01
Evening,Ai,97.0,1,Tuesday,54.95
Morning,Operating Systems,63.9,9,Monday,62.15
Night,DBMS,19.5,9,Tuesday,46.93
Morning,Aptitude,75.2,7,Wednesday,55.43
Evening,DSA,93.5,6,Wednesday,53.7
Night,Ai,31.0,5,Monday,44.92
Afternoon,DBMS,72.5,5,Tuesday,44.75
Afternoon,Aptitude,99.6,3,Sunday,47.29
Night,Aptitude,94.5,10,Sunday,41.86
Night,Operating Systems,98.3,1,Tuesday,55.12
Morning,Machine Learning,106.7,6,Monday,53.88
Night,Python,113.1,8,Sunday,49.0
Morning,Java,54.6,2,Friday,62.37
Evening,DBMS,72.6,8,Thursday,60.16
Morning,DSA,97.0,8,Friday,54.99
Night,DBMS,86.7,10,Saturday,32.59
Night,Machine Learning,119.5,8,Thursday,42.46
Evening,Python,11.5,10,Tuesday,60.85
Night,DBMS,49.1,3,Thursday,43.39
Night,Machine Learning,40.9,10,Sunday,39.26
Afternoon,DSA,38.9,8,Thursday,58.88
Afternoon,Operating Systems,34.5,4,Tuesday,46.36
Evening,Ai,88.0,3,Wednesday,59.63
Morning,Aptitude,19.3,9,Thursday,55.1
Afternoon,DSA,91.6,8,Sunday,51.75
Morning,Python,86.3,10,Sunday,58.65
Night,Aptitude,37.6,2,Monday,47.44
Afternoon,Ai,37.8,8,Friday,46.79
Evening,DSA,79.2,3,Tuesday,54.47
Evening,Java,93.8,10,Tuesday,55.84
Evening,DSA,106.4,6,Thursday,46.93
Afternoon,DSA,103.7,5,Wednesday,46.53
Morning,Java,116.1,8,Wednesday,61.34
Night,DSA,74.0,9,Friday,40.23
Morning,Aptitude,110.0,7,Friday,60.88
Morning,Python,98.9,6,Sunday,58.07
Night,Ai,108.4,6,Wednesday,47.97
Night,Machine Learning,11.3,1,Saturday,39.16
Afternoon,DBMS,116.2,5,Wednesday,61.9
Afternoon,Java,62.1,8,Wednesday,40.15
Afternoon,Operating Systems,97.8,6,Thursday,46.03
Afternoon,Java,24.0,1,Sunday,50.39
Afternoon,Ai,53.6,5,Monday,50.93
Night,DBMS,39.9,5,Friday,47.18
Morning,DBMS,42.1,3,Saturday,40.97
Afternoon,Operating Systems,23.6,8,Saturday,46.09
Afternoon,Ai,98.6,9,Tuesday,50.03
Morning,Aptitude,11.0,6,Wednesday,63.04
Afternoon,Python,44.4,6,Wednesday,53.78
Morning,Operating Systems,29.2,2,Monday,60.07
Morning,Python,74.8,10,Sunday,58.49
Night,Aptitude,38.0,2,Wednesday,38.7
Evening,DBMS,38.5,6,Friday,56.73
Night,Python,63.7,8,Saturday,43.38
Evening,Aptitude,81.8,2,Wednesday,52.84
Evening,Aptitude,23.3,9,Monday,54.93
Evening,Machine Learning,29.3,9,Thursday,51.2
Afternoon,Operating Systems,37.2,4,Friday,42.76
Night,Machine Learning,117.1,4,Thursday,46.28
Evening,Java,53.7,4,Tuesday,64.36
Morning,DBMS,75.9,5,Monday,61.39
Afternoon,Operating Systems,36.6,8,Tuesday,51.48
Night,DBMS,64.0,2,Tuesday,52.5
Evening,Machine Learning,18.2,5,Saturday,59.52
Morning,Ai,13.8,2,Tuesday,59.12
Night,Aptitude,61.6,8,Tuesday,41.39
Night,DBMS,53.9,1,Monday,47.18
Afternoon,Operating Systems,25.1,7,Thursday,50.79
Night,Java,85.6,3,Wednesday,49.83
Afternoon,Operating Systems,119.2,4,Tuesday,50.02
Evening,DBMS,53.5,8,Saturday,52.38
Afternoon,Operating Systems,78.7,3,Sunday,42.2
Morning,Java,115.9,7,Wednesday,65.11
Afternoon,Aptitude,101.5,1,Saturday,43.82
Morning,Ai,61.0,9,Wednesday,54.03
Afternoon,Aptitude,91.1,6,Tuesday,36.74
Night,Operating Systems,24.1,3,Friday,44.49
Evening,Java,66.3,7,Sunday,48.45
Morning,Java,40.7,5,Wednesday,58.83
Afternoon,DBMS,27.7,8,Friday,47.56
Afternoon,Machine Learning,56.9,8,Thursday,46.17
Afternoon,Operating Systems,24.4,9,Wednesday,45.88
Night,Operating Systems,86.9,6,Monday,41.26
Night,Operating Systems,60.2,4,Saturday,37.25
Morning,Operating Systems,68.4,2,Sunday,56.02
Morning,DBMS,26.1,3,Thursday,54.27
Night,Machine Learning,25.4,5,Thursday,49.29
Morning,Machine Learning,74.2,8,Sunday,54.95
Evening,Python,118.4,10,Friday,49.32
Evening,Operating Systems,20.6,2,Tuesday,56.1
Night,Operating Systems,41.4,5,Saturday,37.51
Morning,Python,105.6,9,Monday,67.22
Afternoon,Machine Learning,17.9,2,Sunday,41.93
Evening,Java,106.3,8,Sunday,58.97
Night,Java,67.7,3,Monday,50.0
Morning,DSA,54.9,8,Friday,77.2
Night,Aptitude,44.1,4,Friday,45.49
Afternoon,DSA,42.7,4,Thursday,52.45
Evening,Machine Learning,43.6,7,Sunday,50.06
Night,Ai,107.3,5,Friday,45.43
Night,Operating Systems,89.6,4,Tuesday,51.16
Night,DSA,83.7,7,Thursday,47.86
Afternoon,DBMS,97.9,3,Thursday,49.54
Night,Java,38.3,9,Thursday,51.6
Afternoon,DBMS,78.0,5,Monday,55.01
Afternoon,Python,60.6,3,Saturday,56.78
Afternoon,Machine Learning,96.1,2,Saturday,51.1
Evening,Machine Learning,44.0,7,Monday,51.23
Evening,DSA,80.7,7,Thursday,51.7
Night,Operating Systems,107.0,5,Tuesday,42.87
Night,Machine Learning,54.2,4,Wednesday,46.9
Evening,DSA,17.3,2,Thursday,60.71
Morning,DSA,66.8,2,Friday,64.29
Evening,Aptitude,48.1,7,Sunday,44.86
Afternoon,Aptitude,83.9,10,Sunday,43.43
Evening,Machine Learning,114.6,7,Saturday,53.42
Afternoon,DSA,63.4,4,Sunday,52.14
Night,Python,61.3,4,Wednesday,48.54
Morning,Python,82.0,4,Monday,69.64
Night,Aptitude,21.4,2,Monday,35.55
Afternoon,Machine Learning,37.9,9,Wednesday,46.95
Afternoon,Java,111.1,1,Saturday,54.09
Afternoon,Operating Systems,83.7,8,Saturday,48.7
Morning,Ai,11.5,6,Friday,55.97
Evening,Java,32.5,10,Monday,58.95
Night,Python,85.1,7,Monday,47.69
Night,Python,94.1,5,Thursday,44.69
Evening,Java,102.4,6,Tuesday,47.14
Night,Aptitude,42.1,6,Friday,48.48
Morning,Aptitude,112.4,9,Thursday,54.57
Night,Machine Learning,70.8,10,Sunday,50.71
Afternoon,Aptitude,86.6,4,Tuesday,41.09
Evening,DBMS,75.6,5,Sunday,52.27
Morning,Ai,23.5,4,Monday,63.76
Evening,Java,115.9,1,Tuesday,49.91
Morning,Java,23.5,10,Monday,56.45
Afternoon,DSA,38.0,6,Saturday,50.25
Evening,Python,99.5,5,Thursday,52.25
Night,Java,78.0,4,Monday,54.6
Morning,DBMS,102.2,6,Tuesday,60.28
Evening,Java,66.7,5,Thursday,52.9
Night,Operating Systems,51.5,3,Tuesday,53.11
Evening,DBMS,111.4,2,Tuesday,49.71
Evening,Machine Learning,14.0,6,Wednesday,61.65
Evening,Operating Systems,104.2,4,Monday,50.09
Morning,Operating Systems,35.4,10,Monday,66.3
Night,Java,103.4,3,Tuesday,54.32
Afternoon,Aptitude,25.3,8,Sunday,46.48
Morning,Java,73.8,9,Saturday,56.46
Morning,DBMS,107.7,7,Monday,58.57
Morning,Machine Learning,62.1,2,Friday,54.09
Afternoon,Python,92.1,8,Saturday,49.42
Night,Ai,98.5,5,Saturday,46.53
Night,Aptitude,91.0,10,Saturday,44.94
Night,DBMS,111.8,7,Monday,47.54
Evening,Python,59.2,5,Saturday,50.33
Evening,DBMS,29.0,2,Saturday,46.61
Evening,Aptitude,15.3,4,Thursday,63.84
Afternoon,Python,37.1,5,Monday,45.33
Evening,Aptitude,25.8,6,Saturday,51.24
Afternoon,DBMS,71.4,5,Sunday,50.76
Night,Operating Systems,30.3,10,Friday,52.61
Evening,Ai,14.3,1,Saturday,52.11
Evening,DSA,14.0,1,Tuesday,55.37
Morning,Ai,101.5,3,Monday,57.64
Afternoon,Operating Systems,75.1,9,Thursday,58.65
Night,Aptitude,49.4,2,Friday,51.86
Morning,Ai,108.4,10,Wednesday,55.0
Morning,Aptitude,17.7,5,Tuesday,63.28
Night,Aptitude,117.8,9,Tuesday,44.42
Morning,Python,77.8,7,Tuesday,63.56
Afternoon,Machine Learning,30.2,8,Friday,43.99
Afternoon,Aptitude,84.7,2,Monday,40.23
Evening,Ai,94.0,5,Monday,49.46
Morning,Ai,57.2,9,Saturday,54.22
Evening,Ai,104.8,1,Saturday,49.51
Morning,Operating Systems,26.6,1,Monday,48.28
Afternoon,DSA,40.7,10,Sunday,47.56
Afternoon,Aptitude,20.3,8,Saturday,39.95
Afternoon,Java,33.2,2,Sunday,46.8
Morning,Aptitude,36.3,9,Monday,54.08
Afternoon,Aptitude,110.9,10,Tuesday,41.05
Morning,Java,18.6,9,Wednesday,59.75
Evening,Python,57.0,4,Tuesday,56.0
Morning,Aptitude,68.6,2,Sunday,57.47
Evening,Operating Systems,108.9,3,Saturday,59.98
Morning,DBMS,119.7,10,Wednesday,63.55
Evening,Machine Learning,92.9,1,Wednesday,62.85
Afternoon,Ai,116.8,3,Monday,48.46
Evening,Aptitude,96.6,5,Thursday,51.39
Afternoon,Python,116.0,3,Friday,54.29
Afternoon,Operating Systems,87.8,3,Thursday,59.29
Evening,Aptitude,18.8,10,Wednesday,49.41
Morning,Java,54.2,6,Thursday,67.0
Morning,Python,81.1,3,Saturday,61.38
Night,DBMS,48.6,3,Wednesday,42.79
Morning,DSA,40.1,9,Tuesday,66.52
Night,Aptitude,73.5,2,Saturday,36.0
Morning,Operating Systems,112.7,1,Tuesday,63.34
Morning,Python,13.8,10,Saturday,58.07
Afternoon,Java,94.6,8,Monday,55.59
Night,Python,89.5,3,Sunday,45.67
Morning,Aptitude,116.0,7,Saturday,62.49
Night,Python,112.4,2,Friday,47.24
Afternoon,DSA,93.8,8,Tuesday,46.83
Afternoon,Python,67.2,9,Saturday,48.6
Night,Ai,32.5,8,Friday,45.91
Afternoon,Machine Learning,70.0,8,Monday,49.76
Evening,Ai,94.2,8,Saturday,55.41
Evening,Machine Learning,108.5,7,Sunday,50.08
Afternoon,Python,96.9,2,Friday,55.4
Evening,Java,31.5,8,Sunday,63.09
Morning,Java,76.0,5,Saturday,53.38
Night,Aptitude,46.5,6,Tuesday,50.02
Morning,Java,11.0,4,Tuesday,56.6
Night,Machine Learning,32.0,1,Thursday,38.28
Afternoon,Operating Systems,22.5,5,Thursday,57.18
Morning,Machine Learning,102.7,3,Saturday,50.5
Afternoon,Ai,38.4,9,Thursday,49.87
Afternoon,Python,41.3,4,Saturday,45.0
Night,Aptitude,115.6,10,Saturday,54.09
Night,DBMS,51.7,2,Sunday,41.86
Night,Aptitude,11.1,4,Friday,39.5
Morning,Aptitude,41.2,3,Tuesday,55.66
Evening,Aptitude,23.1,3,Monday,65.61
Night,Operating Systems,21.3,5,Wednesday,43.93
Night,DSA,18.5,1,Tuesday,43.59
Morning,Ai,75.3,5,Thursday,67.42
Night,Python,30.8,8,Saturday,50.37
Morning,DSA,49.7,10,Thursday,54.61
Afternoon,DBMS,104.8,9,Friday,46.02
Night,DSA,56.7,1,Thursday,41.24
Night,Python,110.7,2,Friday,45.36
Afternoon,Ai,64.8,2,Monday,54.16
Afternoon,Ai,53.9,6,Saturday,46.57
Afternoon,Python,92.5,1,Thursday,50.47
Night,DBMS,18.0,1,Friday,45.03
Evening,Python,19.8,2,Thursday,54.17
Evening,DBMS,81.7,4,Friday,62.78
Evening,DBMS,63.6,2,Sunday,48.52
Night,Python,96.9,4,Saturday,44.13
Afternoon,Machine Learning,110.8,3,Saturday,48.09
Night,Ai,52.7,3,Tuesday,48.37
Afternoon,DBMS,75.6,9,Friday,48.05
Night,Python,65.1,8,Wednesday,52.48
Night,Java,118.0,10,Monday,55.72
Afternoon,Machine Learning,101.4,9,Tuesday,57.01
Evening,Ai,110.3,1,Monday,42.6
Afternoon,DBMS,38.0,5,Tuesday,49.58
Morning,Ai,95.0,4,Thursday,56.69
Morning,Machine Learning,39.2,9,Friday,60.78
Afternoon,Ai,33.0,3,Thursday,55.26
Night,Operating Systems,113.9,5,Monday,39.25
Morning,Aptitude,12.1,8,Saturday,61.34
Morning,Operating Systems,116.2,10,Monday,59.87
Night,Machine Learning,26.4,5,Tuesday,41.69
Night,DBMS,100.1,9,Monday,47.64
Evening,Python,40.4,2,Friday,56.27
Night,DSA,48.6,6,Monday,49.66
Afternoon,Python,33.8,5,Thursday,50.03
Afternoon,Ai,74.4,9,Saturday,53.67
Evening,DSA,48.3,7,Friday,53.89
Morning,DSA,82.3,8,Monday,47.11
Morning,Ai,11.7,7,Wednesday,55.98
Night,Ai,17.1,10,Wednesday,44.48
Afternoon,DBMS,21.0,10,Saturday,48.85
Morning,Machine Learning,56.1,5,Thursday,57.51
Evening,Java,99.6,5,Tuesday,51.51
Evening,Python,107.7,4,Tuesday,65.9
Afternoon,Machine Learning,36.9,2,Saturday,52.02
Evening,Operating Systems,73.2,9,Monday,48.96
Evening,DBMS,94.5,10,Friday,50.79
Afternoon,DBMS,41.8,10,Saturday,48.6
Night,Java,55.0,10,Tuesday,44.24
Night,Operating Systems,67.6,10,Wednesday,31.32
Evening,Python,24.8,3,Tuesday,53.41
Night,Aptitude,12.9,3,Wednesday,48.67
Night,Operating Systems,26.8,3,Tuesday,45.56
Evening,Python,79.0,8,Thursday,52.34
Night,DSA,18.1,6,Saturday,38.2
Evening,Ai,30.9,1,Friday,53.88
Morning,DBMS,47.2,3,Saturday,69.8
Afternoon,Python,18.6,4,Sunday,49.18
Afternoon,Machine Learning,31.1,2,Monday,44.38
Night,Java,110.2,6,Wednesday,54.02
Night,Ai,12.1,10,Tuesday,47.9
Night,Machine Learning,81.9,1,Monday,38.97
Afternoon,Ai,52.3,1,Wednesday,50.1
Morning,DBMS,84.0,8,Saturday,56.04
Morning,Operating Systems,74.8,4,Wednesday,62.74
Afternoon,Aptitude,34.6,1,Thursday,43.71
Morning,Operating Systems,103.2,7,Tuesday,54.04
Afternoon,Python,64.1,9,Sunday,47.71
Morning,Java,100.5,10,Saturday,52.6
Evening,Operating Systems,54.7,7,Sunday,57.09
Evening,DBMS,118.3,1,Monday,49.86
Afternoon,Java,94.8,1,Tuesday,62.04
Morning,Python,116.3,1,Saturday,58.24
Night,DSA,66.6,8,Sunday,41.66
Morning,Operating Systems,62.1,7,Tuesday,61.76
Evening,Operating Systems,93.1,3,Friday,54.64
Evening,Aptitude,106.8,3,Wednesday,60.9
Morning,Python,116.1,3,Sunday,59.73
Morning,Machine Learning,45.7,2,Wednesday,55.39
Night,Operating Systems,97.9,4,Friday,38.17
Night,DBMS,33.2,7,Friday,46.96
Morning,Operating Systems,70.0,9,Tuesday,64.57
Morning,Aptitude,29.8,3,Wednesday,53.66
Morning,DSA,48.2,10,Monday,57.09
Morning,Aptitude,112.4,7,Thursday,64.83
Afternoon,Operating Systems,26.1,4,Saturday,42.74
Morning,Java,79.6,1,Friday,55.7
Night,Machine Learning,75.2,5,Monday,42.24
Evening,Ai,23.3,8,Monday,61.58
Afternoon,Operating Systems,45.9,3,Tuesday,54.59
Morning,Python,71.9,10,Friday,68.58
Evening,Operating Systems,30.6,4,Monday,50.03
Afternoon,Machine Learning,98.1,3,Thursday,44.7
Evening,Python,116.9,10,Monday,56.11
Morning,DBMS,33.6,8,Thursday,58.47
Morning,Java,30.6,10,Sunday,53.12
Night,Python,60.0,8,Thursday,49.4
Morning,Aptitude,92.3,4,Thursday,51.85
Morning,DSA,41.0,2,Friday,59.75
Afternoon,Aptitude,12.2,3,Sunday,55.31
Night,Ai,69.5,3,Thursday,45.39
Afternoon,Python,115.2,4,Friday,47.84
Evening,DBMS,53.0,2,Sunday,45.6
Morning,Operating Systems,56.2,2,Monday,61.8
Evening,Java,116.6,3,Sunday,60.68
Afternoon,Python,86.4,1,Thursday,53.07
Morning,Aptitude,89.1,8,Sunday,55.32
Morning,Python,71.9,6,Wednesday,58.19
Afternoon,Python,117.2,3,Monday,44.61
Afternoon,Python,85.8,1,Saturday,50.36
Afternoon,DBMS,108.5,3,Sunday,38.99
Afternoon,Java,86.9,1,Sunday,51.58
Afternoon,Machine Learning,90.9,3,Sunday,48.14
Morning,Machine Learning,41.9,4,Wednesday,56.92
Afternoon,Python,43.4,6,Wednesday,55.24
Morning,DBMS,96.1,7,Tuesday,60.86
Morning,DBMS,42.6,7,Friday,63.19
Afternoon,Ai,71.9,9,Tuesday,54.47
Afternoon,Python,37.4,8,Friday,50.72
Night,Aptitude,99.9,4,Tuesday,38.52
Morning,Aptitude,22.2,6,Monday,71.29
Afternoon,DSA,101.2,1,Wednesday,47.93
Afternoon,Java,76.3,8,Monday,47.86
Afternoon,Python,30.6,6,Friday,54.22
Night,DSA,69.6,2,Wednesday,43.03
Night,Aptitude,41.1,8,Wednesday,38.71
Evening,Aptitude,45.6,4,Friday,49.04
Morning,Python,48.7,9,Monday,57.55
Evening,DSA,17.0,4,Wednesday,55.79
Afternoon,DSA,118.5,1,Saturday,42.52
Night,Python,13.5,7,Sunday,48.68
Night,Java,82.9,10,Monday,44.23
Evening,Ai,50.8,5,Monday,54.61
Night,DSA,81.1,10,Monday,44.3
Afternoon,Ai,49.2,5,Wednesday,44.8
Night,Operating Systems,84.1,4,Thursday,51.38
Evening,Java,90.2,6,Sunday,53.55
Afternoon,Aptitude,86.0,1,Tuesday,49.13
Evening,Machine Learning,22.5,3,Friday,50.35
Night,Java,82.3,7,Monday,42.26
Evening,Ai,40.8,8,Wednesday,49.21
Evening,Ai,13.2,9,Friday,48.34
Morning,Ai,55.6,1,Thursday,53.34
Night,DBMS,57.7,4,Saturday,47.31
Night,Java,61.4,2,Thursday,41.17
Evening,DSA,87.5,2,Wednesday,48.62
Morning,DSA,44.0,1,Monday,65.44
Night,DBMS,44.7,5,Thursday,45.3
Afternoon,DSA,16.7,2,Sunday,40.13
Evening,DBMS,85.6,4,Thursday,57.85
Night,Ai,72.5,9,Thursday,52.27
Afternoon,Python,48.4,3,Sunday,52.39
Night,Java,87.6,8,Saturday,42.69
Afternoon,Operating Systems,69.1,10,Wednesday,52.34
Evening,Ai,61.6,6,Friday,60.97
Night,Operating Systems,66.2,10,Tuesday,53.64
Night,Aptitude,80.0,5,Wednesday,40.24
Morning,Ai,82.6,2,Monday,60.11
Evening,Machine Learning,41.8,3,Wednesday,56.02
Afternoon,DSA,25.5,8,Wednesday,49.86
Night,Machine Learning,27.2,9,Saturday,42.65
Night,Python,80.3,7,Tuesday,58.04
Afternoon,Operating Systems,106.0,1,Tuesday,48.69
Evening,Java,55.0,6,Tuesday,47.94
Morning,Ai,28.6,7,Friday,69.25
Morning,Java,93.2,6,Wednesday,68.84
Night,Python,101.6,10,Saturday,46.72
Afternoon,Python,106.9,2,Monday,49.52
Night,DSA,76.8,9,Tuesday,48.29
Afternoon,Python,104.7,3,Sunday,49.16
Morning,Ai,11.7,6,Tuesday,58.45
Evening,Ai,21.8,6,Sunday,48.62
Afternoon,Java,20.2,8,Wednesday,49.92
Morning,Java,88.4,4,Monday,62.73
Night,Operating Systems,17.7,6,Saturday,42.82
Afternoon,Ai,64.6,1,Tuesday,54.42
Evening,Machine Learning,62.0,9,Wednesday,51.9
Night,Operating Systems,44.2,9,Thursday,42.91
Night,DSA,105.7,7,Saturday,42.94
Morning,Operating Systems,28.7,1,Sunday,57.43
Afternoon,DBMS,48.8,3,Friday,57.42
Night,Java,95.2,5,Saturday,40.27
Evening,Machine Learning,13.3,4,Wednesday,50.49
Afternoon,Java,84.0,5,Tuesday,49.16
Evening,DBMS,99.8,7,Saturday,49.93
Night,DBMS,112.5,9,Monday,41.85
Evening,Aptitude,106.4,1,Sunday,43.84
Morning,Ai,45.1,5,Thursday,54.23
Evening,DSA,74.5,3,Monday,53.4
Afternoon,Python,18.5,3,Monday,45.46
Evening,DBMS,38.4,2,Monday,57.82
Evening,Operating Systems,20.4,6,Wednesday,56.85
Morning,Python,44.7,6,Wednesday,58.65
Evening,Operating Systems,106.3,3,Saturday,51.74
Evening,Java,48.2,1,Sunday,51.04
Night,Operating Systems,71.8,7,Friday,35.98
Night,Python,57.7,2,Sunday,46.22
Afternoon,Python,60.5,8,Thursday,49.01
Night,Ai,116.7,3,Saturday,37.13
Night,Operating Systems,42.6,1,Monday,48.39
Night,DSA,79.0,10,Saturday,42.22
Night,Ai,56.2,9,Sunday,46.56
Morning,Machine Learning,16.7,5,Tuesday,57.41
Night,Aptitude,63.8,1,Saturday,43.08
Morning,Machine Learning,99.5,10,Sunday,59.0
Morning,DSA,20.9,6,Saturday,64.38
Night,Ai,17.7,10,Sunday,40.44
Evening,Aptitude,26.9,3,Monday,56.24
Morning,Ai,94.1,4,Saturday,59.87
Evening,Python,89.6,8,Thursday,59.83
Evening,Aptitude,72.2,5,Monday,52.43
Night,Java,61.5,6,Wednesday,44.44
Afternoon,Operating Systems,107.7,10,Wednesday,52.82
Night,Machine Learning,94.3,4,Saturday,40.88
Afternoon,Aptitude,99.3,6,Saturday,56.57
Afternoon,Operating Systems,99.5,3,Thursday,48.45
Night,Ai,80.7,10,Sunday,38.0
Night,DSA,60.4,1,Sunday,43.42
Afternoon,Aptitude,105.1,6,Friday,45.31
Night,Operating Systems,111.9,1,Monday,42.71
Afternoon,Ai,12.6,10,Thursday,50.4
Evening,Ai,15.7,3,Saturday,51.84
Night,Ai,115.5,8,Saturday,41.7
Evening,DSA,40.5,7,Saturday,48.18
Morning,Python,106.1,8,Saturday,60.85
Evening,DSA,52.8,10,Tuesday,64.86
Evening,DSA,23.1,10,Saturday,55.15
Afternoon,Java,18.8,2,Saturday,37.78
Evening,Machine Learning,27.2,10,Tuesday,50.96
Night,Ai,37.5,7,Friday,47.66
Afternoon,Operating Systems,63.7,4,Sunday,39.52
Morning,Aptitude,87.2,1,Wednesday,47.89
Night,Machine Learning,118.5,3,Saturday,36.38
Morning,Ai,58.6,5,Sunday,52.96
Evening,DBMS,67.0,10,Saturday,60.2
Night,DSA,67.4,8,Thursday,45.78
Night,DBMS,69.3,2,Monday,44.28
Morning,Ai,67.0,2,Thursday,58.42
Night,Machine Learning,11.0,8,Saturday,42.25
Night,Operating Systems,10.2,9,Friday,45.99
Night,Machine Learning,20.7,10,Thursday,45.24
Evening,Java,21.2,1,Friday,56.62
Morning,Operating Systems,87.5,2,Friday,65.2
Night,Operating Systems,32.5,4,Saturday,42.16
Afternoon,Ai,108.4,3,Friday,53.89
Afternoon,Python,112.1,1,Thursday,53.78
Afternoon,Ai,117.3,4,Tuesday,51.01
Afternoon,DSA,113.3,2,Monday,47.0
Evening,Machine Learning,39.9,10,Friday,52.67
Night,Operating Systems,66.1,5,Sunday,41.76
Morning,Ai,29.3,1,Saturday,62.39
Night,Ai,98.7,8,Wednesday,46.18
Evening,Machine Learning,107.7,10,Friday,48.48
Afternoon,Machine Learning,103.6,2,Sunday,37.27
Evening,Java,57.7,3,Thursday,49.31
Night,Operating Systems,93.5,3,Friday,41.56
Morning,Aptitude,20.7,4,Wednesday,62.3
Evening,Java,14.4,7,Sunday,48.9
Morning,DBMS,92.9,9,Tuesday,66.13
Evening,DSA,56.8,3,Thursday,47.87
Morning,DSA,119.5,1,Thursday,62.31
Morning,Aptitude,20.7,10,Saturday,47.69
Afternoon,Python,104.1,1,Thursday,46.41
Morning,Java,62.8,6,Wednesday,55.03
Afternoon,Aptitude,101.0,5,Sunday,41.97
Night,Python,99.9,10,Thursday,43.81
Night,Python,110.8,7,Tuesday,50.93
Afternoon,Aptitude,42.8,7,Monday,53.59
Afternoon,DSA,114.5,3,Monday,43.97
Evening,DBMS,26.7,7,Friday,54.02
Evening,DSA,19.0,9,Monday,56.27
Evening,Ai,57.5,8,Wednesday,54.07
Night,DSA,101.1,3,Monday,51.89
Evening,DSA,62.1,10,Wednesday,55.91
Morning,Java,101.2,5,Wednesday,55.68
Morning,Aptitude,90.3,8,Friday,56.18
Evening,Aptitude,33.0,2,Monday,50.17
Morning,Ai,114.4,7,Friday,56.5
Night,Ai,16.7,10,Thursday,45.11
Morning,Java,108.8,10,Tuesday,58.82
Night,Aptitude,43.5,7,Sunday,39.65
Afternoon,DSA,65.0,8,Monday,51.91
Afternoon,DBMS,56.5,1,Thursday,51.71
Afternoon,Python,28.9,8,Saturday,41.1
Afternoon,Machine Learning,49.4,1,Sunday,38.63
Morning,Python,31.2,3,Sunday,54.08
Evening,Ai,32.4,9,Sunday,47.96
Morning,Ai,30.6,4,Thursday,56.8
Night,Python,63.8,10,Friday,44.98
Morning,Machine Learning,97.8,9,Friday,59.78
Morning,DSA,72.6,1,Sunday,50.38
Night,DBMS,108.3,8,Sunday,38.18
Afternoon,DBMS,80.0,3,Tuesday,42.08
Afternoon,Python,85.8,7,Tuesday,47.39
Afternoon,Machine Learning,83.4,2,Sunday,43.96
Evening,Java,59.4,7,Tuesday,50.51
Night,Ai,85.8,7,Sunday,36.84
Night,Operating Systems,17.7,9,Tuesday,42.44
Morning,DSA,104.6,2,Sunday,57.18
Evening,Java,95.6,8,Friday,50.41
Afternoon,Python,37.0,5,Wednesday,57.11
Evening,DBMS,94.5,10,Friday,50.77
Night,Ai,11.4,9,Wednesday,42.92
Night,Java,33.9,8,Friday,50.79
Morning,Java,17.2,3,Saturday,59.87
Morning,Aptitude,95.8,3,Friday,59.31
Night,Aptitude,93.1,10,Tuesday,46.86
Afternoon,Machine Learning,99.5,8,Wednesday,41.66
Afternoon,Machine Learning,10.5,9,Thursday,57.03
Evening,Python,65.1,2,Saturday,47.93
Night,Java,87.5,3,Thursday,46.04
Night,Operating Systems,27.1,8,Saturday,47.62
Afternoon,DBMS,81.5,2,Thursday,51.32
Afternoon,Python,19.3,8,Tuesday,51.74
Night,Operating Systems,29.9,5,Thursday,50.63
Morning,Ai,62.3,6,Sunday,60.1
Night,Machine Learning,81.9,10,Friday,40.57
Night,Aptitude,26.0,4,Tuesday,52.71
Afternoon,DSA,30.4,3,Sunday,42.28
Afternoon,Java,32.5,8,Thursday,58.13
Morning,Ai,36.3,9,Tuesday,62.97
Morning,Aptitude,34.9,8,Friday,58.03
Evening,DBMS,53.5,9,Tuesday,49.89
Night,DBMS,81.9,1,Thursday,45.8
Afternoon,Aptitude,58.2,5,Tuesday,46.91
Morning,Ai,95.4,7,Saturday,57.54
Evening,Aptitude,89.1,8,Monday,58.82
Evening,Operating Systems,23.9,2,Thursday,59.42
Afternoon,Python,15.4,4,Friday,58.94
Afternoon,Machine Learning,106.6,7,Wednesday,42.87
Evening,Operating Systems,18.8,5,Tuesday,56.21
Morning,DSA,26.3,1,Saturday,48.93
Evening,Aptitude,12.4,2,Tuesday,55.02
Night,DSA,79.1,5,Thursday,36.23
Night,DSA,74.1,6,Saturday,51.59
Afternoon,Operating Systems,118.6,1,Thursday,56.47
Morning,Machine Learning,107.6,3,Monday,50.29
Morning,Ai,55.2,6,Friday,56.86
Night,DBMS,50.9,6,Saturday,45.62
Evening,Python,42.7,7,Saturday,55.17
Afternoon,Java,26.8,10,Tuesday,50.1
Evening,DBMS,25.2,3,Tuesday,56.26
Evening,Machine Learning,24.6,1,Wednesday,57.27
Evening,Java,22.6,7,Sunday,62.05
Morning,DBMS,36.5,3,Saturday,51.34
Night,Aptitude,43.7,5,Tuesday,43.98
Morning,Aptitude,115.8,4,Tuesday,51.01
Night,Operating Systems,73.6,1,Sunday,41.74
Afternoon,DSA,118.6,7,Monday,57.21
Afternoon,Java,51.0,4,Wednesday,52.37
Evening,Machine Learning,60.3,1,Sunday,53.86
Night,Machine Learning,45.7,6,Tuesday,43.91
Night,DBMS,30.1,4,Tuesday,41.41
Night,Operating Systems,25.7,4,Friday,37.33
Evening,DBMS,114.0,2,Saturday,59.26
Evening,DBMS,118.5,1,Tuesday,52.76
Afternoon,Machine Learning,14.9,3,Monday,47.09
Morning,DBMS,26.5,10,Tuesday,50.19
Night,DSA,56.6,5,Saturday,37.77
Night,DBMS,30.5,9,Tuesday,45.66
Morning,Java,50.0,7,Sunday,58.71
Night,DSA,24.2,4,Thursday,52.04
Evening,Machine Learning,60.2,8,Tuesday,51.74
Evening,Operating Systems,39.9,4,Wednesday,54.47
Night,Aptitude,48.7,6,Saturday,49.61
Evening,Java,20.4,1,Saturday,57.87
Evening,DSA,57.1,6,Thursday,46.96
Night,Operating Systems,118.2,10,Wednesday,52.24
Afternoon,Operating Systems,46.2,5,Wednesday,41.98
Morning,DSA,106.4,2,Saturday,58.35
Evening,Machine Learning,102.8,1,Monday,56.76
Afternoon,Python,114.7,6,Tuesday,52.94
Evening,Operating Systems,96.9,2,Wednesday,53.12
Evening,Operating Systems,82.6,9,Tuesday,52.76
Morning,Machine Learning,104.2,9,Tuesday,45.64
Evening,Machine Learning,18.3,1,Sunday,50.76
Morning,DBMS,60.9,5,Monday,60.16
Morning,Machine Learning,118.8,8,Monday,65.53
Morning,Operating Systems,94.7,4,Wednesday,58.64
Afternoon,DSA,115.8,3,Wednesday,46.37
Night,Python,95.8,5,Saturday,41.44
Afternoon,Ai,106.2,5,Sunday,42.8
Night,DBMS,87.7,8,Sunday,39.72
Night,Ai,93.7,6,Thursday,39.85
Morning,DSA,67.5,2,Tuesday,62.07
Evening,Python,111.7,1,Saturday,55.99
Morning,Python,100.8,3,Tuesday,54.73
Evening,Python,102.8,2,Monday,57.47
Night,Aptitude,84.0,4,Monday,50.57
Morning,DSA,43.5,3,Sunday,61.29
Evening,Java,13.9,9,Saturday,46.8
Afternoon,DBMS,112.9,5,Wednesday,56.66
Evening,DBMS,74.5,4,Thursday,52.35
Morning,Python,42.8,10,Sunday,59.11
Afternoon,DSA,26.4,9,Thursday,47.24
Evening,Aptitude,101.2,4,Monday,48.98
Evening,Python,102.0,6,Monday,53.1
Evening,Machine Learning,99.6,10,Thursday,59.22
Evening,Java,81.0,1,Thursday,61.36
Evening,Ai,50.3,2,Wednesday,58.4
Afternoon,DBMS,43.4,4,Thursday,48.87
Night,Ai,10.9,9,Tuesday,54.01
Afternoon,Operating Systems,101.7,6,Thursday,54.94
Afternoon,Python,19.6,6,Friday,51.41
Afternoon,Machine Learning,79.4,9,Thursday,38.23
Night,DBMS,65.4,4,Monday,49.31
Morning,Ai,67.9,3,Monday,66.21
Night,Java,111.9,7,Sunday,44.14
Afternoon,Aptitude,13.5,7,Friday,40.45
Evening,DSA,95.1,9,Tuesday,54.99
Evening,DBMS,15.7,6,Thursday,65.88
Afternoon,Java,14.2,2,Thursday,49.23
Evening,Ai,57.3,6,Friday,64.82
Afternoon,DSA,16.9,8,Sunday,49.51
Evening,Ai,96.8,6,Wednesday,55.24
Night,DSA,68.3,9,Wednesday,51.01
Morning,Aptitude,13.2,4,Sunday,53.96
Morning,Aptitude,14.5,3,Tuesday,53.82
Night,Python,77.4,5,Thursday,40.92
Night,Python,98.7,3,Thursday,48.04
Afternoon,DBMS,58.2,2,Thursday,52.23
Afternoon,Aptitude,71.0,2,Sunday,43.59
Afternoon,Machine Learning,98.0,4,Monday,54.1
Evening,Ai,77.2,3,Saturday,52.44
Afternoon,Ai,34.7,9,Wednesday,54.15
Night,Ai,77.4,7,Sunday,38.59
Morning,DBMS,79.1,6,Saturday,56.09
Evening,Ai,90.8,10,Friday,46.17
Afternoon,Operating Systems,78.3,8,Saturday,45.59
Evening,DSA,116.6,9,Monday,55.13
Evening,Ai,31.7,3,Monday,52.2
Afternoon,Java,114.6,10,Wednesday,49.7
Evening,DSA,69.2,7,Thursday,55.2
Morning,Python,83.9,9,Tuesday,59.33
Night,Ai,20.9,1,Saturday,40.68
Night,Java,51.9,10,Sunday,38.34
Morning,Machine Learning,94.6,9,Sunday,50.29
Evening,Java,87.8,7,Friday,61.15
Afternoon,Aptitude,14.4,10,Wednesday,42.85
Evening,Aptitude,70.1,4,Tuesday,59.27
Morning,Python,19.7,6,Wednesday,55.18
Evening,Operating Systems,119.5,6,Wednesday,62.56
Night,DBMS,108.7,6,Wednesday,47.88
Evening,DBMS,12.3,2,Wednesday,53.13
Morning,Machine Learning,104.5,5,Thursday,62.72
Night,Python,111.1,7,Sunday,49.44
Evening,Python,48.9,6,Monday,59.89
Evening,Operating Systems,89.1,3,Sunday,54.37
Night,Ai,58.6,5,Sunday,43.12
Afternoon,DBMS,82.1,8,Saturday,54.08
Night,Ai,47.4,5,Wednesday,44.88
Afternoon,Python,45.5,10,Tuesday,52.6
Morning,Ai,56.7,3,Saturday,61.31
Morning,Aptitude,26.0,9,Tuesday,58.41
Night,Machine Learning,101.4,3,Tuesday,48.5
Night,DBMS,48.4,2,Monday,49.46
Morning,Operating Systems,54.0,6,Monday,74.23
Afternoon,Machine Learning,108.3,8,Tuesday,47.38
Morning,DSA,64.6,6,Thursday,61.99
Night,Aptitude,69.9,1,Monday,47.33
Morning,Operating Systems,115.2,8,Monday,64.05
Night,Java,107.5,1,Thursday,44.65
Night,Machine Learning,28.6,9,Wednesday,45.32
Morning,Python,62.1,8,Monday,62.73
Afternoon,DSA,116.8,6,Saturday,50.3
Evening,Operating Systems,51.0,2,Tuesday,45.39
Morning,Python,50.9,9,Tuesday,60.81
Evening,Aptitude,31.5,8,Thursday,65.61
Morning,Java,22.6,4,Tuesday,67.7
Evening,DSA,91.4,2,Sunday,52.52
Afternoon,DBMS,94.7,6,Friday,52.96
Afternoon,Java,116.6,1,Tuesday,52.6
Morning,Python,95.1,7,Thursday,65.15
Night,Machine Learning,36.8,1,Thursday,38.62
Evening,Ai,14.4,6,Thursday,51.67
Night,Operating Systems,118.4,5,Sunday,38.75
Night,DSA,47.4,10,Saturday,38.78
Night,Python,44.3,3,Friday,54.87
Afternoon,DBMS,109.7,6,Sunday,41.17
Morning,Ai,74.4,4,Monday,69.82
Morning,Operating Systems,33.6,6,Wednesday,62.03
Afternoon,Operating Systems,107.8,4,Tuesday,44.16
Afternoon,Python,119.3,1,Saturday,46.15
Morning,DBMS,19.5,5,Monday,62.19
Night,Aptitude,104.8,8,Thursday,38.54
Evening,Ai,53.0,6,Monday,53.26
Evening,Aptitude,67.6,10,Sunday,46.31
Evening,DSA,110.6,9,Monday,57.18
Night,Python,117.1,4,Friday,41.39
Morning,Ai,38.8,10,Thursday,52.46
Afternoon,DSA,33.4,9,Saturday,53.32
Morning,Java,18.9,8,Saturday,55.47
Night,Aptitude,71.8,3,Thursday,43.03
Afternoon,Java,11.5,6,Tuesday,52.36
Night,Java,55.3,4,Saturday,41.86
Evening,Ai,18.1,1,Saturday,47.89
Evening,Operating Systems,54.6,9,Tuesday,51.95
Night,DSA,14.4,4,Tuesday,47.59
Afternoon,Java,101.9,5,Sunday,42.18
Afternoon,DBMS,33.1,3,Saturday,46.82
Morning,Machine Learning,46.1,4,Saturday,63.34
Evening,Aptitude,105.7,9,Saturday,50.51
Morning,Aptitude,92.1,7,Tuesday,66.16
Morning,DBMS,34.1,8,Saturday,51.95
Night,Ai,17.9,3,Monday,45.92
Night,Ai,88.7,3,Monday,51.23
Morning,Ai,53.0,7,Tuesday,57.15
Evening,DSA,94.3,8,Tuesday,63.59
Night,Python,59.0,5,Tuesday,46.73
Morning,Java,48.1,1,Wednesday,54.19
Morning,Operating Systems,59.6,3,Tuesday,65.02
Morning,Machine Learning,92.3,5,Sunday,62.93
Morning,Python,109.2,3,Wednesday,55.76
Morning,Python,15.5,1,Tuesday,64.21
Morning,DBMS,67.7,7,Thursday,56.64
Night,DSA,13.6,1,Friday,38.89
Evening,Aptitude,61.5,10,Saturday,47.59
Morning,Aptitude,107.4,6,Saturday,58.05
Afternoon,DBMS,49.8,6,Monday,56.47
Night,DSA,112.6,7,Thursday,43.7
Night,DBMS,79.4,1,Friday,47.1
Morning,Aptitude,112.8,3,Saturday,54.23
Night,Python,93.3,9,Saturday,43.37
Morning,Operating Systems,21.4,2,Wednesday,55.66
Evening,Java,35.4,5,Monday,45.95
Evening,Ai,53.4,3,Wednesday,52.44
Night,DSA,28.7,5,Sunday,46.65
Night,Java,64.4,7,Sunday,29.53
Afternoon,Machine Learning,61.9,1,Wednesday,53.51
Night,Machine Learning,115.2,3,Monday,44.64
Afternoon,Python,57.7,6,Friday,51.31
Evening,DBMS,96.4,7,Monday,52.37
Evening,DBMS,113.6,10,Tuesday,57.39
Morning,Aptitude,106.5,3,Wednesday,66.99
Evening,Python,33.0,4,Tuesday,58.29
Afternoon,Aptitude,64.6,6,Monday,48.95
Night,Aptitude,48.3,5,Monday,58.49
Morning,Machine Learning,54.0,9,Saturday,55.43
Afternoon,Aptitude,49.7,1,Sunday,38.81
Night,Java,100.9,5,Friday,46.64
Morning,Ai,59.7,1,Wednesday,57.06
Evening,Aptitude,67.6,8,Sunday,50.23
Afternoon,Machine Learning,118.1,7,Thursday,54.39
Night,Ai,16.6,5,Monday,49.39
Morning,DBMS,63.7,6,Saturday,48.19
Morning,DSA,95.1,4,Thursday,50.35
Evening,Operating Systems,26.6,9,Wednesday,55.71
Night,Aptitude,77.3,3,Tuesday,49.86
Evening,Java,36.3,2,Wednesday,43.77
Evening,Ai,105.4,7,Sunday,56.9
Night,DSA,46.0,2,Friday,56.33
Night,Machine Learning,46.2,6,Thursday,48.93
Night,DSA,75.8,8,Saturday,37.03
Afternoon,Operating Systems,30.2,3,Sunday,50.21
Night,Java,41.3,3,Thursday,46.16
Morning,DSA,55.8,3,Tuesday,67.91
Evening,Java,48.9,1,Sunday,57.68
Afternoon,Ai,67.7,9,Saturday,42.51
Night,DSA,76.0,5,Tuesday,46.94
Afternoon,Java,72.3,9,Monday,45.9
Night,DSA,82.0,5,Sunday,46.19
Afternoon,DSA,43.9,7,Wednesday,47.73
Evening,Python,23.9,1,Sunday,53.8
Evening,Aptitude,93.7,9,Sunday,52.85
Morning,Machine Learning,103.6,1,Friday,55.24
Morning,Operating Systems,38.3,4,Monday,60.53
Night,Machine Learning,54.8,7,Wednesday,45.29
Evening,Python,64.8,9,Tuesday,55.59
Afternoon,Python,68.7,1,Friday,53.1
Afternoon,Ai,82.5,6,Tuesday,46.28
Afternoon,Python,14.6,10,Saturday,42.85
Morning,Aptitude,89.4,5,Tuesday,59.83
Afternoon,Python,16.8,3,Thursday,57.09
Morning,DSA,61.5,10,Wednesday,63.92
Morning,Machine Learning,101.0,2,Monday,62.61
Night,DBMS,59.6,1,Sunday,47.05
Afternoon,Operating Systems,26.4,2,Thursday,50.92
Afternoon,Python,118.4,4,Saturday,46.26
Evening,Machine Learning,107.8,6,Wednesday,51.7
Night,Ai,94.8,5,Saturday,41.39
Evening,Python,55.3,4,Wednesday,53.71
Night,Aptitude,30.2,8,Wednesday,47.96
Afternoon,Python,113.6,7,Friday,48.94
Morning,Python,68.6,4,Thursday,52.75
Morning,Java,103.8,10,Monday,65.29
Morning,Java,47.6,5,Thursday,62.55
Morning,Python,46.9,10,Saturday,50.37
Morning,Ai,118.4,5,Tuesday,56.76
Evening,Java,67.4,3,Saturday,51.52
Night,Python,25.5,9,Wednesday,46.98
Afternoon,Operating Systems,34.2,5,Tuesday,60.52
Evening,Machine Learning,63.0,10,Thursday,48.2
Night,Java,14.7,2,Monday,39.89
Morning,Java,60.9,4,Tuesday,66.36
Night,Aptitude,56.1,4,Tuesday,44.08
Night,Python,95.7,5,Sunday,49.87
Morning,Python,49.0,8,Friday,60.67
Morning,Python,118.1,5,Thursday,68.09
Morning,Python,29.9,1,Tuesday,60.61
Afternoon,Java,75.0,2,Thursday,49.38
Morning,DSA,19.9,3,Monday,53.81
Afternoon,DSA,90.7,3,Tuesday,57.64
Morning,DBMS,119.4,10,Monday,56.23
Afternoon,Python,100.1,6,Saturday,42.61
Night,DBMS,71.1,9,Tuesday,53.1
Evening,Operating Systems,63.3,10,Sunday,55.29
Night,DBMS,101.9,1,Wednesday,52.92
Night,Machine Learning,113.0,6,Friday,39.43
Morning,DSA,118.8,9,Friday,62.03
Afternoon,DSA,53.6,4,Friday,56.0
Evening,Python,119.0,10,Monday,51.29
Morning,Java,27.2,3,Thursday,61.63
Morning,Python,37.9,6,Sunday,56.73
Morning,Operating Systems,19.8,6,Friday,58.03
Night,Aptitude,39.9,2,Saturday,37.89
Afternoon,Operating Systems,94.5,5,Tuesday,52.13
Afternoon,Machine Learning,103.8,1,Tuesday,46.81
Evening,Python,95.7,9,Wednesday,52.37
Afternoon,Python,79.4,9,Monday,59.1
Afternoon,Operating Systems,66.5,3,Tuesday,50.26
Morning,Operating Systems,88.0,5,Tuesday,52.16
Morning,Operating Systems,53.0,3,Sunday,53.57
Night,DSA,102.5,7,Wednesday,36.6
Morning,DBMS,84.5,1,Wednesday,56.87
Morning,DBMS,86.8,5,Thursday,61.76
Morning,Python,69.0,6,Thursday,65.1
Morning,DSA,107.4,7,Thursday,63.23
Night,Operating Systems,37.7,3,Tuesday,41.88
Morning,Python,51.9,7,Wednesday,60.22
Evening,DSA,95.5,4,Saturday,53.2
Evening,Machine Learning,64.2,10,Monday,57.31
Evening,Aptitude,107.8,6,Thursday,54.3
Evening,DSA,48.1,5,Saturday,54.21
Morning,Ai,50.6,4,Friday,57.2
Evening,Python,107.8,6,Tuesday,46.25
Morning,Java,61.1,3,Monday,64.53
Night,DBMS,66.8,3,Tuesday,47.82
Evening,Ai,46.6,5,Saturday,51.51
Afternoon,Operating Systems,40.4,5,Thursday,50.87
Evening,Aptitude,82.2,9,Saturday,57.78
Evening,Java,23.2,4,Saturday,51.96
Morning,Machine Learning,106.7,5,Sunday,40.54
Evening,Java,95.7,9,Tuesday,44.85
Afternoon,Aptitude,31.0,4,Thursday,56.69
Morning,Java,86.3,3,Tuesday,62.97
Morning,Aptitude,76.3,7,Thursday,65.68
Night,DSA,30.3,7,Sunday,48.43
Night,Python,40.1,8,Wednesday,54.14
Evening,Java,55.0,4,Wednesday,47.95
Night,Java,86.9,4,Sunday,40.99
Night,Python,80.3,9,Sunday,39.57
Night,Aptitude,68.5,10,Sunday,42.82
Morning,Operating Systems,94.5,7,Sunday,50.23
Morning,Python,93.4,3,Wednesday,62.21
Morning,Aptitude,78.0,9,Wednesday,51.39
Night,Python,96.6,5,Sunday,42.26
Morning,Operating Systems,46.8,4,Wednesday,67.29
Night,Machine Learning,106.9,1,Friday,39.59
Morning,Ai,77.6,9,Tuesday,56.54
Morning,Aptitude,100.5,6,Saturday,57.63
Afternoon,DBMS,70.1,2,Sunday,47.91
Evening,DBMS,34.0,7,Wednesday,56.57
Night,Aptitude,69.7,3,Friday,41.02
Afternoon,DSA,50.8,6,Sunday,42.99
Morning,Machine Learning,86.7,8,Friday,58.34
Night,DSA,62.3,3,Tuesday,48.92
Morning,Ai,102.0,5,Tuesday,56.35
Evening,DBMS,84.6,6,Thursday,54.01
Afternoon,Operating Systems,85.3,1,Thursday,40.32
Evening,Aptitude,33.9,10,Wednesday,52.82
Afternoon,Ai,118.3,7,Monday,51.01
Morning,Java,102.6,4,Thursday,64.35
Evening,Java,96.8,10,Monday,51.07
Evening,Python,46.3,7,Saturday,54.86
Morning,DBMS,68.9,7,Thursday,61.36
Evening,Machine Learning,25.1,5,Saturday,41.04
Night,DBMS,69.2,8,Friday,38.71
Afternoon,Machine Learning,26.0,8,Friday,50.51
Afternoon,Machine Learning,70.8,5,Saturday,45.3
Afternoon,Aptitude,81.4,5,Friday,50.47
Night,Machine Learning,52.9,7,Saturday,35.35
Afternoon,DSA,64.8,6,Monday,41.76
Morning,Java,106.3,4,Wednesday,62.39
Evening,Ai,21.9,2,Saturday,52.84
Night,Operating Systems,97.1,8,Thursday,35.3
Afternoon,DBMS,28.8,3,Thursday,49.51
Morning,Operating Systems,14.0,2,Monday,68.9
Evening,Ai,30.4,10,Saturday,55.0
Evening,Python,94.2,7,Friday,52.52
Night,Ai,54.6,10,Wednesday,45.83
Night,DBMS,106.0,6,Thursday,43.97
Night,Java,67.7,8,Wednesday,53.23
Morning,Operating Systems,12.4,6,Wednesday,54.37
Morning,Operating Systems,88.8,7,Tuesday,66.5
Night,Aptitude,22.1,2,Wednesday,39.03
Afternoon,Aptitude,96.8,10,Saturday,48.67
Evening,Ai,28.5,2,Sunday,55.23
Evening,Ai,48.0,6,Tuesday,60.77
Morning,Python,93.7,9,Sunday,62.84
Evening,Machine Learning,115.0,3,Monday,45.38
Afternoon,DBMS,50.9,10,Friday,50.01
Evening,Aptitude,101.2,8,Tuesday,57.56
Morning,DBMS,31.0,5,Sunday,62.43
Morning,Python,98.8,6,Wednesday,56.35
Afternoon,Aptitude,82.3,6,Friday,45.3
Afternoon,Aptitude,31.2,10,Wednesday,42.68
Evening,Machine Learning,43.3,3,Wednesday,53.0
Evening,DBMS,24.5,5,Tuesday,56.35
Morning,Java,52.1,1,Monday,61.77
Afternoon,DBMS,32.4,2,Sunday,45.67
Afternoon,DBMS,80.8,10,Wednesday,49.43
Afternoon,Machine Learning,119.4,3,Saturday,44.47
Evening,Aptitude,11.3,4,Tuesday,53.84
Afternoon,Python,69.5,9,Saturday,39.82
Morning,DBMS,73.1,1,Saturday,52.22
Morning,Operating Systems,110.6,3,Sunday,59.69
Evening,Java,65.7,3,Wednesday,52.78
Night,Java,69.8,6,Sunday,39.5
Evening,Machine Learning,61.9,5,Saturday,56.33
Night,DSA,39.6,3,Sunday,46.38
Afternoon,Python,16.2,4,Friday,48.35
Evening,Operating Systems,55.0,7,Monday,62.46
Morning,DBMS,15.8,3,Wednesday,59.02
Afternoon,DSA,70.6,9,Saturday,50.0
Morning,Python,43.8,8,Monday,61.83
Afternoon,Machine Learning,68.7,2,Sunday,41.8
Evening,DSA,24.8,5,Monday,58.01
Night,Aptitude,112.6,4,Friday,40.49
Afternoon,Ai,108.4,5,Friday,49.21
Night,DSA,30.9,3,Thursday,43.99
Afternoon,Ai,47.8,10,Monday,48.07
Morning,Java,77.5,1,Wednesday,53.2
Morning,Operating Systems,20.5,8,Friday,62.53
Afternoon,Python,49.0,9,Wednesday,56.6
Night,Operating Systems,37.6,8,Monday,45.82
Evening,Operating Systems,110.7,4,Friday,51.2
Evening,DBMS,103.8,2,Thursday,65.84
Morning,Machine Learning,73.8,4,Monday,56.84
Evening,DSA,67.2,9,Wednesday,52.76
Morning,Python,112.4,10,Thursday,47.37
Evening,Java,112.6,9,Monday,48.8
Afternoon,Aptitude,116.6,5,Friday,55.8
Morning,Machine Learning,23.8,5,Saturday,71.46
Morning,Machine Learning,27.7,10,Monday,64.43
Afternoon,Python,84.4,3,Tuesday,46.79
Morning,Machine Learning,69.6,6,Wednesday,60.38
Evening,DBMS,12.0,7,Friday,53.06
Evening,Machine Learning,16.8,10,Friday,51.21
Morning,Java,107.7,9,Tuesday,53.49
Evening,Java,105.6,7,Saturday,54.6
Night,DBMS,49.3,3,Thursday,38.66
Morning,DSA,108.0,7,Friday,47.5
Afternoon,DSA,75.3,1,Sunday,43.95
Night,Operating Systems,98.6,2,Thursday,32.2
Morning,Java,57.0,4,Thursday,55.96
Afternoon,DBMS,22.5,7,Thursday,53.0
Evening,Aptitude,57.7,9,Saturday,57.66
Afternoon,DSA,60.3,5,Monday,52.19
Night,Machine Learning,70.6,8,Tuesday,41.85
Evening,Python,21.6,7,Wednesday,54.28
Morning,Python,119.1,5,Tuesday,57.37
Evening,Ai,36.9,3,Friday,62.43
Morning,Java,31.8,3,Tuesday,53.71
Morning,DBMS,67.9,6,Wednesday,60.62
Afternoon,Aptitude,69.1,10,Monday,52.97
Afternoon,Operating Systems,58.4,4,Friday,40.07
Afternoon,Machine Learning,94.9,3,Monday,35.92
Night,DBMS,66.8,4,Friday,47.96
Night,Ai,77.1,3,Wednesday,37.72
Afternoon,Python,89.6,10,Monday,53.55
Night,DBMS,12.8,6,Wednesday,40.62
Evening,Machine Learning,72.8,7,Wednesday,54.34
Evening,Aptitude,107.3,4,Saturday,54.02
Night,Java,11.9,3,Tuesday,50.02
Night,Aptitude,54.6,3,Friday,47.22
Evening,DSA,111.9,3,Thursday,55.12
Morning,Machine Learning,48.8,9,Thursday,66.7
Evening,Ai,60.5,3,Monday,50.11
Evening,DSA,118.0,3,Wednesday,54.26
Night,DSA,31.9,8,Tuesday,48.55
Evening,DSA,17.2,4,Friday,40.7
Night,DBMS,104.5,7,Monday,52.62
Night,Ai,105.5,3,Wednesday,44.17
Afternoon,Python,61.9,8,Saturday,51.14
Evening,Aptitude,66.6,3,Thursday,52.53
Morning,Java,101.9,5,Thursday,62.2
Afternoon,DBMS,91.2,1,Friday,51.33
Night,Python,39.2,5,Friday,41.38
Night,Aptitude,11.9,6,Friday,42.8
Morning,Java,62.8,7,Monday,62.51
Night,Ai,104.5,2,Friday,52.35
Evening,Java,108.5,2,Monday,53.12
Afternoon,Ai,115.2,9,Tuesday,43.54
Night,Machine Learning,106.8,10,Wednesday,44.77
Night,Java,73.8,1,Thursday,43.5
Morning,Aptitude,58.9,2,Sunday,61.01
Evening,Aptitude,95.2,2,Sunday,48.27
Night,Ai,91.4,10,Monday,38.2
Morning,Aptitude,69.2,7,Wednesday,67.85
Night,Operating Systems,19.6,6,Saturday,39.63
Morning,Machine Learning,111.9,9,Friday,53.47
Morning,DBMS,60.1,7,Thursday,56.58
Evening,Java,50.0,3,Saturday,59.05
Night,DBMS,79.3,3,Monday,56.47
Evening,Python,84.1,1,Friday,53.05
Morning,DBMS,33.2,8,Wednesday,59.03
Afternoon,DSA,102.1,1,Tuesday,50.61
Night,Aptitude,41.9,2,Wednesday,35.68
Afternoon,DBMS,30.5,7,Monday,47.45
Night,Python,54.7,1,Tuesday,56.45
Evening,Python,90.4,4,Tuesday,55.37
Evening,DSA,116.2,9,Friday,60.32
Evening,Python,99.0,8,Wednesday,56.66
Evening,Ai,113.4,8,Monday,44.36
Evening,Operating Systems,25.5,3,Saturday,56.96
Afternoon,Ai,17.8,5,Saturday,45.26
Evening,Aptitude,71.3,4,Tuesday,62.16
Morning,Aptitude,41.9,8,Friday,61.01
Morning,Aptitude,101.1,7,Saturday,57.03
Afternoon,Machine Learning,83.9,7,Tuesday,50.36
Night,DBMS,116.8,10,Sunday,43.9
Morning,Operating Systems,38.0,10,Wednesday,51.33
Night,DBMS,63.4,7,Saturday,47.3
Afternoon,Operating Systems,65.1,1,Thursday,49.84
Night,DBMS,36.3,7,Sunday,42.14
Night,DSA,74.9,4,Monday,46.09
Night,Java,58.8,3,Sunday,46.52
Night,Ai,59.1,5,Thursday,50.28
Afternoon,Python,49.9,2,Wednesday,55.33
Morning,Python,11.9,8,Thursday,53.27
Evening,Ai,67.4,9,Wednesday,54.65
Night,DSA,46.9,5,Wednesday,39.32
Morning,Operating Systems,10.1,3,Friday,60.9
Morning,Ai,43.9,10,Sunday,56.01
Afternoon,Machine Learning,40.6,7,Thursday,58.18
Morning,Operating Systems,53.3,1,Tuesday,53.18
Afternoon,Python,24.5,10,Wednesday,52.05
Night,Machine Learning,65.8,3,Sunday,40.57
Night,DBMS,86.2,9,Thursday,42.67
Evening,Machine Learning,79.3,2,Tuesday,52.88
Evening,Operating Systems,98.4,9,Monday,65.71
Evening,DSA,59.7,1,Tuesday,55.81
Morning,DBMS,67.1,4,Thursday,67.56
Night,Operating Systems,99.1,10,Thursday,42.65
Afternoon,DBMS,57.0,6,Tuesday,53.86
Evening,Machine Learning,87.2,7,Tuesday,48.95
Afternoon,Python,57.8,3,Saturday,44.64
Afternoon,Operating Systems,56.0,9,Wednesday,41.09
Evening,Java,93.6,4,Thursday,49.67
Night,DSA,29.2,5,Wednesday,44.28
Evening,Java,47.2,8,Wednesday,62.73
Afternoon,Java,34.7,3,Sunday,46.42
Evening,Ai,49.5,8,Monday,56.16
Afternoon,Machine Learning,35.3,1,Sunday,50.73
Afternoon,Operating Systems,73.7,8,Thursday,48.38
Evening,DSA,97.8,10,Wednesday,49.12
Morning,Operating Systems,96.5,8,Monday,55.69
Evening,Machine Learning,50.1,6,Saturday,55.61
Morning,Operating Systems,118.8,5,Wednesday,60.72
Afternoon,DBMS,75.3,9,Wednesday,50.72
Afternoon,Machine Learning,53.9,6,Saturday,40.54
Morning,Operating Systems,101.9,1,Thursday,66.72
Afternoon,Ai,90.3,6,Sunday,56.24
Morning,Python,92.4,1,Tuesday,62.87
Morning,Operating Systems,31.6,6,Saturday,61.59
Afternoon,DBMS,61.5,3,Tuesday,46.78
Night,DSA,104.8,6,Thursday,50.37
Morning,Ai,65.4,6,Sunday,59.88
Evening,DSA,85.2,1,Tuesday,47.85
Evening,Java,74.7,9,Sunday,54.26
Afternoon,Ai,102.7,8,Friday,52.24
Night,DSA,41.3,2,Tuesday,44.91
Afternoon,Python,73.3,2,Sunday,51.54
Night,DBMS,23.6,5,Saturday,41.77
Morning,Java,85.9,10,Wednesday,59.08
Morning,Machine Learning,90.5,2,Wednesday,59.25
Morning,DSA,14.7,1,Monday,57.25
Morning,Ai,84.3,2,Saturday,53.76
Evening,DBMS,55.6,5,Sunday,57.55
Evening,Operating Systems,23.7,10,Thursday,52.13
Afternoon,Python,56.2,7,Monday,51.2
Night,DBMS,31.4,5,Wednesday,42.6
Morning,DBMS,55.7,1,Wednesday,55.65
Morning,Machine Learning,52.3,7,Monday,65.71
Night,DBMS,91.2,6,Saturday,34.8
Night,Machine Learning,95.2,7,Friday,44.99
Afternoon,Python,76.8,2,Tuesday,51.35
Night,Python,12.5,5,Sunday,46.39
Morning,Operating Systems,112.4,8,Sunday,56.15
Morning,Machine Learning,85.5,7,Friday,60.46
Morning,Machine Learning,13.8,6,Friday,59.42
Morning,DSA,100.1,6,Friday,61.94
Morning,DSA,32.0,1,Sunday,64.72
Afternoon,Operating Systems,73.7,1,Saturday,37.67
Morning,Python,61.3,7,Friday,62.41
Afternoon,Aptitude,56.2,3,Tuesday,45.03
Morning,DSA,107.9,6,Thursday,55.38
Evening,DBMS,58.1,5,Monday,50.24
Evening,Python,18.3,3,Friday,55.54
Evening,Aptitude,114.1,6,Friday,60.61
Evening,Java,111.3,3,Monday,53.11
Afternoon,DBMS,85.3,8,Sunday,48.73
Afternoon,Ai,61.5,7,Sunday,51.48
Night,Machine Learning,20.2,9,Monday,38.74
Morning,Python,97.0,5,Sunday,55.01
Evening,Ai,18.3,1,Sunday,52.0
Afternoon,Operating Systems,17.5,10,Thursday,40.99
Morning,Machine Learning,69.1,8,Wednesday,68.05
Morning,Machine Learning,27.6,2,Thursday,58.03
Afternoon,DBMS,10.9,6,Wednesday,52.8
Evening,Ai,56.5,1,Saturday,51.02
Night,Machine Learning,25.1,6,Tuesday,46.18
Morning,DSA,27.7,4,Sunday,55.13
Night,Python,18.5,5,Thursday,49.79
Evening,DSA,32.6,10,Tuesday,60.48
Evening,DBMS,88.7,7,Monday,43.99
Night,Aptitude,99.0,6,Thursday,48.33
Evening,Java,59.8,1,Saturday,49.35
Morning,DBMS,65.7,9,Monday,54.48
Night,Python,13.6,6,Saturday,36.78
Evening,Machine Learning,17.6,6,Saturday,50.49
Night,Ai,38.3,9,Friday,46.41
Morning,Ai,69.8,10,Monday,56.87
Evening,Operating Systems,91.4,5,Sunday,45.71
Morning,DBMS,76.6,6,Saturday,57.57
Evening,Python,53.1,6,Friday,57.35
Afternoon,Operating Systems,23.0,7,Wednesday,53.01
Evening,Machine Learning,95.9,9,Friday,56.44
Night,Aptitude,50.0,5,Sunday,47.82
Evening,DBMS,91.0,5,Wednesday,58.37
Morning,Aptitude,66.4,4,Friday,51.84
Morning,Python,91.3,10,Friday,61.95
Evening,Aptitude,109.8,4,Tuesday,60.0
Night,Aptitude,111.3,8,Tuesday,49.24
Afternoon,Python,68.9,2,Sunday,61.15
Night,Python,66.3,10,Monday,51.45
Afternoon,DBMS,39.2,8,Saturday,40.27
Morning,Aptitude,112.9,2,Sunday,49.1
Night,Operating Systems,60.4,1,Tuesday,45.28
Afternoon,Java,24.0,10,Wednesday,50.75
Evening,Python,57.6,9,Tuesday,54.26
Morning,Machine Learning,24.0,8,Monday,61.84
Evening,Aptitude,65.3,6,Thursday,42.43
Morning,Python,71.7,4,Wednesday,59.68
Night,Operating Systems,47.2,2,Thursday,33.59
Night,Ai,17.9,8,Wednesday,41.24
Morning,DBMS,113.8,3,Saturday,55.26
Morning,Aptitude,95.1,10,Saturday,62.26
Morning,Ai,102.3,4,Saturday,50.89
Night,Python,50.4,5,Monday,46.32
Afternoon,Python,93.7,4,Tuesday,49.38
Evening,Machine Learning,63.4,8,Thursday,52.39
Evening,Machine Learning,32.1,9,Thursday,51.06
Night,Aptitude,23.7,1,Tuesday,43.73
Evening,Ai,48.0,2,Monday,51.74
Morning,Java,25.1,4,Tuesday,61.85
Afternoon,Ai,119.8,1,Friday,55.51
Evening,Python,15.4,6,Friday,57.21
Afternoon,Java,58.5,5,Saturday,57.04
Morning,Aptitude,59.7,7,Friday,60.39
Evening,Python,43.1,6,Thursday,61.03
Night,Machine Learning,72.8,3,Saturday,36.2
Afternoon,Operating Systems,26.5,5,Thursday,49.42
Morning,DSA,96.2,3,Monday,57.45
Afternoon,Java,46.6,9,Wednesday,43.89
Evening,DSA,75.0,2,Tuesday,50.16
Evening,Python,88.7,6,Sunday,55.79
Night,Ai,107.8,9,Sunday,48.42
Morning,Machine Learning,101.9,10,Sunday,57.81
Morning,DBMS,76.9,7,Wednesday,61.68
Night,DBMS,52.7,5,Thursday,40.71
Night,DSA,65.4,2,Tuesday,46.43
Morning,Operating Systems,94.6,2,Thursday,56.84
Afternoon,DSA,106.5,4,Monday,43.14
Afternoon,Python,21.4,10,Saturday,44.5
Night,Operating Systems,52.3,2,Tuesday,44.4
Afternoon,DBMS,95.4,8,Thursday,47.3
Morning,Ai,57.5,10,Friday,61.44
Evening,Machine Learning,46.5,7,Sunday,48.11
Evening,Java,55.2,7,Friday,56.39
Afternoon,Machine Learning,76.3,3,Thursday,46.44
Night,Python,120.0,7,Wednesday,46.76
Night,DSA,64.2,8,Saturday,36.1
Night,Python,32.9,5,Monday,54.18
Night,Java,27.9,1,Monday,36.85
Night,Machine Learning,14.7,1,Sunday,52.45
Afternoon,Java,71.5,4,Thursday,52.37
Evening,DBMS,69.9,2,Monday,47.19
Evening,Machine Learning,32.6,7,Tuesday,53.49
Afternoon,Operating Systems,86.5,3,Monday,51.11
Night,Ai,91.5,4,Friday,52.46
Afternoon,Java,38.5,9,Thursday,43.26
Evening,Ai,47.9,2,Tuesday,48.26
Morning,Aptitude,119.0,8,Sunday,58.72
Afternoon,Machine Learning,51.2,1,Monday,48.97
Night,Machine Learning,93.7,3,Sunday,47.34
Evening,Ai,59.8,4,Friday,50.01
Evening,Aptitude,97.3,6,Saturday,46.6
Evening,Operating Systems,94.6,1,Wednesday,64.35
Evening,DSA,83.5,8,Monday,53.77
Night,Java,104.0,2,Sunday,38.27
Morning,Java,113.3,5,Friday,63.53
Evening,Machine Learning,73.8,6,Saturday,39.75
Afternoon,Ai,36.1,8,Saturday,48.89
Morning,Python,53.8,3,Friday,58.84
Evening,Machine Learning,93.4,9,Friday,50.49
Morning,Python,81.6,5,Sunday,65.48
Afternoon,Operating Systems,29.6,8,Friday,52.15
Evening,Machine Learning,15.6,4,Wednesday,47.36
Afternoon,Java,85.1,9,Thursday,50.26
Night,Ai,37.6,8,Friday,45.59
Evening,Operating Systems,65.0,5,Thursday,53.69
Evening,Operating Systems,92.1,3,Saturday,47.2
Evening,DSA,71.9,1,Wednesday,55.13
Evening,Machine Learning,19.2,5,Sunday,53.5
Night,Python,30.4,5,Saturday,46.27
Evening,Python,34.1,4,Wednesday,53.44
Morning,Machine Learning,38.4,10,Saturday,54.21
Evening,Aptitude,72.2,10,Tuesday,43.96
Night,DSA,65.4,8,Tuesday,51.99
Evening,DSA,32.3,3,Friday,50.99
Morning,DSA,17.4,10,Thursday,56.4
Night,Python,28.9,9,Saturday,37.43
Night,Operating Systems,118.3,3,Wednesday,49.3
Morning,Ai,61.5,4,Monday,65.14
Morning,Aptitude,105.4,6,Tuesday,57.15
Morning,Java,103.4,9,Tuesday,54.31
Morning,DSA,66.3,10,Saturday,56.1
Morning,Python,87.7,2,Sunday,57.35
Night,Python,31.2,2,Monday,50.72
Night,Java,85.7,2,Thursday,44.34
Evening,Operating Systems,40.0,5,Thursday,53.99
Evening,Java,101.5,6,Thursday,58.35
Afternoon,Machine Learning,19.2,3,Friday,40.12
Evening,Machine Learning,95.0,3,Friday,51.44
Evening,Ai,21.0,2,Sunday,52.96
Morning,Java,106.9,6,Saturday,54.86
Morning,Ai,43.5,1,Monday,61.4
Evening,DSA,82.0,9,Saturday,52.11
Afternoon,Ai,63.6,10,Wednesday,54.4
Morning,DSA,50.3,4,Monday,57.63
Evening,Aptitude,81.0,2,Wednesday,44.84
Evening,Ai,114.2,6,Monday,47.26
Night,Operating Systems,14.5,5,Friday,47.32
Afternoon,DSA,111.1,3,Thursday,49.91
Night,Operating Systems,77.0,3,Tuesday,43.87
Afternoon,Python,98.8,5,Sunday,48.23
Morning,DSA,52.2,4,Monday,55.76
Afternoon,Python,61.9,5,Monday,48.78
Evening,DBMS,105.6,2,Sunday,49.26
Evening,Operating Systems,55.6,1,Tuesday,53.6
Afternoon,DBMS,68.8,5,Sunday,47.61
Afternoon,DSA,12.2,1,Monday,48.62
Afternoon,Python,27.4,3,Sunday,47.36
Night,DSA,80.6,8,Thursday,47.48
Afternoon,DBMS,88.9,8,Saturday,51.35
Morning,Java,74.1,9,Tuesday,66.69
Night,Java,25.8,1,Tuesday,44.06
Night,DSA,59.0,4,Thursday,41.4
Afternoon,Aptitude,49.1,6,Thursday,49.68
Morning,Machine Learning,64.5,7,Tuesday,55.26
Night,DBMS,105.7,5,Thursday,44.92
Evening,DSA,95.3,7,Saturday,53.04
Night,Python,19.2,10,Thursday,47.53
Afternoon,DSA,107.9,8,Saturday,45.19
Morning,Java,61.9,10,Thursday,63.19
Afternoon,Python,91.8,6,Tuesday,60.38
Evening,Machine Learning,25.4,4,Monday,49.46
Evening,DSA,83.8,1,Wednesday,55.67
Evening,Ai,36.0,5,Tuesday,54.05
Afternoon,Java,58.2,10,Sunday,42.78
Night,Ai,11.9,10,Wednesday,41.4
Afternoon,Machine Learning,26.7,10,Thursday,45.97
Morning,DBMS,20.1,4,Thursday,67.87
Night,Python,36.4,5,Monday,51.77
Evening,Ai,21.0,4,Thursday,50.53
Afternoon,Aptitude,86.1,9,Sunday,49.72
Evening,DBMS,13.2,3,Wednesday,50.15
Evening,Python,78.0,3,Tuesday,53.87
Morning,Java,25.5,10,Tuesday,66.56
Night,Java,114.0,7,Sunday,51.92
Morning,Java,112.6,2,Saturday,47.53
Morning,Machine Learning,34.8,9,Monday,58.15
Morning,Ai,77.6,8,Sunday,59.04
Evening,Java,13.1,6,Wednesday,53.63
Morning,Operating Systems,112.5,9,Thursday,60.7
Morning,Java,67.5,3,Friday,57.97
Night,DSA,14.8,4,Monday,47.14
Night,Machine Learning,47.7,7,Monday,41.29
Morning,Python,18.5,1,Friday,64.8
Night,Python,53.2,1,Sunday,48.93
Night,Python,83.7,1,Tuesday,51.22
Morning,Python,61.7,8,Saturday,58.08
Evening,DSA,52.2,6,Tuesday,42.72
Morning,DBMS,23.1,3,Tuesday,62.45
Night,Aptitude,36.9,10,Friday,37.77
Evening,Operating Systems,21.0,7,Thursday,57.31
Afternoon,DSA,98.8,6,Thursday,50.91
Evening,Python,24.9,5,Saturday,52.96
Night,DSA,75.5,3,Saturday,41.33
Evening,Machine Learning,47.7,4,Wednesday,60.27
Morning,Aptitude,34.9,1,Wednesday,66.48
Afternoon,Python,80.3,9,Tuesday,50.24
Afternoon,Operating Systems,60.3,5,Friday,40.55
Afternoon,Python,54.0,2,Saturday,56.85
Night,Aptitude,75.2,9,Monday,37.11
Night,Operating Systems,64.0,7,Thursday,45.46
Afternoon,Aptitude,43.4,8,Sunday,46.63
Evening,Operating Systems,71.5,3,Friday,57.18
Afternoon,DBMS,83.6,7,Saturday,53.5
Evening,Ai,12.9,1,Wednesday,55.3
Evening,DBMS,61.2,6,Saturday,49.48
Night,DSA,16.3,10,Thursday,45.42
Evening,DSA,30.5,6,Saturday,44.18
Afternoon,Java,71.7,10,Thursday,46.58
Night,Operating Systems,105.3,6,Friday,43.94
Morning,Java,107.1,3,Saturday,59.72
Morning,Java,17.7,6,Saturday,63.93
Night,Python,56.1,3,Wednesday,52.41
Afternoon,Ai,74.1,10,Friday,54.6
Morning,Machine Learning,26.2,9,Monday,63.46
Morning,Machine Learning,94.2,7,Thursday,60.95
Evening,Python,91.9,4,Sunday,54.39
Evening,Python,109.4,3,Sunday,49.0
Afternoon,DBMS,10.9,6,Friday,50.16
Night,Machine Learning,33.8,9,Sunday,31.79
Afternoon,Operating Systems,101.0,3,Friday,47.39
Night,Aptitude,83.8,8,Sunday,42.32
Morning,Java,108.4,6,Monday,60.3
Evening,DSA,16.3,4,Friday,50.85
Afternoon,Java,75.7,5,Thursday,41.38
Afternoon,Java,72.6,3,Sunday,44.2
Night,Aptitude,13.9,2,Tuesday,43.72
Night,DBMS,66.5,9,Tuesday,45.95
Afternoon,Machine Learning,77.0,3,Wednesday,51.46
Night,Java,31.0,6,Monday,43.46
Afternoon,Ai,40.1,5,Wednesday,48.08
Afternoon,Python,80.4,10,Tuesday,48.8
Afternoon,Ai,61.5,8,Monday,49.65
Morning,Ai,104.4,5,Friday,64.67
Night,Machine Learning,47.7,8,Friday,37.76
Evening,Operating Systems,39.3,5,Thursday,45.19
Evening,DBMS,118.3,10,Saturday,53.05
Night,Java,110.2,6,Tuesday,50.88
Afternoon,Java,13.2,5,Friday,51.53
Evening,Java,94.8,2,Monday,50.04
Evening,Python,22.1,10,Saturday,53.47
Night,Aptitude,13.0,10,Saturday,42.28
Evening,Operating Systems,40.1,6,Friday,58.58
Afternoon,Aptitude,39.6,7,Wednesday,45.66
Night,DSA,100.1,3,Wednesday,51.87
Afternoon,DBMS,88.2,3,Wednesday,47.94
Evening,Operating Systems,118.0,7,Saturday,48.7
Evening,Operating Systems,88.3,10,Wednesday,56.44
Afternoon,Java,56.0,4,Wednesday,43.03
Morning,Aptitude,86.9,2,Saturday,67.29
Evening,Python,119.9,9,Thursday,59.33
Morning,DSA,88.1,9,Wednesday,57.61
Evening,Java,93.8,6,Thursday,50.07
Morning,Java,113.2,2,Thursday,59.06
Morning,Java,22.5,3,Friday,64.86
Morning,Aptitude,87.5,5,Saturday,55.09
Afternoon,Operating Systems,103.6,5,Monday,46.22
Morning,DBMS,115.0,9,Wednesday,63.52
Morning,Operating Systems,33.2,10,Monday,54.75
Morning,Machine Learning,65.4,3,Tuesday,59.17
Evening,DBMS,84.9,2,Thursday,57.06
Morning,Java,37.2,10,Sunday,58.92
Evening,DBMS,76.1,8,Tuesday,57.16
Morning,Operating Systems,38.3,7,Thursday,55.25
Morning,Python,46.7,9,Wednesday,61.06
Afternoon,Java,58.6,3,Tuesday,48.74
Evening,DBMS,68.2,6,Saturday,52.69
Morning,Machine Learning,59.4,5,Friday,49.0
Evening,Aptitude,64.3,5,Tuesday,48.0
Evening,Python,42.8,10,Thursday,67.8
Night,Python,27.5,8,Saturday,47.63
Afternoon,Python,15.2,1,Thursday,50.94
Afternoon,DBMS,31.6,1,Monday,50.38
Afternoon,Python,74.0,3,Sunday,59.09
Night,Operating Systems,96.5,2,Sunday,32.63
Night,Python,28.6,2,Tuesday,47.57
Afternoon,Machine Learning,21.9,2,Friday,46.29
Night,Java,92.4,4,Wednesday,51.21
Night,Java,43.6,1,Monday,47.87
Night,DSA,114.7,10,Tuesday,54.82
Afternoon,Machine Learning,88.6,9,Monday,52.07
Afternoon,DBMS,45.9,5,Tuesday,47.79
Afternoon,Python,41.8,5,Sunday,47.82
Night,Python,67.6,9,Wednesday,50.42
Afternoon,Operating Systems,18.7,5,Wednesday,57.26
Night,Aptitude,22.9,8,Sunday,38.46
Morning,Python,29.3,1,Friday,63.28
Night,Ai,95.2,1,Monday,35.2
Evening,Machine Learning,66.5,4,Friday,51.53
Afternoon,DBMS,11.2,8,Tuesday,58.63
Afternoon,Java,84.1,3,Wednesday,57.59
Evening,DSA,56.6,1,Wednesday,57.75
Night,Python,66.2,9,Thursday,55.9
Morning,DSA,33.6,9,Thursday,57.69
Evening,Python,70.7,9,Sunday,53.67
Evening,DBMS,117.7,9,Friday,53.6
Night,Aptitude,18.1,2,Monday,48.27
Afternoon,Machine Learning,41.2,4,Sunday,59.6
Night,Java,36.7,2,Tuesday,46.83
Evening,DBMS,37.3,7,Friday,49.29
Evening,DSA,51.7,3,Wednesday,48.48
Afternoon,Python,100.0,9,Wednesday,47.64
Afternoon,DSA,110.4,7,Wednesday,44.94
Afternoon,Machine Learning,32.2,8,Tuesday,43.5
Night,Ai,69.7,9,Sunday,43.09
Afternoon,Java,80.1,8,Friday,42.87
Evening,DBMS,67.4,7,Tuesday,57.45
Evening,DSA,57.7,9,Saturday,55.94
Morning,DSA,31.1,1,Wednesday,55.89
Night,Machine Learning,63.7,4,Thursday,44.72
Morning,Ai,54.1,4,Friday,63.33
Evening,Python,97.5,5,Thursday,61.39
Morning,Ai,94.0,8,Friday,60.55
Evening,DSA,24.7,10,Sunday,46.26
Morning,Machine Learning,19.7,1,Wednesday,58.54
Afternoon,Python,109.9,6,Thursday,51.22
Morning,Ai,68.9,9,Thursday,60.7
Afternoon,Java,104.4,10,Friday,45.04
Afternoon,Ai,16.4,8,Saturday,39.41
Night,Java,67.9,2,Saturday,31.92
Afternoon,Ai,69.3,7,Thursday,41.23
Afternoon,Aptitude,104.7,5,Thursday,40.89
Morning,Python,20.7,2,Sunday,64.12
Evening,Ai,36.4,1,Wednesday,56.26
Night,Aptitude,54.7,2,Friday,45.2
Afternoon,DBMS,105.2,10,Friday,48.29
Night,Machine Learning,113.3,6,Monday,33.43
Morning,Ai,119.2,8,Friday,61.93
Afternoon,Java,115.5,3,Wednesday,51.13
Morning,Python,10.7,5,Thursday,62.23
Night,Java,15.2,2,Sunday,38.16
Morning,Aptitude,26.2,8,Monday,56.54
Night,Aptitude,48.4,4,Sunday,44.62
Morning,DBMS,101.3,10,Sunday,53.16
Night,Java,108.2,6,Thursday,50.31
Evening,Operating Systems,30.6,3,Friday,63.0
Morning,Machine Learning,78.2,8,Tuesday,63.59
Morning,Java,110.9,8,Thursday,60.48
Evening,Operating Systems,61.0,3,Saturday,51.53
Evening,Python,21.4,9,Friday,57.49
Morning,Machine Learning,60.4,10,Saturday,58.4
Evening,Java,51.3,5,Wednesday,62.27
Afternoon,DBMS,73.5,10,Saturday,49.77
Night,Python,58.3,9,Friday,38.5
Night,Machine Learning,11.9,7,Monday,38.36
Night,Java,119.3,10,Saturday,41.24
Afternoon,Java,69.8,3,Tuesday,54.93
Evening,Machine Learning,62.1,6,Sunday,61.46
Evening,Operating Systems,115.0,10,Tuesday,55.36
Morning,Python,27.1,2,Tuesday,65.34
Evening,DBMS,30.8,6,Saturday,44.26
Morning,DBMS,98.9,5,Wednesday,56.48
Afternoon,Python,38.7,3,Tuesday,53.78
Night,Python,97.9,7,Thursday,36.74
Night,Aptitude,39.9,4,Sunday,43.23
Night,DSA,13.7,6,Wednesday,42.11
Evening,Java,66.9,9,Friday,55.23
Morning,Operating Systems,31.6,6,Monday,56.43
Morning,Python,93.4,4,Wednesday,64.62
Afternoon,Python,80.5,10,Sunday,54.29
Evening,DSA,111.6,2,Sunday,54.73
Afternoon,DSA,96.1,9,Monday,52.58
Morning,Machine Learning,29.9,4,Wednesday,60.85
Morning,Ai,98.0,4,Friday,59.91
Night,DBMS,80.6,2,Monday,42.81
Evening,Operating Systems,83.6,5,Sunday,56.62
Morning,Machine Learning,101.5,6,Wednesday,53.58
Night,Python,73.1,10,Sunday,46.5
Evening,Java,61.3,6,Monday,57.37
Afternoon,DSA,80.0,3,Tuesday,43.75
Evening,Aptitude,42.8,9,Sunday,47.28
Evening,DBMS,30.1,7,Tuesday,57.55
Morning,Machine Learning,77.8,3,Saturday,56.05
Morning,Aptitude,35.7,4,Tuesday,61.8
Evening,DBMS,18.8,7,Thursday,53.92
Morning,Ai,10.1,8,Tuesday,67.66
Morning,Ai,76.9,6,Tuesday,62.94
Morning,Aptitude,49.8,4,Friday,66.72
Night,DSA,92.8,2,Monday,42.68
Night,Machine Learning,51.3,10,Monday,47.99
Evening,Machine Learning,63.5,8,Tuesday,51.42
Morning,Ai,54.8,1,Monday,58.35
Night,DBMS,81.6,9,Wednesday,38.89
Evening,Aptitude,49.2,8,Saturday,54.27
Morning,DSA,116.0,3,Sunday,50.88
Afternoon,Python,113.0,10,Tuesday,48.92
Morning,Machine Learning,103.3,4,Saturday,48.23
Morning,Java,111.2,10,Tuesday,50.52
Night,Python,59.4,4,Thursday,46.59
Evening,DSA,69.0,2,Saturday,47.43
Evening,Ai,91.6,10,Wednesday,56.65
Night,Java,86.6,5,Tuesday,44.74
Morning,Machine Learning,108.0,3,Tuesday,63.23
Afternoon,Machine Learning,88.8,1,Monday,57.63
Morning,Aptitude,119.8,2,Tuesday,65.74
Morning,Java,48.3,7,Saturday,57.15
Afternoon,Python,101.6,1,Saturday,52.36
Night,Ai,86.7,2,Tuesday,51.57
Evening,Aptitude,86.1,10,Tuesday,52.48
Night,Operating Systems,45.8,7,Tuesday,49.48
Night,Python,96.4,1,Thursday,53.53
Morning,Python,109.0,7,Wednesday,62.41
Evening,Operating Systems,34.0,8,Sunday,54.34
Evening,DSA,78.8,2,Saturday,61.23
Night,Java,53.1,4,Thursday,41.87
Afternoon,Java,118.9,7,Sunday,45.65
Night,DSA,62.7,1,Monday,46.78
Afternoon,Machine Learning,35.1,6,Friday,43.57
Evening,DBMS,52.0,5,Tuesday,54.63
Night,Aptitude,81.9,6,Saturday,35.91
Morning,DBMS,18.4,8,Sunday,47.54
Night,Machine Learning,76.4,1,Monday,44.2
Evening,Java,112.4,3,Saturday,45.33
Morning,DBMS,103.5,9,Friday,55.39
Morning,Python,17.4,8,Sunday,64.12
Afternoon,Python,119.3,4,Tuesday,52.85
Morning,Operating Systems,86.9,10,Saturday,56.82
Morning,Operating Systems,27.9,9,Tuesday,58.14
Night,Machine Learning,11.4,7,Friday,50.69
Evening,Machine Learning,28.8,2,Thursday,64.19
Afternoon,Ai,102.2,1,Sunday,50.03
Night,Machine Learning,12.4,1,Friday,29.84
Morning,Python,35.6,3,Friday,61.83
Morning,DBMS,93.3,10,Saturday,51.72
Afternoon,Aptitude,74.5,2,Sunday,44.76
Evening,Ai,96.1,4,Wednesday,57.41
Afternoon,Ai,92.1,8,Tuesday,50.53
Night,Java,15.6,5,Sunday,35.15
Afternoon,Ai,108.2,5,Saturday,43.54
Morning,Machine Learning,35.0,6,Tuesday,63.74
Night,Machine Learning,70.9,5,Thursday,50.95
Morning,Python,80.9,5,Sunday,65.82
Evening,Aptitude,28.5,7,Thursday,48.24
Morning,Python,117.4,6,Wednesday,60.24
Morning,Aptitude,63.7,10,Wednesday,56.36
Afternoon,Python,16.3,2,Wednesday,55.33
Morning,DBMS,113.1,1,Thursday,58.53
Night,Java,74.5,1,Friday,39.93
Night,Machine Learning,86.9,4,Saturday,47.4
Evening,DSA,67.8,2,Tuesday,51.11
Night,DSA,101.8,6,Tuesday,49.06
Afternoon,Java,13.6,9,Saturday,43.95
Evening,Machine Learning,39.5,10,Monday,56.94
Night,Ai,61.7,10,Thursday,43.38
Afternoon,Machine Learning,18.4,8,Thursday,42.8
Night,Machine Learning,87.6,4,Wednesday,48.76
Night,Java,53.3,2,Sunday,38.46
Morning,Machine Learning,40.0,1,Sunday,55.55
Night,Ai,10.4,7,Saturday,35.5
Night,Aptitude,89.2,10,Monday,38.11
Afternoon,Java,101.7,3,Monday,57.69
Afternoon,DBMS,53.5,6,Thursday,50.7
Morning,DSA,72.1,5,Wednesday,58.47
Night,Java,35.0,5,Tuesday,42.89
Morning,Operating Systems,78.4,2,Wednesday,56.11
Night,DSA,11.3,9,Tuesday,46.92
Evening,DSA,63.8,4,Sunday,58.1
Evening,Ai,80.9,10,Thursday,59.09
Morning,Python,111.0,1,Wednesday,65.05
Morning,Machine Learning,51.9,2,Monday,56.43
Morning,Machine Learning,94.2,9,Saturday,58.18
Afternoon,Machine Learning,75.7,7,Friday,57.74
Afternoon,Python,112.0,10,Monday,50.67
Afternoon,Ai,53.8,2,Sunday,48.8
Morning,Java,45.1,7,Saturday,63.8
Night,DBMS,107.6,4,Tuesday,54.75
Evening,DBMS,15.4,10,Thursday,55.7
Morning,Ai,25.0,2,Wednesday,64.24
Afternoon,Operating Systems,19.1,4,Sunday,45.73
Afternoon,DBMS,102.7,5,Sunday,48.62
Morning,Ai,11.2,4,Thursday,58.78
Morning,Java,104.8,3,Thursday,65.87
Afternoon,DBMS,59.6,6,Tuesday,58.38
Night,Machine Learning,10.4,1,Thursday,36.97
Afternoon,Aptitude,54.2,8,Wednesday,49.48
Afternoon,Ai,30.5,5,Sunday,44.29
Morning,DSA,78.7,8,Monday,57.41
Night,DBMS,84.7,10,Thursday,43.79
Afternoon,DBMS,63.6,4,Wednesday,45.66
Afternoon,Python,14.5,4,Wednesday,53.4
Evening,Operating Systems,82.2,5,Tuesday,49.17
Morning,Aptitude,102.6,5,Thursday,64.41
Evening,Java,89.2,6,Sunday,53.47
Evening,Python,101.3,5,Tuesday,51.69
Afternoon,Machine Learning,32.1,5,Monday,42.43
Morning,DSA,107.8,8,Monday,62.91
Night,Operating Systems,45.4,6,Saturday,38.48
Afternoon,Python,11.5,2,Wednesday,59.74
Night,Ai,102.8,4,Thursday,34.38
Night,DBMS,113.6,4,Saturday,36.74
Morning,DBMS,82.1,5,Sunday,55.08
Evening,Operating Systems,35.5,6,Wednesday,54.84
Morning,DBMS,37.7,5,Sunday,60.32
Night,Ai,61.3,6,Thursday,43.99
Afternoon,Python,108.8,8,Tuesday,50.39
Night,Python,26.5,4,Monday,43.63
Afternoon,DBMS,100.9,3,Saturday,43.04
Afternoon,DBMS,42.0,9,Sunday,43.44
Morning,Machine Learning,98.9,3,Saturday,54.61
Night,DSA,111.2,8,Monday,34.77
Evening,Java,57.0,10,Tuesday,57.68
Night,Operating Systems,50.2,5,Friday,45.35
Night,Python,98.2,9,Friday,46.41
Evening,Operating Systems,68.2,3,Sunday,57.69
Morning,Machine Learning,85.3,10,Friday,60.97
Night,Python,78.5,10,Thursday,47.64
Night,Machine Learning,26.8,8,Saturday,43.27
Afternoon,Machine Learning,102.9,7,Tuesday,44.89
Night,Aptitude,31.5,7,Thursday,47.97
Evening,DBMS,112.6,10,Thursday,59.1
Afternoon,Ai,37.6,9,Sunday,34.76
Morning,Aptitude,90.7,8,Tuesday,68.85
Afternoon,Java,41.3,3,Thursday,51.67
Evening,Operating Systems,45.0,6,Sunday,55.05
Evening,Ai,44.1,6,Saturday,57.42
Afternoon,Operating Systems,92.3,5,Tuesday,49.32
Morning,DBMS,71.2,3,Friday,57.92
Afternoon,Ai,107.1,9,Friday,51.5
Morning,Aptitude,43.8,7,Thursday,73.8
Afternoon,Operating Systems,86.1,4,Monday,49.5
Evening,Aptitude,92.8,6,Tuesday,51.8
Night,DBMS,26.7,5,Wednesday,51.71
Night,Ai,54.1,1,Sunday,31.57
Morning,Ai,63.1,2,Wednesday,59.45
Morning,Python,49.1,1,Thursday,58.82
Morning,Machine Learning,45.4,9,Monday,61.14
Evening,Machine Learning,85.5,9,Tuesday,53.68
Afternoon,Aptitude,33.7,5,Friday,44.5
Evening,Ai,88.0,8,Thursday,58.24
Night,Operating Systems,112.9,10,Tuesday,40.9
Morning,Aptitude,72.2,4,Tuesday,59.76
Afternoon,Aptitude,77.3,1,Tuesday,47.86
Night,DSA,17.6,4,Monday,48.07
Night,Java,105.1,7,Tuesday,42.71
Night,Ai,41.4,2,Monday,29.54
Evening,Machine Learning,77.7,2,Monday,47.42
Morning,Ai,117.7,6,Saturday,57.32
Night,DBMS,75.5,9,Tuesday,41.7
Morning,Aptitude,89.7,3,Saturday,62.96
Evening,DSA,59.0,7,Friday,48.9
Night,DSA,16.6,10,Saturday,43.88
Evening,Machine Learning,97.7,9,Saturday,54.04
Evening,Machine Learning,13.8,9,Sunday,50.88
Morning,Machine Learning,87.1,4,Sunday,57.05
Night,DBMS,12.5,2,Sunday,41.33
Evening,DSA,104.9,1,Tuesday,55.38
Night,Operating Systems,27.3,6,Friday,42.57
Morning,DBMS,66.6,5,Thursday,61.13
Evening,Python,75.7,6,Wednesday,55.56
Morning,Java,60.3,7,Thursday,58.56
Night,Java,47.5,9,Monday,41.67
Night,Aptitude,61.5,10,Thursday,43.92
Morning,Java,44.3,10,Wednesday,67.54
Afternoon,Machine Learning,58.2,6,Wednesday,46.79
Evening,DSA,49.5,6,Friday,58.7
Night,Java,72.3,3,Sunday,44.62
Night,Aptitude,36.2,8,Thursday,46.23
Evening,Java,118.8,9,Monday,56.43
Morning,Ai,65.1,1,Saturday,57.11
Morning,DBMS,31.4,6,Saturday,54.09
Morning,Python,62.5,7,Monday,70.59
Afternoon,Ai,105.3,8,Friday,55.29
Afternoon,DBMS,12.4,10,Saturday,47.22
Night,DBMS,84.8,8,Friday,45.35
Morning,Operating Systems,70.3,7,Saturday,59.83
Evening,Java,28.7,8,Saturday,46.71
Night,Aptitude,99.9,9,Thursday,41.09
Evening,Operating Systems,50.6,10,Friday,45.62
Night,DBMS,42.3,7,Wednesday,43.94
Afternoon,Java,101.1,3,Monday,55.96
Night,Python,80.2,9,Saturday,42.59
Afternoon,DSA,108.8,1,Sunday,56.95
Night,DSA,79.3,8,Wednesday,41.82
Morning,Java,91.5,6,Tuesday,60.89
Evening,Ai,102.0,3,Wednesday,53.61
Morning,Aptitude,16.0,9,Sunday,45.81
Night,Machine Learning,95.4,6,Monday,41.62
Night,Machine Learning,77.5,7,Tuesday,38.79
Night,DSA,17.6,2,Thursday,45.17
Afternoon,DBMS,65.9,1,Sunday,53.38
Evening,DBMS,19.1,1,Tuesday,53.24
Evening,Operating Systems,91.0,3,Friday,56.86
Night,Java,70.1,3,Monday,43.93
Night,Aptitude,114.9,8,Friday,49.49
Afternoon,Java,30.1,7,Wednesday,61.4
Morning,Java,76.7,10,Thursday,67.42
Morning,Operating Systems,33.3,8,Monday,56.92
Evening,Machine Learning,77.5,1,Thursday,59.91
Afternoon,Java,89.5,4,Saturday,48.5
Night,DSA,89.5,8,Monday,50.16
Evening,Ai,99.7,10,Sunday,46.87
Afternoon,Java,103.9,2,Friday,49.56
Morning,DBMS,18.5,7,Wednesday,60.89
Afternoon,Java,47.8,8,Tuesday,49.73
Morning,DSA,85.6,9,Thursday,60.45
Afternoon,Python,64.8,7,Monday,51.45
Evening,DSA,31.0,9,Monday,52.22
Morning,Python,70.8,2,Saturday,56.71
Evening,Operating Systems,54.8,1,Thursday,50.91
Evening,Operating Systems,52.9,1,Tuesday,56.54
Morning,Machine Learning,99.1,4,Wednesday,57.29
Morning,DSA,54.8,1,Monday,56.3
Night,DSA,12.9,7,Monday,36.51
Night,Python,16.4,8,Thursday,49.69
Night,Operating Systems,104.2,3,Thursday,48.38
Evening,Python,115.7,1,Monday,52.31
Evening,Operating Systems,85.7,3,Monday,55.52
Night,Python,50.1,2,Saturday,41.27
Evening,Operating Systems,113.2,6,Monday,58.59
Evening,Python,82.9,7,Friday,54.52
Morning,Ai,102.9,9,Monday,57.54
Morning,Operating Systems,94.2,5,Wednesday,60.66
Evening,Aptitude,51.7,4,Wednesday,52.9
Night,Python,62.7,1,Sunday,41.56
Afternoon,DSA,30.5,6,Saturday,42.93
Night,Machine Learning,42.1,8,Tuesday,40.79
Afternoon,Aptitude,95.6,4,Thursday,48.13
Night,Aptitude,108.3,1,Tuesday,45.06
Morning,Python,89.7,5,Monday,61.19
Evening,Machine Learning,61.2,10,Thursday,55.47
Evening,DSA,19.5,5,Monday,48.23
Morning,Aptitude,16.3,2,Thursday,70.45
Afternoon,DSA,51.2,6,Saturday,46.11
Afternoon,Operating Systems,61.0,10,Sunday,51.86
Afternoon,Java,77.0,9,Friday,52.41
Morning,Ai,10.7,6,Sunday,57.6
Afternoon,Java,118.9,8,Friday,52.26
Morning,Java,50.0,10,Friday,61.7
Night,Machine Learning,103.3,3,Sunday,39.12
Night,Ai,68.8,10,Saturday,53.97
Morning,DBMS,24.3,2,Sunday,62.57
Evening,Operating Systems,97.7,4,Tuesday,47.03
Night,Machine Learning,88.1,9,Thursday,48.25
Afternoon,Python,68.0,9,Tuesday,52.35
Morning,Ai,66.6,3,Thursday,68.18
Afternoon,Python,19.6,1,Monday,50.37
Afternoon,DSA,82.1,1,Friday,37.32
Evening,Java,110.2,4,Friday,53.24
Afternoon,Aptitude,20.3,4,Thursday,41.99
Evening,Ai,39.0,10,Tuesday,51.6
Night,DBMS,109.3,6,Tuesday,42.15
Morning,Python,41.3,5,Wednesday,63.89
Afternoon,Machine Learning,81.9,6,Friday,49.27
Morning,Ai,68.8,10,Friday,63.2
Afternoon,Ai,75.6,7,Tuesday,52.77
Morning,Aptitude,55.7,7,Friday,69.71
Afternoon,Aptitude,43.0,10,Tuesday,50.01
Afternoon,Machine Learning,15.3,10,Wednesday,50.57
Afternoon,Aptitude,91.9,9,Thursday,54.42
Afternoon,Python,92.1,6,Thursday,48.77
Afternoon,Machine Learning,83.8,8,Wednesday,41.68
Afternoon,Java,80.8,2,Friday,51.84
Afternoon,Machine Learning,36.8,8,Sunday,43.0
Afternoon,DSA,12.5,9,Monday,52.9
Afternoon,DBMS,99.0,4,Friday,53.67
Morning,Ai,64.0,5,Tuesday,64.95
Evening,DSA,43.8,5,Saturday,47.07
Afternoon,DBMS,21.2,2,Monday,47.13
Evening,Machine Learning,16.9,5,Wednesday,53.53
Afternoon,Ai,48.4,9,Thursday,49.11
Afternoon,Aptitude,98.5,4,Thursday,52.28
Morning,DBMS,111.1,10,Sunday,63.8
Night,Machine Learning,108.6,3,Friday,42.5
Night,Machine Learning,111.2,7,Thursday,36.22
Morning,DSA,109.8,8,Friday,49.23
Evening,DSA,68.0,10,Sunday,44.54
Night,Aptitude,34.1,6,Sunday,35.38
Morning,Java,97.8,6,Tuesday,63.34
Morning,Operating Systems,33.5,5,Tuesday,59.76
Night,Python,39.4,6,Wednesday,47.37
Evening,Operating Systems,35.7,9,Saturday,55.61
Morning,Operating Systems,66.6,2,Tuesday,66.81
Afternoon,Ai,45.4,10,Friday,49.03
Evening,Java,27.0,3,Thursday,58.71
Evening,Ai,59.8,1,Tuesday,56.76
Night,Aptitude,106.1,4,Tuesday,37.21
Night,Ai,72.8,2,Friday,37.58
Afternoon,DBMS,106.6,6,Sunday,45.3
Morning,Aptitude,31.5,1,Tuesday,60.98
Night,Aptitude,28.4,8,Thursday,47.4
Night,Machine Learning,73.3,10,Saturday,39.01
Evening,Machine Learning,61.0,6,Thursday,44.52
Night,Machine Learning,82.6,9,Sunday,38.16
Night,Python,97.4,6,Saturday,34.81
Night,DBMS,92.6,10,Thursday,43.98
Night,DBMS,113.6,7,Sunday,44.8
Evening,Machine Learning,53.8,5,Thursday,55.14
Afternoon,Operating Systems,32.7,8,Monday,47.49
Afternoon,Python,70.6,8,Sunday,51.02
Morning,Operating Systems,22.2,10,Thursday,54.4
Night,DSA,41.8,9,Sunday,37.79
Evening,DBMS,32.9,6,Sunday,43.72
Morning,DBMS,53.6,1,Monday,57.34
Morning,Operating Systems,22.2,9,Thursday,56.12
Afternoon,Python,13.5,3,Sunday,46.96
Evening,DBMS,82.2,9,Sunday,50.64
Evening,Operating Systems,77.1,7,Thursday,56.25
Evening,Aptitude,87.9,3,Friday,45.18
Afternoon,Aptitude,82.6,9,Saturday,42.7
Afternoon,Ai,22.6,7,Thursday,54.89
Afternoon,Python,42.0,7,Tuesday,56.98
Afternoon,Operating Systems,24.2,7,Thursday,50.28
Afternoon,Ai,102.7,2,Wednesday,50.39
Night,Aptitude,92.2,4,Friday,39.36
Night,Python,32.2,10,Friday,45.13
Evening,Java,47.5,8,Thursday,59.11
Morning,Ai,116.3,2,Wednesday,53.78
Evening,Java,75.4,4,Sunday,52.72
Morning,Machine Learning,98.1,10,Saturday,57.78
Afternoon,Python,39.1,8,Thursday,52.24
Morning,DSA,33.1,3,Tuesday,58.26
Evening,Machine Learning,96.2,6,Sunday,49.2
Evening,Ai,85.4,2,Friday,57.5
Morning,Operating Systems,84.9,8,Sunday,57.97
Night,Machine Learning,70.8,8,Friday,45.47
Afternoon,Machine Learning,72.0,1,Saturday,43.17
Afternoon,Ai,90.9,3,Wednesday,48.4
Evening,Operating Systems,39.7,2,Monday,57.74
Night,Operating Systems,48.8,7,Saturday,37.54
Morning,Aptitude,105.9,7,Wednesday,54.36
Afternoon,DSA,44.0,4,Sunday,57.36
Night,Operating Systems,70.1,8,Tuesday,47.11
Afternoon,DBMS,87.3,3,Wednesday,48.77
Night,DBMS,120.0,9,Saturday,38.53
Night,DSA,57.9,5,Monday,39.41
Evening,Python,57.1,2,Sunday,53.76
Afternoon,Ai,102.7,9,Tuesday,49.52
Morning,Python,98.6,1,Tuesday,64.19
Evening,DBMS,90.4,8,Monday,48.5
Evening,Operating Systems,61.0,6,Thursday,48.71
Morning,DSA,45.6,1,Wednesday,60.3
Evening,Python,77.0,4,Saturday,55.93
Night,Python,106.4,3,Tuesday,51.52
Night,Java,107.2,7,Saturday,50.31
Afternoon,Ai,21.9,7,Wednesday,48.65
Afternoon,Machine Learning,57.1,6,Sunday,48.35
Morning,DBMS,61.1,10,Monday,54.8
Afternoon,Operating Systems,117.5,10,Friday,37.07
Night,DSA,84.6,8,Monday,39.1
Morning,Python,54.8,7,Wednesday,59.6
Morning,Ai,12.9,4,Tuesday,70.75
Afternoon,Machine Learning,72.2,7,Sunday,36.68
Night,DBMS,20.6,1,Wednesday,48.71
Morning,DBMS,101.8,3,Sunday,54.04
Night,Ai,92.8,2,Friday,47.49
Night,Java,60.7,7,Tuesday,45.21
Night,DSA,57.2,9,Sunday,36.43
Afternoon,Python,108.7,5,Friday,57.12
Evening,DSA,41.7,9,Sunday,53.24
Evening,Ai,37.4,8,Thursday,54.93
Morning,Ai,113.3,1,Saturday,58.47
Night,DSA,99.0,2,Monday,41.88
Afternoon,Aptitude,100.3,6,Thursday,40.34
Night,Machine Learning,31.5,5,Wednesday,43.56
Night,DBMS,25.8,7,Thursday,56.13
Afternoon,Aptitude,12.9,9,Monday,54.23
Evening,Operating Systems,36.1,4,Tuesday,56.47
Night,DBMS,95.2,8,Saturday,43.93
Night,DBMS,36.4,4,Friday,44.99
Evening,Machine Learning,90.2,3,Sunday,38.8
Afternoon,Operating Systems,37.7,2,Tuesday,44.74
Morning,Python,53.5,8,Saturday,58.68
Evening,Operating Systems,118.1,8,Thursday,59.62
Morning,Python,36.9,3,Wednesday,71.15
Morning,Java,51.4,1,Thursday,54.62
Evening,Java,43.1,6,Monday,58.28
Night,Operating Systems,22.1,5,Monday,33.85
Morning,DSA,63.9,8,Wednesday,57.34
Morning,Ai,51.7,6,Saturday,56.86
Afternoon,Operating Systems,86.4,4,Tuesday,58.43
Night,Aptitude,99.9,10,Sunday,37.92
Morning,Aptitude,69.9,10,Sunday,55.26
Afternoon,Machine Learning,13.5,2,Monday,52.96
Night,Ai,78.1,8,Monday,41.33
Evening,Ai,16.1,5,Wednesday,52.35
Evening,Python,77.8,8,Tuesday,49.79
Afternoon,DBMS,85.4,5,Thursday,53.12
Evening,Machine Learning,31.8,6,Friday,45.84
Morning,Aptitude,100.1,10,Wednesday,65.26
Night,Aptitude,110.2,5,Tuesday,38.76
Morning,Java,99.4,3,Friday,56.21
Morning,Python,43.6,10,Sunday,53.14
Evening,Aptitude,74.5,8,Wednesday,53.59
Morning,Aptitude,110.6,3,Thursday,65.38
Evening,Python,45.3,4,Thursday,53.51
Night,Aptitude,100.2,6,Tuesday,40.1
Night,DBMS,11.0,2,Tuesday,44.91
Morning,DSA,10.4,7,Thursday,58.67
Afternoon,Machine Learning,93.6,5,Thursday,51.39
Evening,DBMS,93.8,10,Wednesday,48.42
Evening,DBMS,96.8,5,Saturday,53.19
Morning,DSA,112.3,5,Sunday,62.2
Evening,Java,23.0,2,Saturday,46.93
Evening,Ai,35.5,10,Tuesday,55.95
Afternoon,Machine Learning,109.4,9,Friday,42.91
Afternoon,Java,29.5,3,Thursday,55.48
Morning,Java,85.0,7,Friday,68.46
Afternoon,DBMS,68.4,5,Tuesday,44.05
Morning,Aptitude,19.2,10,Sunday,58.46
Night,Java,41.4,10,Tuesday,46.79
Morning,DSA,67.2,5,Monday,59.67
Night,Ai,103.8,4,Thursday,43.87
Morning,Machine Learning,87.8,10,Sunday,52.14
Evening,Operating Systems,78.4,6,Saturday,44.17
Afternoon,Python,64.6,7,Saturday,48.19
Night,Aptitude,42.9,7,Tuesday,49.32
Morning,DSA,23.1,8,Tuesday,64.52
Afternoon,Python,55.0,5,Thursday,52.9
Morning,Ai,13.1,7,Monday,55.06
Afternoon,Ai,33.2,4,Monday,43.6
Afternoon,Operating Systems,57.6,9,Monday,46.91
Morning,Java,56.0,5,Monday,50.45
Night,DBMS,14.9,3,Sunday,29.39
Night,DBMS,74.8,5,Wednesday,38.27
Evening,Machine Learning,70.5,9,Thursday,54.56
Afternoon,DSA,18.6,8,Thursday,40.81
Evening,DSA,113.7,1,Thursday,55.64
Evening,Java,20.9,5,Sunday,47.87
Morning,Ai,104.0,6,Saturday,63.01
Morning,Machine Learning,10.0,10,Sunday,52.0
Morning,Java,107.1,2,Monday,57.69
Afternoon,Python,12.2,6,Monday,48.25
Morning,DBMS,93.4,9,Saturday,53.35
Morning,DBMS,49.8,4,Sunday,57.44
Afternoon,Ai,91.2,3,Saturday,48.43
Afternoon,DSA,54.2,9,Tuesday,48.77
Night,Ai,17.8,2,Wednesday,38.63
Morning,Java,94.4,9,Saturday,59.03
Morning,DSA,17.8,10,Thursday,52.95
Morning,Machine Learning,111.4,2,Wednesday,52.56
Night,Java,15.6,10,Sunday,39.17
Morning,Operating Systems,62.7,3,Saturday,60.88
Night,Python,89.5,7,Thursday,41.31
Evening,Aptitude,53.3,2,Monday,56.84
Night,Operating Systems,33.9,1,Sunday,29.16
Evening,Java,93.5,9,Monday,57.53
Morning,Operating Systems,96.3,6,Thursday,65.23
Evening,DSA,111.5,9,Friday,57.04
Night,DSA,51.4,3,Sunday,40.75
Afternoon,DSA,65.7,3,Monday,45.52
Evening,Operating Systems,49.9,10,Tuesday,50.29
Evening,Ai,38.3,3,Saturday,47.77
Morning,Python,92.6,2,Monday,58.99
Night,Ai,47.4,6,Tuesday,49.67
Evening,DSA,57.1,3,Wednesday,53.4
Evening,Java,54.4,5,Sunday,55.92
Evening,Java,88.4,5,Monday,70.22
Evening,DBMS,111.0,10,Saturday,60.26
Afternoon,Ai,83.3,3,Monday,49.92
Night,Python,61.9,3,Saturday,41.2
Morning,Java,95.7,1,Wednesday,64.17
Morning,DBMS,80.5,6,Saturday,61.16
Afternoon,Python,16.7,3,Tuesday,54.69
Night,DSA,20.5,1,Friday,51.38
Evening,Ai,14.2,10,Sunday,47.28
Afternoon,Aptitude,60.2,9,Saturday,48.43
Night,Machine Learning,100.8,1,Sunday,39.82
Evening,DSA,44.4,5,Saturday,54.41
Afternoon,Java,52.3,5,Sunday,44.7
Night,Operating Systems,110.0,2,Tuesday,46.84
Morning,Aptitude,102.1,1,Sunday,48.06
Morning,Operating Systems,83.2,6,Thursday,59.9
Night,Python,39.3,7,Thursday,55.56
Morning,Operating Systems,22.9,9,Thursday,57.4
Night,Aptitude,11.8,8,Saturday,41.49
Evening,Aptitude,21.8,10,Wednesday,60.35
Night,DSA,42.2,3,Tuesday,46.35
Evening,DBMS,70.7,9,Saturday,43.44
Afternoon,DSA,17.0,1,Sunday,45.3
Night,Python,25.0,6,Monday,48.92
Afternoon,Java,29.9,10,Saturday,53.83
Morning,Operating Systems,79.5,2,Thursday,65.9
Evening,DBMS,77.7,10,Tuesday,54.68
Night,Ai,70.6,9,Monday,48.18
Afternoon,Machine Learning,37.6,9,Tuesday,47.61
Evening,Aptitude,50.8,8,Wednesday,52.48
Evening,DBMS,20.6,7,Thursday,60.48
Morning,Java,34.9,6,Friday,65.14
Morning,Ai,108.7,2,Saturday,58.35
Evening,DBMS,117.8,4,Sunday,48.73
Evening,DSA,81.2,10,Thursday,53.87
Night,Ai,110.9,7,Thursday,45.19
Evening,Machine Learning,80.7,6,Wednesday,57.61
Night,Java,13.7,9,Monday,43.47
Evening,Aptitude,119.6,5,Thursday,55.14
Morning,Java,20.9,6,Monday,60.94
Night,Python,85.1,10,Monday,45.65
Afternoon,Python,37.8,6,Wednesday,53.28
Morning,DBMS,53.1,8,Thursday,60.56
Night,Ai,81.1,8,Saturday,37.92
Night,DBMS,58.0,6,Wednesday,42.22
Afternoon,Operating Systems,37.6,8,Wednesday,42.96
Night,Machine Learning,46.8,7,Friday,39.31
Evening,Aptitude,47.6,1,Saturday,59.13
Afternoon,DBMS,115.5,5,Wednesday,53.31
Morning,Operating Systems,97.8,10,Friday,55.99
Morning,Ai,60.4,10,Monday,59.04
Evening,Machine Learning,32.0,10,Saturday,45.65
Morning,Aptitude,99.2,5,Saturday,60.63
Night,Python,27.3,10,Monday,48.26
Night,Operating Systems,33.2,9,Tuesday,48.41
Evening,Ai,50.3,7,Saturday,50.42
Morning,Machine Learning,106.8,7,Sunday,60.0
Morning,Operating Systems,24.5,10,Tuesday,54.04
Evening,DBMS,23.4,2,Monday,52.04
Afternoon,DSA,64.3,8,Thursday,47.01
Morning,Python,40.4,3,Tuesday,66.01
Afternoon,DBMS,72.6,9,Wednesday,47.28
Morning,DBMS,59.7,6,Saturday,52.17
Morning,Ai,57.8,9,Sunday,57.05
Morning,Ai,22.3,9,Tuesday,72.19
Morning,Machine Learning,25.5,7,Saturday,50.12
Night,Ai,100.3,10,Monday,51.19
Afternoon,Operating Systems,107.4,8,Thursday,49.96
Afternoon,Python,35.8,2,Monday,52.03
Morning,DBMS,22.5,5,Thursday,56.99
Morning,Machine Learning,15.9,3,Saturday,58.13
Afternoon,Java,76.9,1,Tuesday,55.19
Night,Java,88.7,6,Wednesday,52.53
Evening,Python,51.0,9,Wednesday,58.43
Evening,Ai,84.8,2,Monday,51.54
Afternoon,Ai,88.4,9,Saturday,55.94
Morning,Operating Systems,112.9,8,Thursday,57.74
Morning,Ai,17.1,9,Tuesday,56.14
Night,Java,31.2,5,Sunday,43.45
Evening,DBMS,17.5,2,Thursday,50.18
Night,Java,105.5,10,Thursday,42.5
Evening,Aptitude,97.2,10,Thursday,58.13
Afternoon,DBMS,73.2,6,Saturday,61.36
Evening,DBMS,19.2,7,Tuesday,57.83
Night,Ai,40.1,3,Saturday,47.92
Night,Python,42.7,6,Sunday,41.46
Night,Ai,71.7,6,Thursday,46.34
Afternoon,Python,38.4,8,Sunday,39.41
Evening,Python,18.0,1,Sunday,47.34
Evening,Java,90.4,4,Saturday,52.78
Night,Python,42.9,1,Wednesday,48.77
Evening,Machine Learning,59.8,8,Monday,57.22
Morning,DSA,24.0,2,Friday,58.05
Morning,Ai,98.3,8,Thursday,67.54
Morning,Machine Learning,72.2,3,Sunday,57.75
Evening,DBMS,109.2,8,Wednesday,45.93
Afternoon,Machine Learning,64.5,6,Saturday,35.94
Afternoon,Operating Systems,113.6,1,Sunday,47.64
Afternoon,Aptitude,108.1,7,Wednesday,48.81
Afternoon,Python,73.4,7,Monday,53.11
Morning,Ai,112.7,6,Monday,58.32
Morning,Operating Systems,45.5,1,Friday,57.0
Night,Ai,50.2,5,Friday,41.33
Evening,Java,15.0,1,Sunday,51.71
Evening,Aptitude,74.8,1,Friday,59.2
Afternoon,Operating Systems,89.4,6,Tuesday,44.62
Morning,Ai,95.1,8,Tuesday,59.31
Afternoon,DBMS,26.5,1,Wednesday,57.12
Night,Python,58.9,2,Saturday,35.29
Evening,Operating Systems,29.5,5,Monday,58.21
Evening,DBMS,82.8,8,Thursday,53.96
Afternoon,Python,27.4,4,Monday,48.1
Night,DSA,109.5,5,Tuesday,41.23
Evening,DBMS,35.4,10,Wednesday,60.16
Night,Machine Learning,42.1,5,Thursday,42.35
Night,Ai,103.6,3,Friday,39.62
Afternoon,Java,60.4,6,Friday,45.67
Morning,Python,12.6,5,Tuesday,59.5
Afternoon,Operating Systems,64.4,2,Wednesday,54.34
Morning,Aptitude,19.3,10,Sunday,54.49
Night,Operating Systems,118.4,4,Saturday,41.88
Morning,Machine Learning,74.7,4,Monday,54.54
Night,Ai,38.2,7,Tuesday,43.01
Evening,Machine Learning,72.0,7,Saturday,49.19
Evening,Operating Systems,18.5,9,Saturday,47.35
Evening,Java,98.0,10,Monday,51.09
Afternoon,Ai,111.8,2,Thursday,47.39
Afternoon,Aptitude,106.2,6,Monday,57.51
Night,Python,47.6,2,Thursday,47.3
Evening,Ai,45.8,9,Saturday,47.52
Afternoon,DBMS,13.9,2,Wednesday,54.22
Evening,Ai,81.7,6,Tuesday,59.49
Afternoon,Machine Learning,68.8,8,Monday,43.42
Morning,Machine Learning,60.5,6,Wednesday,66.13
Morning,Machine Learning,109.8,3,Wednesday,59.92
Evening,Aptitude,28.5,5,Monday,57.1
Night,Ai,11.1,4,Friday,46.81
Afternoon,Java,18.1,1,Saturday,48.69
Afternoon,Java,34.6,5,Friday,49.42
Morning,Ai,13.7,10,Thursday,63.25
Morning,Java,65.3,5,Wednesday,58.35
Night,DSA,44.5,7,Tuesday,51.87
Night,Aptitude,29.9,7,Tuesday,35.03
Night,Python,92.5,2,Wednesday,42.45
Evening,Python,32.5,4,Friday,58.78
Morning,Python,85.6,1,Saturday,58.6
Evening,Python,48.4,5,Wednesday,54.49
Morning,Python,66.3,5,Sunday,59.87
Morning,Java,112.7,4,Thursday,53.93
Afternoon,Operating Systems,14.1,10,Wednesday,44.82
Morning,Machine Learning,65.0,7,Monday,57.36
Morning,Aptitude,104.0,6,Friday,61.92
Evening,Operating Systems,74.7,10,Monday,51.42
Morning,Aptitude,40.5,3,Monday,51.01
Evening,DSA,53.7,2,Wednesday,55.15
Night,Ai,84.8,4,Saturday,44.43
Morning,DBMS,108.0,9,Wednesday,54.54
Morning,Machine Learning,14.5,10,Saturday,53.04
Evening,DSA,17.9,5,Tuesday,58.55
Night,Operating Systems,45.8,1,Saturday,36.21
Afternoon,DBMS,35.6,3,Monday,49.84
Night,Ai,39.1,9,Wednesday,41.68
Evening,DSA,34.3,7,Tuesday,64.92
Night,Ai,31.5,3,Sunday,35.86
Evening,Ai,24.4,1,Monday,45.88
Evening,Java,112.7,4,Tuesday,58.03
Afternoon,Aptitude,25.9,9,Friday,48.37
Morning,DBMS,32.5,7,Thursday,54.85
Evening,Aptitude,37.1,5,Monday,52.54
Evening,Ai,112.6,6,Wednesday,62.58
Afternoon,Java,93.1,1,Saturday,47.02
Evening,DSA,96.9,7,Friday,61.32
Morning,Ai,21.5,5,Sunday,50.8
Afternoon,Operating Systems,102.0,7,Tuesday,55.44
Morning,Ai,54.9,5,Thursday,55.16
Morning,Aptitude,38.9,5,Saturday,63.13
Afternoon,DBMS,73.3,3,Monday,55.73
Evening,DSA,100.4,5,Thursday,49.03
Morning,Aptitude,95.7,8,Friday,62.11
Morning,Ai,107.9,8,Thursday,61.03
Morning,Operating Systems,112.1,2,Monday,64.68
Morning,Machine Learning,36.2,1,Friday,52.34
Afternoon,Java,56.6,2,Tuesday,47.97
Afternoon,Operating Systems,11.6,7,Monday,50.24
Night,Ai,106.7,3,Thursday,52.52
Night,Operating Systems,27.0,8,Monday,45.3
Morning,Java,104.8,4,Friday,55.15
Evening,Machine Learning,46.2,10,Thursday,54.61
Morning,Operating Systems,50.5,10,Tuesday,54.92
Evening,Machine Learning,14.3,8,Sunday,41.57
Morning,Ai,46.0,2,Sunday,56.19
Night,Machine Learning,107.7,5,Saturday,41.39
Night,Aptitude,12.8,6,Wednesday,45.96
Evening,Aptitude,54.7,1,Tuesday,55.27
Morning,Machine Learning,13.5,1,Monday,66.93
Evening,DSA,50.8,9,Wednesday,61.76
Night,DBMS,29.0,5,Saturday,37.88
Morning,DSA,37.7,4,Saturday,60.72
Morning,Machine Learning,106.5,1,Friday,69.31
Evening,DBMS,58.0,3,Saturday,60.79
Afternoon,Aptitude,40.1,4,Sunday,52.04
Evening,DBMS,74.8,5,Thursday,54.33
Night,Machine Learning,25.6,10,Thursday,36.48
Night,Aptitude,38.5,5,Friday,40.19
Night,DBMS,70.1,10,Saturday,44.64
Night,DBMS,36.1,8,Monday,46.47
Night,DSA,84.7,3,Tuesday,44.34
Afternoon,DBMS,64.1,7,Sunday,51.55
Morning,Ai,94.9,6,Wednesday,65.85
Evening,Machine Learning,114.3,10,Friday,58.84
Evening,Python,22.7,10,Saturday,57.68
Night,Python,46.8,10,Monday,49.59
Evening,Python,45.2,6,Monday,54.37
Night,Machine Learning,26.6,10,Wednesday,43.43
Afternoon,Python,99.1,9,Friday,53.8
Afternoon,DSA,93.6,7,Tuesday,48.73
Morning,Machine Learning,63.3,7,Sunday,47.05
Afternoon,Ai,69.2,1,Tuesday,51.6
Afternoon,Aptitude,16.5,1,Friday,49.71
Morning,Ai,71.1,9,Thursday,59.31
Evening,Machine Learning,97.0,9,Sunday,52.87
Night,Machine Learning,73.1,10,Saturday,42.77
Night,DBMS,39.2,3,Tuesday,50.97
Evening,DBMS,83.4,8,Thursday,57.96
Morning,DBMS,49.8,9,Friday,58.08
Evening,Java,69.9,1,Saturday,58.62
Afternoon,Java,63.6,3,Monday,57.52
Morning,Operating Systems,51.9,6,Friday,59.89
Morning,Java,89.1,4,Monday,66.25
Morning,DSA,107.2,8,Friday,59.82
Night,Machine Learning,10.6,9,Sunday,45.75
Evening,Ai,112.7,7,Thursday,61.62
Morning,Machine Learning,66.3,1,Saturday,51.84
Morning,DBMS,87.1,2,Thursday,67.0
Morning,Machine Learning,104.1,1,Saturday,55.23
Evening,Aptitude,61.4,9,Sunday,53.95
Night,Java,101.8,4,Friday,50.56
Afternoon,Machine Learning,29.5,10,Monday,46.71
Night,Ai,27.5,8,Friday,49.96
Morning,Python,82.3,5,Monday,62.83
Night,Aptitude,105.7,5,Thursday,42.73
Night,Aptitude,108.2,5,Wednesday,48.22
Afternoon,Machine Learning,80.8,5,Tuesday,54.26
Evening,Operating Systems,67.8,3,Thursday,55.53
Evening,DBMS,46.5,6,Friday,49.93
Night,DSA,117.8,1,Friday,42.39
Night,DSA,45.2,8,Monday,40.47
Evening,Python,91.9,4,Tuesday,68.38
Evening,DSA,68.5,6,Saturday,46.63
Afternoon,DSA,76.9,2,Thursday,37.63
Morning,DBMS,53.3,2,Sunday,55.08
Night,Java,116.1,8,Tuesday,45.93
Evening,DBMS,72.9,1,Tuesday,55.16
Night,Operating Systems,113.2,8,Thursday,45.9
Night,Ai,10.8,10,Monday,38.6
Evening,Python,73.0,10,Saturday,54.31
Afternoon,DSA,88.9,1,Monday,44.05
Night,Operating Systems,92.0,9,Sunday,46.53
Afternoon,Python,109.5,1,Monday,46.28
Evening,Aptitude,10.5,4,Wednesday,54.57
Morning,DSA,10.0,9,Tuesday,55.03
Morning,DSA,61.9,1,Wednesday,63.76
Night,DBMS,13.2,9,Monday,42.65
Evening,Machine Learning,117.2,8,Saturday,44.75
Afternoon,Python,34.4,5,Thursday,57.27
Night,DSA,62.0,6,Tuesday,34.03
Evening,Java,16.7,5,Thursday,58.46
Evening,Python,67.4,4,Friday,58.68
Afternoon,Ai,51.8,10,Tuesday,62.61
Night,Java,14.9,4,Thursday,48.25
Evening,Operating Systems,46.9,10,Monday,57.5
Evening,Java,53.1,8,Wednesday,50.74
Evening,Operating Systems,118.9,8,Thursday,53.9
Afternoon,Machine Learning,32.9,9,Sunday,46.31
Night,DSA,69.9,3,Saturday,48.11
Night,Java,118.6,10,Friday,41.15
Night,Ai,97.1,8,Monday,35.81
Night,DBMS,119.3,3,Sunday,42.36
Morning,DSA,116.5,2,Friday,51.03
Morning,Python,63.8,2,Saturday,63.05
Night,Aptitude,86.6,9,Saturday,49.58
Afternoon,Operating Systems,22.1,4,Wednesday,55.15
Morning,Python,58.5,5,Friday,59.48
Evening,Machine Learning,99.0,2,Saturday,58.1
Morning,Operating Systems,65.6,9,Thursday,56.16
Evening,DBMS,87.3,7,Saturday,47.09
Night,Operating Systems,92.0,3,Saturday,49.15
Morning,Aptitude,37.9,6,Thursday,58.22
Afternoon,Java,106.3,7,Monday,50.8
Morning,Ai,60.6,6,Wednesday,65.07
Morning,Java,33.1,10,Wednesday,54.5
Morning,DSA,105.2,10,Tuesday,56.33
Night,Aptitude,56.0,6,Sunday,39.06
Afternoon,Ai,92.5,8,Tuesday,48.83
Morning,Aptitude,70.3,8,Thursday,56.45
Afternoon,DSA,52.0,5,Saturday,47.86
Night,Operating Systems,99.1,4,Friday,46.8
Evening,Machine Learning,74.3,5,Saturday,50.01
Morning,DSA,53.0,9,Saturday,57.14
Afternoon,DSA,22.1,10,Friday,45.73
Afternoon,Ai,108.5,6,Monday,50.11
Night,DBMS,13.9,3,Wednesday,36.57
Morning,Java,105.0,3,Thursday,64.95
Evening,Operating Systems,49.6,1,Friday,52.2
Afternoon,DSA,80.3,5,Tuesday,46.41
Morning,Machine Learning,111.4,6,Thursday,53.33
Evening,Python,26.7,8,Monday,57.7
Afternoon,Operating Systems,72.4,9,Thursday,47.33
Afternoon,DBMS,94.1,7,Friday,53.15
Evening,Aptitude,93.3,1,Sunday,46.75
Evening,DSA,67.8,7,Monday,54.69
Night,Machine Learning,78.7,10,Saturday,42.13
Morning,Operating Systems,93.3,9,Tuesday,63.98
Morning,Machine Learning,102.5,4,Tuesday,61.33
Night,Machine Learning,93.8,7,Friday,38.47
Afternoon,Java,48.9,9,Monday,50.34
Evening,Ai,119.6,1,Tuesday,54.48
Evening,Aptitude,57.8,10,Monday,49.76
Evening,DBMS,12.7,9,Thursday,54.87
Afternoon,Java,49.9,4,Sunday,40.03
Evening,Operating Systems,24.1,8,Wednesday,56.18
Evening,DSA,23.4,3,Wednesday,60.03
Night,DBMS,41.0,2,Wednesday,49.99
Afternoon,DSA,15.9,8,Tuesday,50.96
Morning,Python,85.7,8,Friday,63.29
Night,Machine Learning,18.1,3,Wednesday,42.43
Night,Python,32.4,8,Saturday,54.8
Morning,Ai,20.2,6,Sunday,55.93
Night,Machine Learning,16.9,10,Friday,36.42
Afternoon,Aptitude,39.5,9,Sunday,50.81
Evening,DBMS,72.9,10,Wednesday,57.31
Afternoon,DSA,116.1,6,Thursday,43.48
Morning,Java,106.3,8,Sunday,55.02
Morning,Ai,106.4,2,Wednesday,60.85
Night,Aptitude,29.4,1,Friday,42.18
Afternoon,DSA,39.1,10,Tuesday,53.59
Afternoon,DBMS,18.4,10,Sunday,43.11
Morning,Operating Systems,95.6,2,Saturday,55.74
Afternoon,Ai,17.7,4,Thursday,47.89
Morning,Python,71.2,10,Friday,64.25
Afternoon,Python,37.3,9,Monday,55.16
Afternoon,Java,36.8,7,Wednesday,52.25
Afternoon,DSA,119.0,9,Thursday,39.77
Morning,DSA,93.2,9,Tuesday,59.82
Night,DSA,102.1,9,Sunday,43.39
Afternoon,Ai,72.9,8,Monday,52.96
Morning,DBMS,105.8,6,Sunday,56.11
Morning,Operating Systems,81.0,10,Wednesday,60.12
Afternoon,Python,114.1,7,Thursday,49.16
Afternoon,Aptitude,40.9,2,Saturday,53.39
Night,Machine Learning,75.5,1,Friday,36.29
Morning,Ai,85.9,5,Sunday,59.26
Morning,Ai,53.2,8,Wednesday,55.02
Evening,DBMS,106.8,3,Thursday,52.6
Morning,Python,117.8,7,Wednesday,61.8
Night,Java,64.3,5,Saturday,32.07
Evening,Operating Systems,53.0,10,Thursday,48.03
Evening,DBMS,61.9,8,Friday,46.99
Evening,Aptitude,103.8,6,Wednesday,57.13
Afternoon,Python,81.0,6,Sunday,54.12
Afternoon,DBMS,14.9,7,Thursday,42.02
Morning,Python,69.6,7,Sunday,58.11
Evening,Python,11.9,4,Monday,58.37
Night,Java,95.6,10,Tuesday,46.35
Afternoon,Ai,46.1,10,Saturday,57.04
Night,Operating Systems,61.9,10,Thursday,45.77
Night,Ai,97.9,8,Sunday,37.36
Afternoon,Machine Learning,15.1,6,Thursday,51.74
Afternoon,Operating Systems,27.4,8,Thursday,57.96
Afternoon,Python,53.8,7,Wednesday,45.49
Afternoon,DBMS,35.3,1,Saturday,49.67
Evening,Aptitude,47.2,4,Tuesday,55.14
Evening,Java,119.8,7,Saturday,47.24
Evening,Operating Systems,100.8,9,Wednesday,51.81
Evening,Machine Learning,107.2,2,Sunday,57.96
Morning,Python,113.1,5,Thursday,65.86
Evening,Aptitude,47.5,9,Saturday,54.13
Afternoon,Operating Systems,42.7,9,Thursday,42.54
Night,Ai,35.7,6,Tuesday,48.37
Evening,Ai,101.3,7,Monday,60.58
Morning,Operating Systems,84.8,9,Wednesday,53.17
Afternoon,Operating Systems,36.0,10,Monday,50.11
Night,Operating Systems,51.5,8,Saturday,47.04
Night,Aptitude,65.7,10,Thursday,49.37
Evening,Ai,68.1,6,Sunday,55.2
Night,DBMS,107.8,6,Sunday,42.22
Evening,Machine Learning,51.9,7,Thursday,58.43
Evening,Machine Learning,109.9,7,Friday,53.81
Afternoon,Java,58.6,2,Friday,52.76
Afternoon,Python,92.1,9,Monday,53.72
Morning,DSA,112.3,4,Friday,53.68
Afternoon,DBMS,109.8,10,Sunday,42.39
Afternoon,Ai,16.3,9,Saturday,39.74
Evening,Python,32.6,10,Tuesday,55.09
Afternoon,Java,62.5,3,Saturday,51.06
Evening,Python,57.5,5,Monday,58.69
Evening,Operating Systems,80.5,5,Saturday,51.84
Afternoon,DSA,113.9,7,Friday,55.79
Morning,Ai,22.4,4,Friday,58.48
Morning,DSA,59.7,4,Tuesday,61.79
Night,DBMS,31.2,1,Saturday,40.3
Night,DSA,108.4,6,Tuesday,36.51
Afternoon,Python,116.1,4,Sunday,45.24
Morning,DSA,62.7,10,Monday,55.1
Evening,DSA,21.4,10,Wednesday,46.89
Night,Machine Learning,96.4,5,Saturday,39.24
Evening,Ai,86.7,9,Sunday,48.29
Night,Ai,49.0,4,Sunday,49.49
Afternoon,Python,107.6,1,Saturday,47.83
Morning,Aptitude,117.3,9,Tuesday,55.81
Night,DSA,71.4,5,Friday,38.56
Morning,DSA,72.2,10,Monday,53.39
Evening,Operating Systems,42.7,7,Wednesday,59.39
Afternoon,Ai,74.3,3,Saturday,51.83
Morning,DSA,58.4,4,Monday,49.01
Afternoon,Ai,43.2,10,Friday,60.82
Morning,DSA,17.4,9,Wednesday,59.38
Evening,Machine Learning,37.8,10,Wednesday,58.11
Evening,Python,31.8,1,Sunday,49.99
Afternoon,Ai,69.6,5,Tuesday,45.08
Evening,DBMS,76.2,8,Thursday,53.76
Night,Python,76.9,10,Friday,48.88
Morning,Operating Systems,52.7,7,Thursday,61.09
Evening,Python,56.3,4,Friday,62.85
Night,DSA,101.8,7,Monday,35.16
Afternoon,Operating Systems,62.4,1,Thursday,54.54
Night,Python,118.7,6,Sunday,46.57
Afternoon,Java,58.4,9,Saturday,48.56
Afternoon,Operating Systems,81.5,3,Sunday,40.26
Morning,Java,15.5,4,Sunday,53.01
Morning,DBMS,81.9,8,Saturday,60.19
Night,Python,103.7,5,Saturday,31.72
Morning,Ai,113.7,5,Wednesday,50.52
Morning,Ai,119.7,1,Tuesday,62.3
Morning,Aptitude,41.0,6,Sunday,59.81
Night,DSA,73.3,2,Friday,40.27
Evening,Java,59.6,1,Tuesday,51.26
Morning,Operating Systems,72.0,6,Friday,64.76
Morning,Aptitude,27.3,5,Saturday,61.43
Night,Aptitude,104.2,5,Wednesday,43.3
Evening,Machine Learning,110.1,9,Wednesday,46.86
Morning,Java,59.5,10,Wednesday,67.38
Afternoon,Operating Systems,40.8,10,Wednesday,43.57
Night,Aptitude,25.5,3,Sunday,45.38
Morning,Machine Learning,85.2,1,Wednesday,64.0
Morning,Aptitude,44.3,8,Saturday,56.97
Afternoon,DSA,110.0,5,Tuesday,46.06
Afternoon,DBMS,83.8,5,Monday,41.93
Night,Java,81.0,8,Thursday,45.31
Night,Machine Learning,71.5,8,Tuesday,35.69
Afternoon,DBMS,15.0,2,Saturday,48.53
Night,Operating Systems,112.5,3,Thursday,34.87
Afternoon,DSA,79.1,10,Monday,40.62
Morning,Machine Learning,119.3,10,Friday,58.66
Afternoon,Operating Systems,69.1,1,Sunday,51.2
Afternoon,Aptitude,88.1,3,Monday,48.58
Evening,Ai,16.2,4,Monday,60.25
Afternoon,Python,79.5,7,Saturday,46.2
Afternoon,Operating Systems,94.1,9,Sunday,57.89
Evening,DBMS,95.6,5,Friday,48.35
Night,DSA,94.7,1,Thursday,40.44
Evening,DSA,34.9,2,Sunday,57.76
Morning,Operating Systems,117.3,10,Wednesday,58.71
Evening,Aptitude,119.5,2,Friday,59.75
Morning,Python,18.3,9,Friday,55.39
Night,Java,113.0,10,Monday,40.24
Evening,DBMS,41.8,7,Friday,57.99
Evening,Operating Systems,85.8,2,Sunday,44.81
Night,Operating Systems,47.2,1,Tuesday,38.93
Morning,Ai,116.5,5,Sunday,56.44
Evening,DSA,21.2,1,Wednesday,60.59
Morning,DBMS,64.8,9,Sunday,58.84
Evening,Python,57.1,3,Monday,55.96
Afternoon,DSA,45.9,2,Thursday,49.82
Evening,Operating Systems,81.0,6,Thursday,46.3
Night,DSA,24.4,3,Thursday,41.1
Night,DSA,88.8,5,Thursday,46.2
Morning,Machine Learning,117.9,10,Thursday,59.19
Evening,DSA,98.5,8,Monday,57.06
Morning,Aptitude,104.6,10,Tuesday,63.51
Morning,DSA,49.6,2,Tuesday,60.13
Afternoon,Java,45.7,5,Thursday,37.43
Afternoon,Aptitude,66.9,8,Tuesday,51.68
Night,DBMS,15.0,1,Wednesday,42.57
Morning,DSA,114.0,10,Tuesday,57.07
Night,Python,25.8,10,Sunday,42.14
Evening,Aptitude,109.3,4,Friday,56.46
Morning,Aptitude,19.2,5,Thursday,52.65
Morning,Operating Systems,100.5,10,Sunday,48.42
Evening,DBMS,26.7,3,Friday,48.81
Evening,DSA,14.2,2,Friday,58.6
Night,Ai,89.1,3,Thursday,42.81
Night,Python,40.8,5,Saturday,46.53
Evening,Operating Systems,88.6,7,Monday,57.4
Night,DBMS,71.1,2,Saturday,43.98
Evening,Java,22.0,7,Tuesday,57.63
Morning,Aptitude,112.5,6,Saturday,54.39
Morning,Python,59.8,7,Wednesday,65.34
Afternoon,Java,90.8,7,Saturday,48.91
Morning,DSA,65.1,9,Saturday,48.07
Evening,Ai,76.5,7,Monday,55.3
Night,Machine Learning,43.3,6,Wednesday,42.25
Afternoon,Machine Learning,32.0,10,Saturday,47.31
Night,DBMS,69.7,8,Thursday,45.13
Evening,Ai,58.4,7,Tuesday,53.8
Morning,Python,52.9,6,Saturday,66.78
Afternoon,Operating Systems,84.0,4,Monday,53.04
Evening,Python,86.0,7,Thursday,57.2
Afternoon,Ai,15.1,8,Monday,44.41
Afternoon,Java,47.3,8,Friday,50.6
Morning,Aptitude,55.3,4,Saturday,52.73
Evening,Machine Learning,20.7,10,Tuesday,44.74
Night,DBMS,35.9,9,Tuesday,42.97
Afternoon,DSA,15.7,3,Thursday,47.28
Afternoon,Python,119.6,9,Thursday,57.15
Night,Machine Learning,91.0,3,Thursday,47.87
Evening,Operating Systems,19.6,7,Tuesday,58.35
Afternoon,DBMS,12.2,4,Saturday,46.56
Afternoon,DSA,89.1,5,Friday,48.63
Afternoon,Python,58.3,3,Tuesday,54.78
Evening,Operating Systems,96.5,2,Thursday,58.22
Evening,DSA,111.6,8,Wednesday,55.78
Night,Aptitude,75.9,7,Saturday,44.54
Evening,Machine Learning,30.6,7,Friday,52.66
Evening,Aptitude,96.0,8,Tuesday,53.59
Morning,Machine Learning,115.1,1,Wednesday,46.9
Night,Operating Systems,73.8,8,Saturday,40.3
Afternoon,Java,85.0,10,Sunday,43.39
Evening,Aptitude,47.1,5,Sunday,52.49
Afternoon,Machine Learning,52.0,8,Friday,44.62
Afternoon,DBMS,90.8,9,Sunday,47.69
Morning,Operating Systems,112.1,2,Tuesday,50.68
Evening,Machine Learning,79.2,3,Sunday,45.18
Night,Python,96.9,6,Saturday,40.42
Evening,Machine Learning,28.9,9,Saturday,44.75
Afternoon,Aptitude,33.3,10,Thursday,65.59
Night,DBMS,68.5,10,Tuesday,34.85
Evening,DSA,29.4,8,Saturday,54.38
Afternoon,Java,79.8,6,Friday,54.98
Afternoon,DSA,42.1,5,Thursday,46.79
Morning,Machine Learning,97.1,3,Saturday,56.66
Morning,DSA,98.9,4,Monday,62.05
Morning,Machine Learning,61.0,7,Wednesday,58.68
Afternoon,DBMS,29.9,7,Saturday,38.17
Evening,DSA,81.1,3,Sunday,53.04
Morning,Aptitude,119.2,4,Thursday,64.86
Evening,Aptitude,78.5,3,Thursday,65.32
Morning,Python,13.9,2,Friday,55.11
Night,Machine Learning,11.9,6,Saturday,39.14
Night,DSA,45.2,7,Saturday,40.86
Morning,Aptitude,31.5,4,Friday,59.5
Afternoon,Ai,99.4,5,Wednesday,41.63
Morning,DBMS,102.9,8,Friday,65.51
Morning,Java,38.4,9,Thursday,64.98
Afternoon,DBMS,45.8,7,Wednesday,51.88
Night,Ai,36.0,10,Sunday,39.87
Evening,Ai,109.9,1,Wednesday,53.92
Morning,Python,65.3,3,Tuesday,60.57
Afternoon,DBMS,82.2,5,Thursday,43.05
Morning,DBMS,55.7,3,Thursday,63.5
Afternoon,DSA,79.4,1,Friday,49.12
Evening,Machine Learning,52.4,2,Thursday,56.43
Evening,Operating Systems,47.4,8,Saturday,53.29
Night,Java,79.8,7,Friday,39.97
Afternoon,DBMS,75.0,10,Sunday,42.37
Afternoon,Java,42.3,3,Thursday,56.57
Night,Java,26.4,4,Saturday,44.8
Night,Java,50.5,3,Tuesday,43.1
Afternoon,DBMS,55.7,4,Thursday,52.8
Night,Operating Systems,79.2,8,Tuesday,40.64
Evening,DBMS,110.6,9,Sunday,57.43
Morning,DSA,14.0,7,Thursday,52.21
Evening,DSA,36.8,9,Thursday,54.98
Night,Operating Systems,31.3,9,Monday,44.32
Afternoon,Aptitude,65.3,7,Sunday,47.07
Afternoon,DBMS,57.3,7,Saturday,50.26
Evening,Aptitude,90.2,8,Thursday,60.01
Afternoon,Java,36.7,10,Tuesday,47.94
Night,DBMS,75.4,3,Wednesday,35.04
Evening,Machine Learning,107.2,8,Tuesday,44.42
Afternoon,DBMS,110.2,1,Saturday,45.09
Morning,DSA,115.5,6,Thursday,59.17
Morning,Python,95.1,2,Friday,63.88
Night,Ai,109.7,7,Monday,45.96
Afternoon,Python,35.8,3,Friday,56.45
Night,Python,31.7,10,Monday,56.01
Evening,Python,10.7,5,Monday,57.48
Morning,Ai,87.8,10,Friday,61.8
Evening,Aptitude,113.1,2,Saturday,48.17
Afternoon,Ai,30.6,1,Thursday,50.27
Night,Aptitude,80.1,5,Tuesday,46.03
Night,Ai,92.1,9,Friday,45.77
Night,Ai,112.0,9,Wednesday,41.25
Evening,DBMS,81.2,7,Monday,55.82
Morning,Aptitude,116.7,9,Tuesday,60.46
Evening,DBMS,47.9,4,Sunday,53.58
Evening,Machine Learning,48.5,3,Sunday,48.0
Afternoon,DBMS,69.7,4,Wednesday,50.05
Afternoon,Python,52.2,7,Tuesday,62.89
Afternoon,Operating Systems,10.2,8,Thursday,50.27
Morning,Operating Systems,90.5,2,Wednesday,65.35
Morning,DSA,92.7,5,Saturday,63.13
Afternoon,DSA,92.2,5,Saturday,38.74
Afternoon,Java,48.0,9,Friday,49.0
Morning,DBMS,67.5,3,Tuesday,59.23
Night,Ai,49.6,6,Sunday,52.07
Morning,Ai,11.8,10,Saturday,66.41
Morning,Operating Systems,71.9,5,Saturday,49.73
Morning,Python,23.6,2,Friday,56.97
Afternoon,Aptitude,18.8,2,Friday,56.13
Night,Python,93.1,4,Saturday,41.39
Morning,Java,11.0,4,Tuesday,63.24
Afternoon,Python,115.5,7,Tuesday,50.91
Evening,DBMS,66.7,1,Monday,49.64
Evening,DBMS,118.1,6,Monday,61.52
Morning,Machine Learning,16.4,9,Wednesday,54.36
Evening,Java,74.2,2,Sunday,51.35
Night,Python,48.4,5,Wednesday,41.33
Evening,Ai,102.8,10,Wednesday,49.45
Evening,Ai,49.7,10,Monday,55.3
Night,Java,38.7,4,Friday,40.24
Morning,Python,104.3,4,Saturday,66.54
Morning,DBMS,51.2,8,Thursday,63.44
Night,DBMS,11.9,6,Thursday,48.97
Night,Machine Learning,52.9,7,Sunday,38.54
Night,Machine Learning,82.0,9,Saturday,38.67
Evening,DSA,38.0,3,Tuesday,56.22
Night,Java,57.5,2,Monday,31.48
Afternoon,Operating Systems,16.2,3,Tuesday,47.72
Evening,Python,74.7,8,Thursday,47.9
Morning,Java,93.2,9,Tuesday,61.14
Morning,Ai,55.5,10,Monday,54.22
Morning,Python,56.2,5,Monday,61.4
Evening,Machine Learning,19.7,8,Monday,48.56
Afternoon,Machine Learning,32.2,7,Thursday,55.14
Night,DSA,27.0,9,Monday,55.31
Night,Operating Systems,63.0,4,Wednesday,49.58
Morning,DSA,68.2,10,Wednesday,63.86
Morning,Ai,114.4,3,Sunday,56.79
Evening,Operating Systems,18.1,9,Saturday,48.86
Afternoon,Aptitude,76.0,8,Sunday,37.36
Night,Python,67.9,7,Monday,47.91
Evening,DSA,66.8,1,Wednesday,52.49
Night,Machine Learning,106.0,2,Monday,44.12
Morning,DSA,32.6,9,Thursday,55.45
Night,Aptitude,14.5,5,Wednesday,37.54
Afternoon,DSA,83.9,1,Thursday,43.21
Afternoon,Python,48.0,9,Wednesday,59.66
Morning,Aptitude,11.9,1,Friday,69.68
Afternoon,Java,37.7,8,Friday,42.14
Afternoon,Java,44.0,5,Saturday,43.65
Evening,Java,77.9,6,Saturday,43.27
Night,Machine Learning,29.0,1,Saturday,40.31
Morning,Machine Learning,55.4,2,Sunday,55.44
Morning,Java,63.1,7,Thursday,59.42
Morning,Java,60.5,2,Wednesday,57.48
Morning,Java,117.1,5,Friday,61.23
Morning,DBMS,15.0,9,Monday,63.26
Afternoon,Java,114.6,5,Tuesday,53.47
Evening,Aptitude,74.0,3,Friday,61.1
Morning,DBMS,97.5,6,Sunday,55.25
Evening,DBMS,57.3,7,Friday,52.07
Evening,Python,59.9,10,Monday,61.76
Afternoon,DSA,106.7,10,Friday,46.19
Morning,Machine Learning,108.6,8,Friday,56.93
Afternoon,Machine Learning,36.3,3,Friday,45.26
Morning,DSA,31.9,4,Saturday,64.49
Afternoon,Machine Learning,64.6,10,Saturday,47.92
Evening,DSA,109.0,4,Wednesday,48.33
Morning,Aptitude,45.5,2,Saturday,56.99
Night,Python,81.7,7,Friday,49.03
Evening,Java,87.9,4,Tuesday,49.39
Night,Python,95.7,4,Sunday,45.77
Evening,Ai,72.0,8,Saturday,51.25
Afternoon,Python,54.3,6,Wednesday,45.87
Morning,DSA,116.4,6,Sunday,49.27
Evening,Ai,77.2,9,Wednesday,61.84
Afternoon,DSA,90.1,4,Thursday,44.81
Morning,Java,47.9,9,Friday,65.04
Morning,Operating Systems,83.7,1,Sunday,60.28
Evening,Ai,38.4,9,Tuesday,51.88
Morning,Java,37.0,1,Tuesday,62.49
Evening,Java,88.6,7,Thursday,56.64
Morning,Machine Learning,67.4,6,Tuesday,62.53
Night,Machine Learning,85.2,7,Sunday,40.87
Afternoon,Operating Systems,39.6,9,Wednesday,48.34
Night,Operating Systems,75.9,10,Monday,51.62
Evening,Python,58.8,4,Wednesday,60.65
Night,Java,75.7,9,Saturday,38.78
Evening,Operating Systems,42.0,3,Monday,54.12
Morning,DSA,88.7,10,Tuesday,65.5
Morning,Java,98.7,9,Friday,67.49
Evening,DBMS,38.6,1,Sunday,51.11
Night,DSA,43.1,5,Monday,46.44
Morning,Ai,82.7,10,Wednesday,61.8
Afternoon,Operating Systems,86.5,5,Wednesday,44.5
Morning,Machine Learning,87.5,1,Saturday,57.55
Afternoon,DSA,85.1,1,Wednesday,38.24
Night,Machine Learning,53.2,3,Sunday,44.55
Afternoon,DSA,53.4,9,Sunday,48.6
Afternoon,Machine Learning,38.0,7,Saturday,29.87
Afternoon,Aptitude,27.3,6,Wednesday,45.18
Afternoon,DSA,86.2,9,Thursday,40.19
Morning,Ai,20.3,4,Tuesday,54.87
Afternoon,Machine Learning,113.2,4,Friday,48.67
Morning,DBMS,100.9,3,Saturday,65.71
Afternoon,Ai,104.3,5,Thursday,52.58
Evening,Python,109.7,5,Tuesday,55.1
Night,DSA,54.9,10,Sunday,44.59
Afternoon,DBMS,103.1,7,Saturday,50.1
Evening,Python,27.4,7,Monday,64.23
Afternoon,DSA,12.4,6,Thursday,53.19
Afternoon,DBMS,96.3,4,Saturday,47.03
Afternoon,DBMS,18.2,7,Sunday,39.47
Evening,Ai,118.7,2,Thursday,61.75
Night,Aptitude,84.2,9,Thursday,44.38
Evening,DBMS,92.9,7,Thursday,50.56
Night,Aptitude,37.0,2,Monday,35.08
Afternoon,Operating Systems,84.1,10,Wednesday,44.25
Morning,Ai,14.8,2,Sunday,59.01
Afternoon,Java,102.2,6,Thursday,48.05
Night,Machine Learning,28.7,7,Tuesday,47.96
Evening,Ai,86.7,9,Wednesday,63.1
Afternoon,Python,34.7,4,Monday,41.33
Evening,Machine Learning,17.5,8,Friday,47.91
Evening,Machine Learning,63.0,10,Monday,53.69
Evening,Java,28.6,2,Friday,62.4
Afternoon,Aptitude,90.2,6,Tuesday,45.81
Evening,Java,36.1,4,Friday,56.13
Evening,Java,47.7,8,Saturday,46.55
Afternoon,Machine Learning,72.4,9,Thursday,47.58
Evening,DBMS,41.3,2,Wednesday,55.69
Afternoon,Aptitude,51.6,7,Sunday,45.38
Night,Machine Learning,99.7,7,Saturday,48.19
Night,Aptitude,29.7,8,Wednesday,50.95
Night,Operating Systems,19.0,5,Thursday,43.4
Evening,Aptitude,46.1,3,Wednesday,53.7
Morning,DSA,56.7,1,Monday,62.99
Morning,DBMS,69.7,4,Thursday,60.24
Evening,Python,51.0,3,Thursday,57.06
Morning,DSA,96.9,2,Wednesday,55.56
Afternoon,DSA,14.3,6,Sunday,48.99
Morning,Java,57.5,7,Saturday,53.8
Evening,Java,52.0,10,Friday,51.8
Evening,DSA,81.2,7,Sunday,52.45
Afternoon,Machine Learning,116.3,8,Sunday,45.7
Night,Aptitude,66.1,2,Tuesday,45.17
Evening,Aptitude,118.6,10,Sunday,42.93
Afternoon,Ai,43.2,6,Friday,51.19
Morning,Machine Learning,13.4,6,Monday,47.96
Morning,DBMS,28.2,10,Thursday,65.11
Afternoon,Machine Learning,53.5,1,Thursday,45.23
Afternoon,Machine Learning,44.8,2,Monday,48.79
Evening,Machine Learning,20.7,9,Tuesday,50.1
Morning,DBMS,57.6,8,Thursday,61.54
Afternoon,Ai,47.2,4,Friday,43.97
Morning,DBMS,23.5,6,Monday,69.26
Afternoon,Operating Systems,42.6,2,Thursday,46.57
Morning,Ai,107.5,5,Friday,64.38
Night,Operating Systems,43.2,2,Monday,39.43
Evening,Operating Systems,88.5,5,Monday,53.04
Morning,Operating Systems,77.3,7,Monday,56.25
Night,Aptitude,57.0,7,Tuesday,42.01
Morning,DSA,36.3,9,Monday,61.12
Morning,DSA,50.6,3,Sunday,58.34
Night,Operating Systems,75.1,4,Saturday,44.04
Morning,Operating Systems,48.6,9,Wednesday,55.64
Morning,Python,33.6,8,Wednesday,62.65
Evening,Java,22.8,7,Monday,50.77
Night,DSA,106.8,8,Thursday,51.33
Night,Java,58.4,9,Sunday,37.37
Afternoon,Java,78.8,4,Sunday,44.64
Morning,Python,63.9,5,Wednesday,62.29
Evening,Java,106.0,9,Friday,49.89
Morning,Ai,70.2,7,Friday,63.17
Morning,Python,62.9,4,Thursday,67.57
Afternoon,Java,111.7,6,Friday,45.58
Morning,Java,89.2,1,Saturday,53.61
Evening,Machine Learning,22.3,1,Thursday,58.97
Evening,Java,29.5,9,Friday,55.72
Afternoon,Aptitude,96.6,8,Monday,48.9
Morning,Ai,101.9,1,Sunday,53.19
Evening,DBMS,70.0,2,Friday,53.15
Morning,DSA,71.0,4,Sunday,55.27
Morning,Operating Systems,79.5,1,Monday,63.2
Morning,Java,58.3,2,Friday,59.99
Afternoon,Ai,84.8,5,Friday,45.45
Morning,Operating Systems,21.9,8,Friday,57.39
Evening,DBMS,115.7,6,Monday,49.41
Morning,Ai,92.5,6,Friday,59.34
Evening,DSA,79.4,4,Friday,65.27
Morning,Ai,44.8,2,Sunday,69.39
Evening,Operating Systems,27.7,3,Saturday,53.64
Evening,Operating Systems,55.0,6,Tuesday,46.74
Morning,Machine Learning,82.8,6,Monday,62.63
Morning,Java,79.7,5,Saturday,60.34
Evening,Python,52.1,6,Wednesday,70.44
Night,Ai,77.5,6,Sunday,42.37
Afternoon,Operating Systems,99.5,1,Thursday,47.87
Night,Aptitude,12.9,6,Sunday,37.01
Night,DSA,59.6,5,Tuesday,48.11
Morning,Aptitude,93.4,8,Saturday,56.06
Afternoon,DBMS,70.1,9,Saturday,45.72
Night,Ai,81.7,6,Friday,42.48
Morning,Machine Learning,66.8,10,Wednesday,69.0
Night,DSA,119.1,4,Wednesday,41.94
Night,Machine Learning,16.0,3,Friday,46.5
Morning,Python,64.0,10,Saturday,61.31
Morning,Operating Systems,20.1,1,Sunday,45.88
Morning,Java,27.6,7,Saturday,68.07
Afternoon,DSA,52.1,5,Friday,39.74
Night,DBMS,27.1,4,Tuesday,40.49
Morning,Java,116.0,9,Monday,57.46
Evening,Ai,114.1,7,Tuesday,51.37
Night,Python,47.0,10,Monday,45.85
Evening,Python,80.4,8,Wednesday,53.14
Afternoon,Machine Learning,68.7,4,Thursday,54.78
Morning,Python,99.7,10,Friday,64.95
Evening,DSA,79.0,10,Tuesday,50.9
Afternoon,Machine Learning,10.0,8,Wednesday,43.82
Morning,Java,93.9,4,Tuesday,57.18
Evening,Python,92.2,1,Saturday,49.47
Evening,Ai,66.1,8,Monday,49.01
Afternoon,Java,109.3,1,Friday,54.68
Morning,DBMS,109.9,3,Saturday,55.05
Morning,Ai,67.6,7,Monday,61.98
Evening,Aptitude,76.9,3,Saturday,52.33
Evening,DSA,119.6,8,Monday,61.25
Evening,DBMS,42.9,5,Monday,59.48
Morning,DBMS,45.7,3,Saturday,58.81
Afternoon,Machine Learning,30.1,5,Wednesday,59.48
Afternoon,Operating Systems,108.5,5,Friday,46.47
Morning,Machine Learning,91.9,8,Thursday,57.06
Night,DSA,21.6,9,Tuesday,47.27
Afternoon,DSA,118.0,6,Sunday,50.22
Evening,Machine Learning,90.4,10,Monday,48.61
Night,Operating Systems,103.6,3,Friday,44.83
Night,Ai,15.3,2,Tuesday,45.11
Afternoon,Machine Learning,65.5,3,Friday,59.65
Night,DSA,86.8,9,Saturday,44.31
Night,Operating Systems,69.7,7,Tuesday,50.4
Afternoon,DSA,83.3,9,Friday,47.06
Afternoon,Operating Systems,100.0,6,Thursday,46.25
Night,Operating Systems,51.2,8,Sunday,39.88
Evening,Java,103.4,10,Friday,57.74
Morning,Machine Learning,27.9,9,Sunday,62.38
Night,Machine Learning,39.8,3,Friday,35.89
Night,Machine Learning,14.8,7,Sunday,49.9
Evening,Operating Systems,50.1,9,Monday,59.43
Night,Operating Systems,51.8,2,Sunday,47.01
Night,DSA,98.6,7,Sunday,45.67
Morning,DBMS,81.8,5,Monday,57.97
Morning,Machine Learning,58.0,8,Monday,57.36
Morning,Java,81.7,4,Saturday,60.4
Afternoon,Aptitude,15.8,1,Sunday,45.75
Afternoon,DSA,29.8,10,Friday,50.17
Morning,DSA,79.0,8,Thursday,55.68
Morning,Python,80.6,6,Tuesday,65.86
Afternoon,Machine Learning,95.2,8,Monday,47.3
Evening,Ai,54.3,3,Wednesday,52.98
Night,DSA,89.5,8,Friday,39.87
Night,Python,85.2,8,Thursday,43.67
Morning,Aptitude,116.0,1,Thursday,53.4
Evening,Java,33.7,4,Monday,57.12
Afternoon,Aptitude,70.7,7,Saturday,44.01
Morning,Ai,76.2,1,Monday,59.79
Evening,Machine Learning,119.9,3,Saturday,56.08
Evening,Operating Systems,32.1,3,Wednesday,54.4
Evening,Python,67.6,6,Wednesday,56.21
Afternoon,Operating Systems,48.1,5,Monday,49.75
Afternoon,Aptitude,67.8,7,Tuesday,51.46
Night,Aptitude,35.5,3,Sunday,39.66
Night,DBMS,15.2,1,Monday,49.26
Evening,DBMS,73.0,3,Monday,55.65
Evening,Java,46.9,8,Thursday,52.29
Afternoon,Ai,30.0,5,Monday,48.28
Night,DBMS,45.6,3,Monday,50.71
Evening,DBMS,15.4,8,Monday,51.71
Night,Ai,114.5,6,Tuesday,47.1
Night,DSA,73.9,3,Thursday,46.39
Evening,DBMS,99.6,5,Friday,49.62
Afternoon,DSA,56.5,1,Friday,41.77
Evening,DSA,109.4,6,Friday,52.39
Evening,Machine Learning,63.2,9,Friday,57.03
Night,DSA,73.1,7,Thursday,36.65
Evening,DSA,64.1,8,Monday,49.64
Afternoon,DBMS,90.7,6,Friday,53.36
Evening,DSA,72.3,5,Monday,48.66
Afternoon,Operating Systems,39.9,6,Sunday,52.11
Afternoon,Ai,26.0,7,Sunday,60.25
Night,DBMS,76.7,9,Friday,40.92
Morning,Ai,63.8,8,Tuesday,67.36
Morning,Python,20.6,5,Monday,63.64
Night,DBMS,53.5,7,Thursday,41.04
Evening,DSA,66.6,8,Saturday,58.96
Night,Operating Systems,101.0,1,Tuesday,47.03
Afternoon,Ai,18.4,8,Saturday,52.95
Morning,DBMS,48.3,7,Tuesday,71.73
Night,Operating Systems,100.5,2,Thursday,44.46
Evening,Ai,81.3,2,Tuesday,57.76
Night,Python,41.9,6,Sunday,38.42
Morning,Aptitude,103.0,3,Monday,57.67
Night,Java,64.3,1,Wednesday,44.59
Night,Java,64.8,8,Wednesday,46.06
Morning,Python,117.4,7,Friday,51.36
Afternoon,Aptitude,114.2,4,Sunday,54.74
Afternoon,Machine Learning,49.4,1,Friday,51.17
Morning,Aptitude,25.5,2,Monday,62.58
Night,Machine Learning,45.8,9,Thursday,53.24
Morning,DBMS,13.4,4,Monday,68.11
Afternoon,Machine Learning,12.3,3,Friday,47.24
Evening,Java,53.5,8,Tuesday,52.15
Night,Java,113.5,4,Saturday,45.11
Afternoon,Operating Systems,105.8,7,Sunday,54.76
Night,Machine Learning,66.3,5,Monday,42.26
Morning,Operating Systems,72.2,5,Monday,64.45
Evening,Java,10.7,6,Thursday,63.53
Morning,Ai,33.7,4,Friday,64.94
Evening,Ai,12.7,2,Monday,47.03
Night,Aptitude,93.0,6,Tuesday,39.03
Night,Aptitude,26.0,5,Saturday,51.92
Morning,Aptitude,105.6,3,Tuesday,60.55
Evening,Machine Learning,80.8,4,Wednesday,54.65
Evening,Aptitude,35.2,3,Friday,57.84
Night,Machine Learning,27.3,3,Tuesday,50.16
Morning,Machine Learning,79.0,4,Thursday,54.09
Evening,DSA,109.1,2,Saturday,48.94
Night,DSA,89.0,4,Friday,38.97
Afternoon,Machine Learning,48.3,10,Tuesday,37.68
Morning,Ai,74.6,2,Monday,62.05
Afternoon,Operating Systems,44.2,10,Friday,45.67
Morning,Java,119.9,8,Tuesday,64.81
Night,Java,92.4,10,Sunday,38.97
Evening,DBMS,77.6,5,Monday,48.27
Evening,Python,56.6,7,Wednesday,62.27
Evening,DSA,78.0,4,Saturday,53.61
Morning,Machine Learning,47.6,10,Friday,57.17
Night,Python,13.2,6,Friday,46.45
Afternoon,DSA,53.5,10,Tuesday,52.0
Night,DBMS,112.4,4,Wednesday,53.51
Afternoon,Java,78.9,6,Thursday,52.01
Morning,Operating Systems,19.2,1,Tuesday,62.35
Morning,Machine Learning,107.3,6,Tuesday,55.71
Afternoon,DBMS,39.6,6,Thursday,48.82
Afternoon,Java,36.8,2,Thursday,33.43
Afternoon,Ai,42.7,10,Thursday,45.28
Night,DSA,73.5,10,Saturday,35.67
Afternoon,Machine Learning,69.9,9,Thursday,42.54
Morning,Python,64.1,6,Sunday,57.09
Morning,Ai,88.9,7,Thursday,58.62
Evening,Java,44.8,2,Monday,49.67
Afternoon,Ai,96.0,2,Monday,56.29
Night,Aptitude,29.3,2,Thursday,47.99
Night,Operating Systems,96.1,10,Saturday,43.03
Night,Java,83.0,9,Saturday,45.23
Evening,Ai,85.2,3,Wednesday,46.4
Morning,DSA,63.0,4,Saturday,47.26
Night,Operating Systems,83.4,1,Sunday,48.09
Morning,Machine Learning,18.8,1,Sunday,66.91
Evening,Aptitude,103.7,4,Wednesday,55.27
Afternoon,Java,16.1,2,Thursday,61.25
Afternoon,DBMS,26.4,8,Saturday,47.01
Afternoon,Operating Systems,73.4,4,Monday,46.46
Night,Python,91.3,3,Wednesday,51.9
Afternoon,DSA,18.4,3,Monday,38.25
Night,Java,111.3,6,Sunday,39.06
Evening,Python,117.1,6,Tuesday,52.86
Evening,Operating Systems,76.7,6,Sunday,46.0
Night,Java,62.9,6,Sunday,39.51
Morning,Aptitude,91.6,8,Monday,61.45
Afternoon,DBMS,46.1,8,Thursday,56.56
Afternoon,DBMS,64.3,9,Saturday,52.21
Afternoon,Python,110.8,1,Sunday,41.03
Night,Machine Learning,115.1,10,Saturday,51.45
Evening,Machine Learning,112.0,8,Friday,59.23
Afternoon,Aptitude,38.9,5,Thursday,50.2
Evening,DBMS,35.6,3,Tuesday,61.73
Afternoon,Python,42.7,10,Saturday,44.39
Afternoon,Python,58.5,3,Monday,56.22
Night,Java,44.6,6,Wednesday,35.33
Morning,Java,51.2,8,Sunday,55.46
Night,Python,78.3,10,Thursday,53.82
Afternoon,Java,93.9,2,Saturday,44.71
Afternoon,Operating Systems,90.9,9,Wednesday,47.93
Morning,Java,99.6,5,Monday,56.98
Evening,Aptitude,13.5,5,Saturday,51.01
Evening,Machine Learning,15.3,1,Tuesday,47.94
Afternoon,Machine Learning,96.8,6,Sunday,52.91
Evening,Operating Systems,68.6,5,Sunday,46.0
Afternoon,DSA,73.6,7,Thursday,50.62
Morning,Operating Systems,15.8,7,Wednesday,64.23
Morning,Aptitude,38.1,4,Saturday,53.32
Afternoon,Python,80.2,5,Sunday,41.72
Morning,Operating Systems,104.5,10,Thursday,57.11
Night,Python,110.9,8,Saturday,42.02
Night,Aptitude,65.0,2,Thursday,49.59
Morning,Ai,70.0,1,Wednesday,59.26
Afternoon,Aptitude,101.6,6,Tuesday,50.01
Afternoon,DBMS,69.1,4,Thursday,42.97
Morning,Python,66.9,10,Tuesday,61.03
Evening,Machine Learning,109.6,3,Tuesday,60.18
Night,Operating Systems,96.9,7,Sunday,47.48
Evening,Ai,110.0,8,Sunday,49.48
Afternoon,Aptitude,34.0,4,Monday,54.15
Afternoon,Python,67.7,10,Saturday,48.3
Evening,Ai,102.7,6,Wednesday,57.52
Morning,DSA,22.2,2,Monday,57.53
Evening,DBMS,97.4,8,Friday,50.17
Evening,DSA,30.1,6,Sunday,45.91
Night,Aptitude,98.9,9,Saturday,44.63
Night,DSA,77.3,6,Monday,30.77
Evening,DSA,31.3,6,Thursday,59.32
Evening,DBMS,62.1,2,Thursday,53.8
Afternoon,DBMS,85.0,5,Thursday,46.79
Night,Java,79.7,9,Friday,49.99
Night,DBMS,57.0,1,Tuesday,31.17
Afternoon,Ai,108.9,4,Sunday,49.31
Morning,Java,67.1,10,Thursday,68.2
Night,DBMS,65.6,10,Saturday,35.14
Night,DSA,16.8,3,Saturday,38.73
Morning,Machine Learning,111.4,1,Sunday,57.26
Night,Machine Learning,29.5,1,Monday,35.15
Night,Java,68.1,1,Tuesday,46.23
Morning,DBMS,98.4,1,Monday,73.44
Morning,Ai,33.7,2,Monday,61.64
Evening,Operating Systems,68.0,5,Thursday,56.47
Afternoon,Python,36.5,2,Monday,45.98
Afternoon,Aptitude,93.6,4,Sunday,53.65
Morning,Ai,72.1,9,Friday,46.37
Morning,Operating Systems,104.2,3,Saturday,56.82
Night,Aptitude,108.4,2,Saturday,46.58
Evening,Operating Systems,81.4,4,Saturday,39.5
Evening,Operating Systems,89.8,9,Sunday,41.93
Morning,Java,70.4,4,Tuesday,52.61
Night,Machine Learning,52.3,5,Thursday,49.86
Night,Python,81.3,4,Thursday,43.82
Afternoon,Operating Systems,109.9,8,Sunday,51.48
Afternoon,DBMS,55.8,4,Monday,53.68
Night,Aptitude,44.6,2,Monday,36.7
Afternoon,Ai,52.7,4,Wednesday,48.05
Morning,Machine Learning,57.9,2,Wednesday,56.86
Night,Aptitude,18.1,9,Thursday,47.56
Afternoon,Java,64.8,8,Sunday,48.14
Evening,DBMS,64.4,9,Thursday,54.67
Night,DBMS,74.7,4,Monday,50.82
Night,Operating Systems,49.9,1,Sunday,47.75
Evening,DBMS,77.4,3,Friday,47.76
Morning,Python,106.6,7,Friday,59.76
Evening,Java,115.1,1,Saturday,52.16
Night,DBMS,74.2,8,Monday,45.42
Morning,Operating Systems,14.7,9,Sunday,59.75
Afternoon,Aptitude,116.6,8,Wednesday,51.87
Afternoon,Java,87.6,5,Wednesday,52.98
Afternoon,DBMS,47.0,9,Friday,53.57
Night,Machine Learning,26.2,4,Thursday,41.59
Evening,Java,25.8,9,Monday,53.31
Morning,Java,28.5,1,Saturday,63.97
Afternoon,Ai,15.0,3,Saturday,44.52
Morning,Machine Learning,109.2,4,Thursday,61.7
Night,Machine Learning,69.5,10,Wednesday,39.22
Afternoon,Aptitude,87.0,1,Friday,51.67
Night,DSA,101.1,6,Thursday,46.04
Evening,Ai,97.1,4,Wednesday,58.24
Night,Machine Learning,107.1,4,Wednesday,50.95
Night,Machine Learning,116.4,1,Sunday,35.0
Evening,DSA,58.3,5,Saturday,51.75
Morning,Aptitude,114.5,9,Wednesday,63.31
Evening,Ai,89.6,6,Thursday,58.33
Evening,Machine Learning,17.8,8,Tuesday,51.45
Night,Operating Systems,85.0,4,Friday,46.92
Morning,Aptitude,85.5,9,Wednesday,59.91
Afternoon,Ai,109.6,7,Thursday,53.7
Evening,Machine Learning,51.0,7,Saturday,49.61
Morning,Machine Learning,74.3,8,Monday,57.68
Evening,DSA,11.3,2,Saturday,52.36
Evening,Ai,46.5,6,Sunday,49.5
Evening,Operating Systems,16.8,7,Friday,51.2
Evening,Aptitude,67.4,3,Monday,48.37
Night,DBMS,99.9,8,Monday,44.33
Morning,Python,32.7,1,Saturday,55.33
Morning,Operating Systems,68.0,1,Thursday,58.52
Morning,DBMS,32.4,10,Saturday,63.19
Evening,Operating Systems,23.3,3,Tuesday,53.68
Night,Ai,66.2,6,Thursday,51.29
Evening,DBMS,18.7,7,Thursday,56.93
Evening,Ai,74.6,2,Friday,53.59
Morning,DBMS,13.4,6,Sunday,51.9
Evening,Operating Systems,21.7,5,Sunday,51.43
Afternoon,DSA,70.5,6,Thursday,46.99
Evening,Operating Systems,75.1,1,Friday,60.92
Afternoon,Ai,13.2,10,Wednesday,59.84
Evening,Operating Systems,73.1,7,Friday,60.16
Night,Java,102.2,8,Sunday,38.3
Night,Java,89.5,7,Thursday,45.27
Morning,DBMS,24.4,9,Wednesday,58.87
Evening,Java,75.2,1,Wednesday,52.05
Afternoon,Python,83.9,10,Tuesday,51.55
Afternoon,DBMS,14.1,9,Saturday,46.34
Evening,Java,104.1,3,Thursday,64.18
Afternoon,Machine Learning,109.7,2,Monday,49.64
Night,Operating Systems,103.5,6,Saturday,46.13
Afternoon,Aptitude,100.7,5,Thursday,55.24
Morning,Operating Systems,91.9,4,Monday,63.78
Night,Java,79.7,4,Saturday,48.82
Night,DSA,84.6,8,Sunday,39.14
Night,Ai,98.7,10,Tuesday,49.8
Evening,Aptitude,82.9,3,Thursday,64.81
Evening,DBMS,46.0,1,Saturday,48.4
Night,DSA,51.4,5,Tuesday,42.3
Evening,Operating Systems,108.7,8,Monday,52.93
Afternoon,Java,11.9,3,Friday,60.78
Evening,DBMS,86.9,2,Sunday,46.68
Evening,DBMS,115.0,1,Thursday,55.55
Night,Machine Learning,87.7,4,Wednesday,45.46
Morning,Machine Learning,119.3,2,Wednesday,55.25
Morning,Java,85.6,8,Tuesday,55.04
Morning,Java,13.8,10,Sunday,52.9
Afternoon,Python,101.0,9,Friday,50.75
Evening,Machine Learning,41.3,10,Wednesday,50.33
Morning,Ai,59.1,1,Wednesday,67.22
Night,Aptitude,44.3,2,Thursday,42.37
Morning,DBMS,39.5,6,Wednesday,57.32
Morning,Machine Learning,57.5,10,Sunday,56.97
Evening,Java,51.7,7,Sunday,53.45
Evening,Python,79.7,2,Monday,41.06
Evening,Java,99.4,8,Tuesday,50.65
Afternoon,Java,42.7,10,Sunday,44.47
Afternoon,Java,33.5,9,Saturday,41.94
Morning,Operating Systems,83.4,8,Wednesday,64.81
Evening,Aptitude,83.7,9,Thursday,47.52
Morning,Machine Learning,109.1,6,Saturday,60.26
Night,DBMS,11.8,7,Monday,34.42
Night,Operating Systems,103.8,6,Saturday,42.4
Evening,Java,67.3,7,Wednesday,62.82
Evening,Ai,78.3,3,Tuesday,52.03
Night,DBMS,20.1,4,Tuesday,45.12
Evening,Operating Systems,57.6,9,Sunday,57.14
Afternoon,Ai,35.0,3,Tuesday,55.0
Afternoon,Ai,38.0,2,Wednesday,51.51
Evening,Aptitude,65.5,7,Monday,54.09
Night,DBMS,99.4,6,Sunday,41.04
Morning,Machine Learning,91.8,3,Friday,51.05
Evening,Machine Learning,75.0,6,Saturday,44.88
Evening,Python,69.3,7,Sunday,54.18
Morning,Operating Systems,57.0,6,Tuesday,61.37
Evening,Python,117.0,1,Monday,69.85
Morning,DSA,71.6,1,Thursday,62.9
Night,Machine Learning,37.9,9,Thursday,41.26
Afternoon,Operating Systems,35.3,6,Monday,52.55
Night,Aptitude,77.2,2,Thursday,36.18
Afternoon,Python,67.5,1,Thursday,52.42
Morning,Aptitude,10.8,2,Tuesday,63.42
Afternoon,Aptitude,101.3,8,Wednesday,53.47
Night,Java,87.5,5,Wednesday,44.67
Afternoon,Java,82.8,7,Wednesday,52.85
Morning,Aptitude,17.6,7,Wednesday,58.66
Afternoon,Python,49.8,2,Monday,53.98
Evening,Java,112.9,4,Sunday,47.29
Night,DSA,104.9,2,Tuesday,38.36
Evening,Ai,41.4,7,Monday,61.32
Morning,Ai,27.3,5,Saturday,56.07
Afternoon,Java,59.4,1,Saturday,49.21
Evening,Python,49.1,2,Thursday,53.08
Evening,Ai,85.0,6,Tuesday,49.37
Afternoon,DBMS,116.3,4,Friday,47.28
Afternoon,Ai,49.9,7,Wednesday,52.12
Night,Machine Learning,16.8,2,Saturday,29.69
Evening,Python,108.7,2,Saturday,55.04
Evening,Java,14.2,6,Thursday,58.41
Morning,Java,114.8,8,Wednesday,55.59
Night,Ai,83.1,1,Wednesday,46.21
Morning,Python,113.6,5,Wednesday,62.82
Evening,DSA,32.0,1,Sunday,46.67
Morning,DBMS,14.5,6,Saturday,56.26
Evening,Java,63.7,7,Friday,54.93
Evening,Python,59.6,6,Thursday,52.65
Morning,Java,46.5,9,Wednesday,58.26
Morning,Java,115.3,3,Wednesday,59.88
Afternoon,Machine Learning,100.5,8,Tuesday,49.43
Afternoon,Ai,82.8,3,Wednesday,59.45
Afternoon,Machine Learning,27.9,7,Tuesday,43.16
Evening,Ai,90.8,5,Thursday,61.77
Morning,Java,90.0,1,Thursday,55.51
Night,Python,56.8,4,Thursday,46.99
Evening,Aptitude,111.7,9,Tuesday,59.6
Night,Ai,28.4,8,Saturday,44.2
Morning,Aptitude,39.4,3,Saturday,45.23
Evening,DBMS,17.0,2,Sunday,57.43
Night,Machine Learning,97.5,9,Friday,44.62
Night,Aptitude,78.4,1,Sunday,39.22
Afternoon,Machine Learning,44.6,9,Friday,47.35
Afternoon,Ai,28.0,7,Sunday,49.14
Afternoon,Ai,14.4,2,Saturday,49.93
Evening,DBMS,28.3,5,Sunday,54.75
Morning,Ai,59.9,2,Saturday,53.42
Morning,Java,37.2,5,Wednesday,59.94
Afternoon,DBMS,38.5,7,Thursday,45.78
Afternoon,Aptitude,106.3,5,Saturday,50.83
Afternoon,Ai,66.7,2,Monday,48.78
Night,Python,90.2,5,Saturday,46.18
Afternoon,Operating Systems,13.9,10,Wednesday,47.43
Night,DSA,50.2,6,Saturday,41.43
Morning,Java,62.7,5,Friday,59.04
Evening,Operating Systems,30.5,2,Friday,48.93
Evening,Operating Systems,23.2,6,Sunday,57.45
Evening,Machine Learning,105.7,6,Thursday,56.34
Evening,Java,113.3,2,Tuesday,48.65
Night,Java,18.7,4,Wednesday,40.9
Night,DBMS,48.4,7,Tuesday,42.03
Afternoon,Machine Learning,115.4,1,Friday,54.59
Night,Aptitude,19.1,1,Sunday,46.34
Afternoon,DSA,80.8,6,Thursday,50.08
Afternoon,Aptitude,116.9,7,Friday,42.09
Evening,Python,117.6,5,Thursday,59.28
Night,DSA,61.8,10,Saturday,41.85
Night,Machine Learning,27.9,8,Monday,41.28
Afternoon,Ai,32.2,4,Tuesday,56.61
Afternoon,Ai,107.9,3,Wednesday,49.0
Morning,Machine Learning,110.3,7,Thursday,63.9
Morning,Aptitude,76.9,4,Saturday,55.16
Afternoon,Machine Learning,94.3,1,Saturday,40.72
Morning,Machine Learning,91.4,8,Sunday,48.77
Morning,Operating Systems,82.8,5,Sunday,56.6
Afternoon,Python,101.0,8,Monday,52.22
Afternoon,Java,85.4,8,Saturday,42.23
Night,Ai,68.7,5,Saturday,37.46
Afternoon,Operating Systems,36.1,8,Monday,55.88
Afternoon,Machine Learning,91.8,7,Tuesday,51.71
Evening,DBMS,62.1,3,Saturday,61.15
Night,Operating Systems,42.4,4,Thursday,36.91
Night,Machine Learning,98.2,7,Wednesday,51.54
Night,Ai,86.6,4,Wednesday,41.06
Evening,Java,113.1,6,Wednesday,48.42
Afternoon,Machine Learning,28.2,2,Friday,49.25
Night,Python,81.4,2,Sunday,34.7
Night,Aptitude,36.9,3,Friday,50.42
Morning,DSA,109.4,10,Thursday,59.86
Night,Operating Systems,20.9,7,Sunday,38.48
Afternoon,Operating Systems,82.2,3,Saturday,52.01
Afternoon,Operating Systems,97.0,3,Saturday,46.32
Morning,Machine Learning,49.0,4,Sunday,55.18
Night,Java,115.0,10,Wednesday,48.14
Night,Python,103.6,6,Monday,43.85
Night,Java,42.4,1,Saturday,36.72
Evening,Machine Learning,10.8,6,Wednesday,52.35
Night,Machine Learning,42.6,8,Thursday,36.24
Afternoon,Aptitude,40.9,8,Wednesday,47.85
Afternoon,DBMS,107.9,6,Tuesday,44.99
Evening,Python,116.4,6,Wednesday,55.44
Evening,Operating Systems,17.7,3,Saturday,47.52
Night,DSA,61.8,2,Sunday,39.29
Morning,Operating Systems,70.3,7,Saturday,62.14
Evening,Java,20.2,8,Monday,51.29
Evening,Machine Learning,51.5,10,Thursday,54.92
Night,Python,44.9,6,Sunday,34.96
Night,Ai,69.0,5,Sunday,40.35
Evening,Python,82.7,4,Sunday,49.88
Morning,Python,87.4,1,Thursday,62.29
Evening,DBMS,25.0,9,Monday,52.24
Night,Operating Systems,99.4,10,Thursday,49.32
Night,DBMS,84.6,4,Wednesday,43.23
Evening,Ai,107.8,2,Thursday,60.62
Morning,Ai,59.4,4,Wednesday,49.54
Evening,Aptitude,108.3,5,Thursday,55.2
Evening,Java,105.2,2,Saturday,52.67
Night,DSA,58.2,7,Wednesday,39.33
Morning,Aptitude,51.9,3,Wednesday,60.01
Afternoon,Machine Learning,112.6,8,Saturday,47.41
Morning,DBMS,88.7,4,Monday,65.43
Evening,DBMS,112.1,5,Monday,53.57
Evening,Aptitude,97.7,3,Saturday,49.8
Evening,Machine Learning,77.0,5,Friday,49.99
Morning,Python,22.7,9,Monday,62.25
Night,Machine Learning,42.1,2,Wednesday,38.32
Evening,Operating Systems,116.6,7,Sunday,55.75
Evening,Aptitude,45.1,10,Wednesday,46.89
Morning,Java,20.3,8,Thursday,59.68
Afternoon,Machine Learning,87.8,3,Thursday,41.1
Afternoon,Python,90.7,4,Friday,51.76
Night,Machine Learning,41.4,10,Wednesday,47.04
Night,DBMS,42.7,2,Friday,45.93
Evening,DSA,61.6,10,Wednesday,50.99
Morning,DBMS,12.4,9,Monday,63.58
Evening,Java,96.8,3,Thursday,41.32
Night,Ai,44.9,9,Saturday,41.66
Morning,DSA,103.9,7,Saturday,51.84
Morning,Ai,98.3,6,Sunday,59.47
Night,Machine Learning,82.8,3,Friday,30.35
Afternoon,Operating Systems,45.7,7,Tuesday,47.67
Afternoon,Java,66.8,3,Saturday,43.79
Morning,Machine Learning,58.9,6,Sunday,59.52
Evening,Python,47.3,8,Wednesday,53.04
Afternoon,Machine Learning,103.3,5,Monday,46.89
Evening,DSA,63.2,3,Tuesday,54.36
Afternoon,DBMS,101.6,6,Monday,49.88
Afternoon,Operating Systems,21.6,8,Monday,49.78
Evening,Ai,25.5,10,Wednesday,55.31
Night,Machine Learning,117.5,3,Monday,43.0
Afternoon,Machine Learning,74.7,5,Friday,59.88
Afternoon,DBMS,66.1,9,Tuesday,41.04
Evening,Operating Systems,67.5,10,Monday,51.04
Night,Aptitude,33.7,10,Saturday,41.76
Afternoon,Ai,89.1,3,Saturday,52.56
Afternoon,Machine Learning,19.3,2,Monday,52.77
Night,Machine Learning,73.1,8,Thursday,48.19
Afternoon,Aptitude,72.8,7,Thursday,49.82
Night,Ai,110.6,9,Friday,51.21
Night,DSA,67.9,4,Saturday,38.0
Evening,DSA,25.1,3,Thursday,58.58
Morning,Java,73.0,10,Monday,60.95
Night,Java,20.0,5,Saturday,43.03
Evening,Python,32.4,1,Monday,50.39
Morning,DBMS,13.4,5,Tuesday,51.15
Afternoon,Operating Systems,66.5,3,Saturday,45.55
Morning,Machine Learning,19.3,1,Thursday,57.53
Night,Ai,61.6,3,Wednesday,39.39
Night,Machine Learning,112.6,5,Thursday,47.63
Night,Java,89.2,5,Monday,40.88
Night,Python,18.5,10,Tuesday,49.88
Night,Ai,34.7,8,Thursday,43.53
Evening,Ai,84.1,1,Tuesday,58.91
Night,Machine Learning,108.4,7,Thursday,37.01
Evening,DBMS,13.6,5,Friday,46.98
Afternoon,Python,99.4,3,Monday,54.7
Night,DBMS,71.8,4,Monday,49.27
Night,Python,70.1,3,Wednesday,48.57
Morning,Machine Learning,115.4,8,Monday,53.58
Afternoon,Python,92.2,4,Wednesday,55.38
Night,DSA,103.5,3,Monday,46.84
Night,Ai,48.9,2,Sunday,36.29
Afternoon,Operating Systems,71.0,3,Thursday,52.25
Evening,Machine Learning,77.7,7,Thursday,53.71
Night,Aptitude,45.4,6,Friday,45.52
Morning,Operating Systems,72.7,10,Thursday,53.08
Night,Machine Learning,36.0,5,Sunday,44.11
Morning,Operating Systems,25.8,8,Tuesday,57.29
Morning,DSA,51.1,1,Sunday,52.76
Night,Operating Systems,91.3,3,Thursday,47.28
Night,Python,110.8,2,Wednesday,45.91
Morning,Java,60.3,2,Saturday,49.82
Afternoon,Operating Systems,80.7,1,Friday,57.65
Afternoon,Machine Learning,21.3,5,Saturday,46.14
Night,Aptitude,109.5,5,Saturday,41.9
Evening,Aptitude,72.5,3,Tuesday,54.84
Afternoon,Java,95.8,9,Sunday,47.08
Night,DBMS,97.4,6,Tuesday,45.48
Afternoon,Java,38.2,10,Monday,55.7
Evening,Ai,68.2,6,Sunday,59.9
Night,Operating Systems,115.7,10,Wednesday,43.55
Evening,Aptitude,19.9,6,Saturday,55.38
Night,Java,85.1,2,Thursday,48.14
Evening,Operating Systems,115.8,10,Thursday,58.45
Afternoon,Ai,43.1,10,Sunday,53.36
Afternoon,Aptitude,104.8,8,Monday,54.26
Evening,Ai,112.7,6,Thursday,57.09
Evening,Operating Systems,92.2,3,Sunday,48.83
Evening,Machine Learning,35.4,10,Tuesday,54.52
Night,Operating Systems,46.7,9,Thursday,39.77
Afternoon,Java,13.9,2,Saturday,49.31
Night,Ai,101.5,7,Thursday,46.6
Afternoon,Machine Learning,103.5,3,Tuesday,40.84
Morning,Machine Learning,79.6,6,Wednesday,55.65
Night,DBMS,48.8,5,Saturday,38.29
Afternoon,Aptitude,18.4,6,Wednesday,53.51
Afternoon,Python,92.8,8,Tuesday,50.53
Night,Machine Learning,89.9,3,Tuesday,35.88
Night,Ai,110.4,2,Saturday,44.23
Afternoon,Aptitude,90.4,8,Friday,51.03
Night,DSA,101.2,1,Friday,44.62
Evening,Operating Systems,92.1,2,Thursday,49.49
Night,Java,79.4,10,Saturday,44.94
Night,Ai,57.0,1,Saturday,41.43
Night,DSA,109.2,5,Sunday,40.13
Afternoon,Ai,81.6,8,Sunday,40.71
Evening,Operating Systems,53.8,2,Thursday,48.89
Morning,DBMS,19.2,4,Friday,80.5
Morning,Ai,42.0,4,Sunday,51.23
Evening,Machine Learning,69.8,7,Thursday,42.46
Evening,Python,40.3,1,Wednesday,55.07
Evening,Machine Learning,34.3,9,Wednesday,52.05
Afternoon,Operating Systems,68.0,3,Sunday,42.42
Morning,Ai,28.7,6,Monday,55.89
Evening,Python,98.0,10,Friday,56.41
Afternoon,Machine Learning,63.3,5,Wednesday,49.82
Morning,Python,73.1,4,Sunday,52.0
Night,Java,26.2,9,Monday,43.02
Afternoon,Operating Systems,45.7,9,Tuesday,49.99
Morning,DBMS,55.1,1,Sunday,55.81
Afternoon,DBMS,98.9,7,Saturday,43.57
Morning,Ai,94.7,10,Wednesday,54.87
Morning,Machine Learning,34.5,9,Monday,66.65
Night,DSA,77.8,5,Thursday,32.32
Afternoon,Operating Systems,36.8,1,Sunday,52.13
Evening,Machine Learning,118.7,8,Saturday,44.29
Night,Machine Learning,114.7,5,Monday,44.2
Night,DBMS,72.0,6,Wednesday,45.39
Morning,Ai,86.9,7,Thursday,54.8
Evening,Python,98.2,10,Sunday,53.04
Afternoon,Operating Systems,89.3,7,Thursday,48.01
Evening,Java,87.0,7,Monday,55.14
Evening,Python,115.4,1,Sunday,60.41
Evening,Aptitude,75.6,7,Monday,62.11
Evening,Aptitude,80.0,3,Wednesday,51.16
Evening,Operating Systems,103.4,5,Thursday,56.73
Morning,Ai,83.7,10,Friday,65.09
Morning,DSA,90.6,5,Sunday,53.83
Night,Aptitude,35.8,8,Monday,48.0
Morning,DBMS,50.8,7,Friday,71.9
Night,DSA,26.2,7,Sunday,35.3
Night,Machine Learning,65.6,6,Friday,45.39
Afternoon,Aptitude,60.1,7,Sunday,41.96
Evening,DBMS,119.7,7,Sunday,48.87
Morning,Machine Learning,77.2,5,Thursday,55.62
Afternoon,DSA,96.5,5,Wednesday,51.21
Morning,Operating Systems,46.7,4,Friday,70.13
Night,Machine Learning,101.5,4,Wednesday,40.01
Morning,Python,77.7,5,Monday,67.04
Evening,Operating Systems,86.7,10,Thursday,50.49
Night,Operating Systems,42.4,9,Tuesday,42.8
Night,DSA,70.4,6,Thursday,50.56
Afternoon,DSA,79.7,8,Tuesday,53.78
Evening,DBMS,74.8,9,Saturday,49.94
Night,DBMS,110.7,4,Sunday,38.97
Evening,Python,108.8,7,Monday,59.34
Morning,Operating Systems,116.8,5,Wednesday,56.73
Evening,Java,83.4,4,Monday,52.6
Night,Ai,116.9,7,Thursday,42.99
Afternoon,Python,101.6,3,Tuesday,51.11
Night,Python,39.8,1,Saturday,41.08
Evening,Ai,57.0,7,Tuesday,46.83
Evening,Ai,36.2,9,Thursday,62.76
Night,Ai,10.5,2,Thursday,49.1
Evening,DSA,30.7,7,Sunday,50.56
Morning,Python,10.4,10,Sunday,55.31
Night,Python,89.2,2,Monday,53.01
Afternoon,Machine Learning,56.8,3,Friday,50.34
Night,Ai,44.4,10,Tuesday,41.76
Morning,Ai,93.8,10,Thursday,62.54
Morning,DBMS,101.6,3,Sunday,57.4
Morning,DBMS,117.3,4,Sunday,57.67
Morning,Operating Systems,80.6,6,Monday,64.31
Morning,DBMS,60.8,3,Friday,62.51
Afternoon,Aptitude,43.6,9,Sunday,51.27
Evening,Operating Systems,34.5,2,Wednesday,64.16
Morning,Java,33.4,7,Thursday,62.92
Morning,Ai,55.0,6,Friday,71.76
Night,Machine Learning,119.1,2,Wednesday,48.97
Afternoon,DBMS,10.1,3,Sunday,45.77
Afternoon,Machine Learning,31.7,6,Saturday,37.43
Evening,DBMS,30.7,10,Sunday,58.02
Afternoon,DBMS,88.9,4,Wednesday,43.54
Night,Machine Learning,48.8,1,Sunday,40.78
Night,Python,60.3,1,Monday,50.61
Evening,Python,26.3,3,Tuesday,51.64
Night,Python,54.5,8,Thursday,43.85
Morning,Aptitude,21.4,4,Friday,54.68
Morning,Python,68.6,1,Saturday,69.32
Night,DBMS,20.8,8,Saturday,45.67
Evening,Ai,97.0,10,Wednesday,51.38
Afternoon,DSA,72.3,6,Saturday,38.3
Evening,Machine Learning,89.6,1,Tuesday,48.64
Afternoon,Ai,56.0,10,Wednesday,46.86
Night,DSA,52.0,10,Thursday,41.23
Night,Ai,20.8,6,Sunday,45.96
Morning,Aptitude,67.6,1,Thursday,52.95
Afternoon,DSA,66.6,10,Saturday,51.44
Evening,Java,61.5,10,Monday,45.97
Night,Operating Systems,91.5,3,Thursday,44.63
Evening,Python,101.6,2,Thursday,53.52
Morning,Java,92.6,4,Thursday,64.97
Afternoon,Aptitude,25.8,2,Tuesday,57.2
Afternoon,Ai,78.4,5,Friday,54.04
Night,DBMS,18.8,4,Friday,47.21
Afternoon,Python,86.4,6,Saturday,47.66
Night,Java,52.0,7,Thursday,51.71
Morning,Python,24.6,2,Friday,57.0
Afternoon,DSA,104.8,2,Saturday,48.24
Night,Operating Systems,77.5,8,Thursday,50.42
Evening,Python,49.0,9,Friday,61.58
Night,Ai,13.4,5,Friday,47.64
Afternoon,Ai,69.1,7,Saturday,49.51
Morning,Machine Learning,111.6,9,Sunday,59.46
Afternoon,Machine Learning,75.6,1,Wednesday,47.34
Afternoon,Python,116.9,8,Saturday,56.13
Night,DSA,25.0,10,Tuesday,54.28
Evening,DSA,72.5,10,Wednesday,44.76
Afternoon,DBMS,97.8,9,Wednesday,48.03
Evening,Aptitude,67.8,9,Friday,49.42
Night,Aptitude,20.0,10,Monday,41.74
Evening,Java,74.1,7,Monday,55.62
Night,Aptitude,77.3,10,Sunday,44.36
Morning,Operating Systems,90.2,3,Tuesday,59.17
Evening,DSA,93.7,5,Thursday,57.18
Evening,DBMS,94.8,2,Friday,51.32
Morning,Machine Learning,83.0,10,Tuesday,55.98
Evening,Ai,33.7,3,Wednesday,58.23
Morning,Aptitude,54.5,10,Friday,58.35
Afternoon,Machine Learning,95.4,7,Wednesday,41.55
Night,Machine Learning,114.9,1,Tuesday,54.16
Morning,Python,18.7,3,Monday,66.69
Evening,Operating Systems,68.9,5,Tuesday,55.82
Morning,DBMS,44.4,4,Saturday,61.46
Evening,Operating Systems,34.8,3,Friday,57.09
Afternoon,Python,65.6,6,Friday,44.06
Morning,DBMS,76.7,6,Sunday,57.77
Afternoon,DBMS,11.1,4,Thursday,46.38
Night,DSA,95.8,9,Monday,44.56
Evening,Operating Systems,100.2,6,Friday,57.02
Evening,Operating Systems,116.2,9,Monday,59.76
Afternoon,DSA,29.9,10,Friday,44.07
Night,Java,75.4,10,Monday,40.25
Morning,Machine Learning,56.9,2,Sunday,52.63
Morning,Python,46.8,6,Saturday,66.32
Evening,Operating Systems,72.2,4,Sunday,50.18
Afternoon,DSA,96.1,2,Tuesday,51.67
Afternoon,Ai,12.5,5,Monday,49.72
Morning,Java,116.6,3,Wednesday,58.02
Night,DBMS,99.1,6,Saturday,42.67
Night,Aptitude,92.6,8,Tuesday,48.96
Morning,Ai,93.6,4,Friday,63.37
Morning,DSA,52.8,4,Friday,52.96
Afternoon,Aptitude,92.7,5,Thursday,51.68
Night,Machine Learning,52.5,6,Saturday,48.15
Morning,Python,108.9,7,Wednesday,63.52
Morning,Aptitude,29.5,6,Saturday,62.65
Evening,Java,42.2,7,Sunday,60.7
Morning,Machine Learning,70.6,9,Thursday,58.82
Morning,Aptitude,45.1,4,Sunday,56.69
Night,DBMS,56.7,10,Saturday,44.15
Afternoon,DBMS,64.2,1,Sunday,53.44
Night,Java,104.2,9,Tuesday,44.2
Afternoon,DBMS,67.6,7,Thursday,44.27
Evening,DBMS,49.9,4,Tuesday,56.8
Morning,DSA,37.3,10,Thursday,63.64
Evening,DBMS,55.0,8,Monday,57.0
Afternoon,Ai,66.7,7,Tuesday,52.19
Night,DBMS,92.1,2,Tuesday,44.81
Night,Ai,23.3,1,Monday,43.83
Evening,DSA,34.4,9,Monday,60.35
Afternoon,DBMS,51.8,7,Wednesday,41.08
Evening,Java,49.6,10,Sunday,52.46
Evening,Machine Learning,53.1,1,Monday,48.09
Morning,Java,97.3,4,Thursday,59.84
Evening,Machine Learning,45.7,5,Monday,54.32
Morning,Operating Systems,65.2,5,Monday,62.53
Morning,Machine Learning,78.6,5,Tuesday,58.71
Night,Python,35.5,3,Tuesday,53.95
Morning,Python,89.1,5,Saturday,59.53
Morning,Python,70.2,4,Monday,56.69
Night,DSA,59.1,5,Sunday,46.17
Evening,Java,99.1,7,Wednesday,56.68
Afternoon,Machine Learning,36.8,5,Tuesday,43.2
Afternoon,Java,107.1,8,Thursday,53.65
Afternoon,Ai,71.7,8,Saturday,44.21
Evening,Python,77.0,3,Thursday,61.68
Morning,Operating Systems,106.3,5,Monday,53.69
Afternoon,DSA,99.9,4,Monday,48.37
Evening,Operating Systems,76.2,5,Wednesday,57.15
Morning,Machine Learning,92.9,8,Sunday,49.67
Night,DBMS,57.7,4,Monday,47.62
Afternoon,Operating Systems,70.2,5,Sunday,52.16
Morning,DBMS,16.8,7,Sunday,55.98
Afternoon,DSA,19.9,3,Saturday,47.96
Afternoon,Operating Systems,101.2,6,Friday,46.02
Afternoon,Operating Systems,16.6,9,Friday,64.31
Morning,Aptitude,28.6,4,Monday,60.03
Evening,DSA,97.5,4,Saturday,52.66
Morning,DSA,10.1,6,Friday,57.66
Afternoon,Python,41.1,6,Sunday,45.7
Morning,Machine Learning,74.2,3,Thursday,62.82
Night,Operating Systems,75.5,1,Saturday,29.97
Evening,Java,95.5,3,Saturday,42.88
Morning,Operating Systems,65.7,8,Monday,61.6
Night,Ai,66.0,8,Thursday,43.16
Evening,DSA,89.8,6,Sunday,55.23
Night,Java,64.8,7,Thursday,42.41
Evening,DSA,76.9,2,Friday,45.64
Morning,Machine Learning,108.8,9,Wednesday,57.67
Night,DSA,54.2,3,Thursday,42.66
Afternoon,DBMS,52.4,2,Friday,44.59
Night,DBMS,10.4,5,Sunday,45.93
Evening,Aptitude,77.5,1,Wednesday,56.78
Morning,DBMS,13.3,5,Sunday,52.07
Evening,DBMS,65.5,10,Saturday,44.34
Night,Machine Learning,98.5,4,Friday,44.78
Night,Operating Systems,70.5,6,Friday,40.22
Afternoon,DBMS,39.7,5,Monday,45.2
Morning,Java,96.5,9,Saturday,56.45
Morning,Aptitude,39.7,5,Sunday,57.24
Night,DSA,90.6,8,Saturday,43.51
Morning,DBMS,77.1,2,Tuesday,65.28
Afternoon,Aptitude,28.7,3,Wednesday,47.68
Evening,Machine Learning,109.6,3,Friday,55.94
Morning,Ai,32.1,3,Thursday,59.13
Night,Ai,118.9,6,Thursday,50.88
Evening,Ai,10.8,7,Tuesday,50.76
Evening,DSA,39.0,7,Sunday,53.62
Afternoon,Aptitude,32.0,7,Wednesday,45.86
Night,DBMS,11.5,3,Monday,40.46
Morning,Operating Systems,90.6,1,Wednesday,57.72
Night,DSA,86.3,6,Thursday,33.49
Evening,DSA,97.2,3,Sunday,55.93
Night,Ai,38.2,3,Sunday,37.64
Morning,Operating Systems,58.9,3,Thursday,57.7
Morning,Ai,82.5,9,Monday,55.16
Afternoon,DSA,58.4,4,Monday,53.75
Morning,DBMS,86.7,5,Thursday,61.34
Morning,Ai,79.7,3,Sunday,59.75
Night,Ai,22.6,10,Sunday,42.85
Night,Java,95.9,1,Friday,45.84
Evening,Ai,89.3,4,Friday,56.66
Afternoon,DSA,82.1,1,Monday,53.75
Night,DBMS,27.1,7,Saturday,36.26
Morning,Operating Systems,39.5,7,Friday,57.15
Evening,Python,53.2,4,Sunday,48.74
Night,Operating Systems,40.8,5,Monday,48.0
Afternoon,DBMS,35.1,10,Wednesday,52.21
Afternoon,Machine Learning,98.6,7,Wednesday,51.59
Evening,Ai,80.2,6,Wednesday,42.25
Evening,Operating Systems,72.2,4,Monday,52.84
Evening,Machine Learning,34.9,4,Monday,41.1
Evening,Machine Learning,111.0,2,Friday,62.76
Evening,DBMS,31.0,10,Friday,55.64
Morning,DBMS,97.4,2,Friday,55.91
Morning,Java,116.3,4,Tuesday,59.39
Night,Ai,90.0,5,Monday,44.91
Afternoon,Python,119.2,4,Saturday,58.89
Morning,Aptitude,81.6,3,Wednesday,59.04
Morning,DSA,33.9,2,Sunday,56.93
Morning,Operating Systems,32.4,4,Sunday,54.03
Night,DBMS,45.7,5,Wednesday,55.55
Evening,Operating Systems,10.8,1,Tuesday,62.86
Night,Aptitude,85.0,1,Tuesday,35.22
Afternoon,Aptitude,39.6,6,Wednesday,54.27
Afternoon,Ai,99.7,5,Monday,52.24
Afternoon,Machine Learning,49.5,4,Wednesday,44.12
Afternoon,Ai,62.8,1,Wednesday,45.03
Morning,DSA,116.2,7,Saturday,45.85
Morning,Python,36.6,4,Sunday,62.21
Night,Operating Systems,89.3,3,Tuesday,38.2
Evening,DSA,93.1,7,Tuesday,55.55
Afternoon,Java,34.3,2,Sunday,41.56
Night,Python,65.1,10,Friday,41.02
Morning,Operating Systems,48.5,1,Tuesday,60.25
Morning,DSA,94.9,4,Saturday,62.25
Evening,DBMS,78.5,8,Saturday,48.16
Evening,Operating Systems,62.4,6,Sunday,51.7
Evening,DSA,95.7,9,Wednesday,54.51
Night,Aptitude,35.9,1,Saturday,41.61
Morning,Python,92.9,1,Friday,63.55
Morning,DSA,105.2,5,Wednesday,59.08
Evening,DBMS,106.6,6,Monday,46.29
Afternoon,Ai,96.2,8,Monday,56.52
Evening,Operating Systems,54.9,3,Sunday,53.97
Night,Java,118.0,6,Tuesday,43.93
Evening,Operating Systems,51.8,3,Friday,50.0
Evening,Operating Systems,80.2,8,Saturday,50.17
Night,DBMS,27.7,4,Thursday,49.37
Evening,Python,117.8,2,Monday,50.35
Morning,Operating Systems,87.4,9,Saturday,52.8
Afternoon,Python,92.9,10,Sunday,48.57
Evening,DSA,17.2,8,Monday,45.96
Night,Aptitude,94.0,6,Monday,40.15
Afternoon,Java,95.2,3,Monday,48.62
Night,Aptitude,83.9,2,Tuesday,32.74
Afternoon,Python,42.1,4,Friday,50.8
Afternoon,Python,63.9,4,Monday,45.43
Evening,Aptitude,22.1,1,Saturday,57.92
Morning,Operating Systems,61.9,9,Saturday,54.23
Evening,Machine Learning,36.8,10,Sunday,53.69
Night,Machine Learning,48.4,8,Tuesday,44.93
Night,DBMS,27.9,7,Friday,41.06
Afternoon,Java,35.3,6,Friday,51.76
Afternoon,Ai,18.4,3,Sunday,55.5
Morning,Aptitude,111.2,4,Thursday,60.25
Evening,Aptitude,68.3,2,Wednesday,53.22
Night,DBMS,53.6,7,Monday,46.9
Afternoon,Java,68.9,2,Tuesday,52.42
Morning,Machine Learning,79.1,10,Friday,56.15
Night,DSA,111.4,1,Thursday,29.48
Afternoon,Operating Systems,29.7,6,Wednesday,45.54
Night,Operating Systems,42.5,4,Friday,38.48
Morning,DSA,117.3,8,Friday,58.88
Morning,DSA,50.8,1,Monday,64.88
Night,Java,12.5,9,Wednesday,47.44
Evening,Machine Learning,26.2,6,Wednesday,50.51
Night,DBMS,12.9,2,Sunday,43.31
Afternoon,DSA,118.9,8,Tuesday,48.9
Evening,DBMS,40.7,5,Thursday,57.6
Afternoon,Java,111.6,5,Sunday,49.88
Night,Ai,119.5,5,Saturday,48.51
Evening,Python,76.0,7,Tuesday,56.3
Afternoon,Operating Systems,13.7,7,Thursday,41.01
Night,Machine Learning,19.0,10,Sunday,33.37
Night,Operating Systems,63.0,7,Tuesday,45.09
Evening,Machine Learning,54.7,10,Thursday,51.66
Night,Java,76.7,2,Saturday,45.61
Morning,Python,58.3,8,Monday,67.19
Afternoon,Operating Systems,112.7,1,Thursday,50.18
Afternoon,Python,68.8,2,Saturday,42.75
Night,Java,86.3,7,Tuesday,47.81
Night,Machine Learning,108.6,4,Wednesday,44.4
Morning,DSA,26.2,10,Friday,62.17
Evening,Ai,35.3,10,Saturday,48.38
Night,Operating Systems,21.8,9,Saturday,56.9
Night,Python,25.4,9,Saturday,35.27
Night,Aptitude,66.4,3,Thursday,45.47
Night,Operating Systems,45.3,3,Sunday,45.57
Afternoon,Operating Systems,56.5,9,Thursday,54.13
Night,Operating Systems,118.1,10,Wednesday,45.05
Afternoon,DBMS,27.2,8,Monday,53.11
Night,Python,69.5,1,Tuesday,51.53
Evening,Python,20.9,6,Monday,57.54
Morning,Operating Systems,45.0,7,Sunday,58.14
Evening,Java,68.0,8,Thursday,58.21
Night,Java,114.1,2,Thursday,45.11
Night,DSA,53.0,1,Saturday,47.67
Night,Operating Systems,17.1,4,Saturday,46.99
Evening,DBMS,52.7,1,Monday,53.47
Night,Machine Learning,26.0,2,Tuesday,39.41
Evening,DBMS,35.3,3,Thursday,58.87
Afternoon,Java,78.0,4,Thursday,50.43
Morning,DSA,17.4,6,Sunday,53.04
Morning,Java,61.1,8,Monday,57.6
Evening,Java,77.0,9,Friday,58.24
Afternoon,Java,56.4,4,Saturday,44.68
Evening,Operating Systems,12.1,1,Wednesday,62.23
Afternoon,Java,118.4,5,Thursday,45.01
Night,Python,50.4,5,Tuesday,44.49
Afternoon,Ai,95.6,9,Friday,45.35
Afternoon,Aptitude,45.8,6,Monday,43.91
Afternoon,Operating Systems,62.3,5,Sunday,43.02
Morning,DSA,52.7,10,Monday,56.46
Afternoon,Python,47.7,10,Sunday,46.9
Night,DBMS,12.4,5,Tuesday,34.18
Night,Java,49.6,8,Sunday,36.03
Night,Machine Learning,107.8,1,Saturday,40.9
Afternoon,Machine Learning,85.9,5,Saturday,41.49
Evening,Ai,26.0,1,Friday,60.21
Evening,Operating Systems,75.0,7,Tuesday,53.79
Night,DBMS,108.1,7,Thursday,47.96
Morning,Ai,87.0,10,Friday,58.14
Evening,Aptitude,26.4,8,Wednesday,59.58
Afternoon,Aptitude,105.5,7,Wednesday,38.33
Evening,Ai,43.2,9,Tuesday,55.53
Night,DSA,59.9,8,Wednesday,51.65
Morning,Machine Learning,67.9,8,Tuesday,50.71
Evening,DBMS,103.6,3,Sunday,55.76
Evening,Operating Systems,112.5,10,Thursday,56.96
Night,Java,112.3,4,Saturday,34.86
Morning,Python,10.9,4,Thursday,63.74
Morning,Operating Systems,111.4,1,Tuesday,61.7
Night,Operating Systems,16.0,6,Thursday,44.54
Afternoon,DBMS,39.2,2,Wednesday,55.71
Evening,Machine Learning,66.6,9,Sunday,55.02
Afternoon,DBMS,62.8,1,Thursday,54.07
Evening,Python,76.5,1,Sunday,61.01
Evening,Ai,62.7,10,Wednesday,50.94
Afternoon,DBMS,112.8,6,Saturday,44.38
Night,DSA,36.5,1,Saturday,37.71
Night,Operating Systems,40.1,3,Wednesday,42.44
Evening,Machine Learning,111.3,10,Sunday,47.54
Night,Java,18.4,2,Monday,44.32
Evening,Aptitude,77.1,9,Thursday,53.07
Night,Python,85.0,5,Thursday,41.56
Evening,Aptitude,65.6,6,Tuesday,58.97
Night,Operating Systems,86.4,2,Tuesday,40.62
Morning,DBMS,29.0,8,Sunday,64.87
Afternoon,Aptitude,103.8,6,Friday,54.03
Morning,DSA,25.4,8,Wednesday,53.11
Afternoon,DBMS,54.1,8,Saturday,46.9
Afternoon,Operating Systems,18.3,1,Saturday,39.92
Evening,Aptitude,70.0,7,Monday,61.37
Afternoon,Java,83.7,2,Wednesday,50.03
Morning,Ai,113.5,8,Thursday,59.83
Morning,Python,91.3,2,Friday,63.1
Night,Aptitude,69.5,4,Wednesday,44.14
Morning,Java,112.6,2,Friday,56.71
Night,Ai,62.6,7,Wednesday,44.52
Afternoon,Ai,71.7,5,Sunday,53.27
Morning,Aptitude,75.6,9,Thursday,57.22
Afternoon,Machine Learning,55.1,5,Thursday,54.97
Morning,Aptitude,102.2,8,Wednesday,57.64
Morning,Operating Systems,30.4,2,Saturday,57.9
Night,Ai,71.0,3,Sunday,51.81
Afternoon,Python,89.4,6,Saturday,51.82
Morning,Operating Systems,109.4,7,Monday,61.77
Evening,DSA,107.2,10,Thursday,57.27
Afternoon,DBMS,66.0,8,Sunday,51.99
Afternoon,Aptitude,80.7,3,Tuesday,45.82
Afternoon,Machine Learning,53.4,7,Monday,50.49
Night,Python,61.5,8,Wednesday,48.29
Evening,Machine Learning,109.7,10,Monday,42.17
Afternoon,Machine Learning,112.4,6,Tuesday,49.24
Morning,Machine Learning,108.5,4,Thursday,53.05
Morning,Aptitude,25.2,6,Thursday,60.56
Night,Python,103.5,9,Saturday,48.92
Morning,Python,114.3,3,Thursday,57.33
Afternoon,Ai,49.7,2,Sunday,46.41
Morning,Machine Learning,67.1,5,Saturday,52.87
Afternoon,Ai,95.7,7,Tuesday,55.71
Morning,Ai,71.8,3,Monday,57.25
Evening,DBMS,119.3,5,Wednesday,56.09
Night,Aptitude,60.1,4,Wednesday,48.16
Night,Aptitude,88.5,7,Sunday,45.8
Evening,Operating Systems,97.2,2,Monday,50.16
Evening,Java,64.4,7,Thursday,53.73
Night,Ai,104.3,2,Saturday,50.01
Evening,Aptitude,70.1,3,Wednesday,54.92
Afternoon,Machine Learning,55.3,5,Thursday,53.15
Morning,Java,21.9,7,Sunday,67.29
Night,DSA,53.3,6,Friday,43.66
Evening,Machine Learning,90.7,7,Friday,57.16
Afternoon,Python,111.3,6,Sunday,53.77
Night,Aptitude,37.7,1,Wednesday,38.21
Evening,Java,49.1,5,Monday,57.01
Night,Aptitude,26.9,1,Monday,52.52
Evening,Operating Systems,86.0,7,Monday,47.11
Night,Ai,115.6,4,Thursday,44.43
Afternoon,DSA,80.5,5,Friday,49.57
Afternoon,Aptitude,77.9,1,Thursday,49.5
Morning,Operating Systems,70.9,8,Tuesday,59.0
Night,Operating Systems,19.7,4,Tuesday,39.45
Morning,DSA,90.2,3,Wednesday,60.93
Night,Machine Learning,76.2,1,Tuesday,39.27
Evening,Machine Learning,82.8,4,Monday,49.4
Evening,Machine Learning,108.9,3,Wednesday,43.56
Morning,DBMS,96.2,8,Friday,52.88
Night,Ai,95.9,9,Saturday,49.39
Morning,Java,112.0,5,Friday,60.39
Afternoon,Ai,118.9,9,Sunday,50.7
Morning,Machine Learning,73.9,1,Tuesday,53.56
Morning,DSA,22.0,7,Sunday,46.28
Evening,DBMS,60.5,7,Tuesday,51.72
Morning,Ai,96.6,6,Friday,50.43
Night,Machine Learning,13.0,4,Sunday,36.5
Evening,DBMS,16.3,9,Tuesday,60.75
Morning,Java,17.4,3,Tuesday,59.51
Afternoon,DSA,90.4,1,Thursday,56.24
Morning,Machine Learning,65.1,2,Saturday,57.85
Morning,Java,50.6,3,Saturday,62.33
Morning,Python,21.6,2,Friday,60.78
Evening,Java,90.5,6,Friday,48.04
Night,Aptitude,45.3,7,Tuesday,39.92
Afternoon,DSA,39.2,5,Monday,55.13
Morning,Java,81.8,5,Thursday,60.89
Night,Java,71.5,7,Monday,38.13
Night,Operating Systems,49.9,6,Tuesday,48.25
Evening,Operating Systems,80.6,8,Friday,47.21
Afternoon,Java,39.8,9,Sunday,49.3
Evening,Java,97.4,2,Sunday,50.71
Night,DSA,35.2,2,Monday,47.45
Night,Operating Systems,27.5,1,Saturday,40.68
Night,Ai,96.1,7,Wednesday,48.63
Evening,DSA,87.9,4,Monday,46.35
Afternoon,Python,30.1,9,Friday,53.67
Morning,DSA,22.8,6,Saturday,53.78
Evening,Machine Learning,102.2,7,Tuesday,54.87
Night,Machine Learning,95.4,7,Monday,41.46
Evening,DBMS,46.0,8,Tuesday,50.53
Night,Operating Systems,82.4,4,Thursday,44.48
Morning,Java,23.7,3,Wednesday,66.19
Morning,Aptitude,65.8,3,Sunday,53.98
Afternoon,Operating Systems,12.1,10,Friday,51.0
Night,Ai,53.1,8,Friday,41.63
Afternoon,DSA,18.2,3,Tuesday,39.18
Afternoon,Aptitude,62.3,8,Wednesday,50.38
Morning,Aptitude,56.4,2,Saturday,76.46
Evening,Java,58.9,5,Friday,48.31
Evening,Java,15.0,5,Monday,59.79
Afternoon,Operating Systems,49.8,7,Friday,38.14
Morning,Aptitude,93.2,5,Monday,59.72
Night,Aptitude,50.6,9,Friday,38.04
Evening,Machine Learning,88.7,3,Monday,55.16
Afternoon,Python,50.6,9,Thursday,49.24
Evening,Java,56.6,1,Tuesday,52.06
Evening,DSA,72.0,3,Saturday,45.34
Night,Operating Systems,114.6,4,Saturday,31.25
Morning,Java,22.0,6,Thursday,58.53
Night,Machine Learning,13.6,10,Sunday,36.45
Morning,Ai,76.9,8,Saturday,54.92
Evening,Java,114.4,7,Monday,53.29
Afternoon,Ai,118.9,8,Saturday,42.8
Night,DBMS,63.3,6,Tuesday,45.59
Morning,Aptitude,61.5,6,Wednesday,58.91
Evening,Aptitude,80.9,6,Monday,59.13
Morning,Operating Systems,71.1,3,Sunday,68.9
Morning,Python,79.7,10,Sunday,60.14
Morning,Python,106.1,4,Sunday,64.53
Evening,Operating Systems,92.1,6,Saturday,52.63
Afternoon,Operating Systems,64.7,7,Friday,52.33
Afternoon,Machine Learning,60.8,3,Friday,46.37
Afternoon,Ai,80.4,4,Wednesday,49.49
Morning,Operating Systems,60.1,6,Thursday,56.02
Evening,Ai,60.4,1,Monday,62.09
Morning,Java,11.8,7,Friday,64.84
Afternoon,Java,29.1,1,Sunday,48.28
Afternoon,DBMS,63.7,10,Tuesday,44.87
Evening,Ai,100.5,9,Wednesday,54.12
Morning,Machine Learning,40.7,10,Thursday,62.84
Night,Java,67.5,9,Sunday,54.23
Night,Aptitude,47.9,9,Thursday,45.39
Afternoon,Aptitude,21.5,4,Tuesday,56.13
Evening,Java,115.4,2,Saturday,52.87
Morning,Java,104.0,7,Tuesday,66.38
Morning,Java,18.6,4,Saturday,46.55
Afternoon,Ai,89.2,5,Wednesday,45.7
Afternoon,Aptitude,48.2,1,Tuesday,51.57
Morning,Aptitude,119.4,10,Friday,53.92
Morning,DSA,43.3,6,Thursday,61.12
Afternoon,Java,36.3,7,Sunday,47.2
Morning,DBMS,72.5,3,Sunday,48.97
Night,Java,101.9,10,Saturday,33.04
Afternoon,Machine Learning,31.2,2,Tuesday,49.66
Morning,Machine Learning,88.0,10,Monday,52.26
Afternoon,Aptitude,16.8,7,Tuesday,47.71
Evening,Java,111.1,1,Sunday,55.15
Afternoon,Python,18.9,2,Saturday,48.59
Afternoon,Machine Learning,110.6,3,Thursday,45.89
Evening,Java,64.0,4,Friday,47.42
Night,DBMS,59.3,5,Sunday,49.5
Morning,Operating Systems,117.1,4,Sunday,61.03
Evening,Java,118.9,10,Tuesday,51.78
Afternoon,DBMS,81.5,3,Friday,45.48
Morning,Aptitude,24.0,1,Monday,57.19
Evening,Aptitude,65.7,7,Saturday,47.1
Morning,DSA,68.2,10,Thursday,57.52
Morning,Ai,66.6,6,Wednesday,65.58
Evening,Machine Learning,72.6,2,Sunday,55.06
Morning,Ai,12.1,2,Sunday,62.04
Night,Java,88.2,3,Thursday,38.51
Evening,Ai,88.4,8,Saturday,46.82
Night,Machine Learning,22.7,8,Wednesday,47.81
Afternoon,Machine Learning,72.7,10,Wednesday,50.25
Morning,Java,72.5,10,Thursday,57.83
Afternoon,Aptitude,85.1,10,Saturday,50.56
Afternoon,Machine Learning,19.4,10,Wednesday,50.52
Morning,Python,78.9,8,Saturday,51.34
Evening,Python,40.9,7,Friday,45.71
Morning,Operating Systems,65.8,2,Monday,59.94
Afternoon,Machine Learning,95.1,1,Tuesday,37.2
Afternoon,DSA,87.6,6,Saturday,51.48
Evening,Operating Systems,23.1,8,Saturday,54.55
Morning,Aptitude,75.0,1,Wednesday,58.16
Afternoon,Machine Learning,116.6,3,Sunday,38.84
Night,Python,27.2,1,Saturday,39.32
Afternoon,DSA,103.8,10,Saturday,30.86
Afternoon,Java,87.3,9,Sunday,53.97
Evening,Operating Systems,95.1,7,Wednesday,55.97
Night,DSA,41.0,8,Thursday,43.1
Afternoon,Machine Learning,41.7,9,Saturday,54.18
Afternoon,DBMS,109.7,3,Sunday,42.26
Night,DSA,49.6,10,Sunday,39.99
Morning,DSA,16.9,2,Friday,55.52
Morning,Aptitude,76.1,6,Tuesday,70.4
Afternoon,Python,23.7,5,Saturday,47.55
Afternoon,Java,97.6,4,Wednesday,50.93
Morning,Machine Learning,80.6,6,Friday,66.1
Evening,DSA,106.2,6,Tuesday,59.42
Night,Machine Learning,96.3,3,Thursday,34.87
Night,Python,22.3,2,Saturday,42.43
Evening,Aptitude,51.9,9,Wednesday,54.65
Evening,Machine Learning,95.2,8,Thursday,53.8
Evening,Ai,55.9,4,Saturday,53.58
Evening,Python,117.0,6,Thursday,52.47
Evening,Python,90.9,3,Wednesday,64.64
Evening,Java,11.7,8,Friday,57.23
Night,Operating Systems,106.8,3,Friday,48.25
Evening,Aptitude,21.1,2,Thursday,61.86
Morning,Aptitude,25.5,7,Thursday,61.38
Evening,Java,90.8,3,Saturday,50.96
Evening,Ai,105.1,9,Sunday,50.19
Night,Machine Learning,69.0,3,Monday,41.87
Night,DBMS,41.8,8,Tuesday,44.19
Evening,Ai,48.6,2,Saturday,42.44
Night,Operating Systems,47.7,9,Thursday,41.89
Afternoon,Aptitude,45.9,1,Thursday,44.53
Night,Python,36.7,3,Tuesday,36.86
Night,Aptitude,77.0,2,Wednesday,45.78
Night,Ai,109.0,7,Sunday,44.22
Night,DBMS,43.8,5,Friday,40.69
Morning,DSA,30.5,8,Wednesday,57.6
Morning,DSA,102.2,2,Sunday,58.83
Morning,Java,91.6,8,Tuesday,58.49
Evening,Aptitude,112.4,7,Tuesday,54.32
Evening,Aptitude,28.2,5,Monday,53.78
Afternoon,Operating Systems,25.9,2,Saturday,50.01
Morning,Aptitude,69.6,10,Saturday,56.92
Evening,DBMS,77.6,7,Saturday,50.37
Night,Aptitude,62.8,10,Sunday,39.63
Night,Machine Learning,75.9,4,Saturday,35.81
Morning,Ai,29.8,4,Monday,62.99
Afternoon,Java,62.8,8,Friday,52.83
Afternoon,DBMS,82.4,6,Saturday,46.97
Night,Operating Systems,57.6,9,Thursday,49.69
Afternoon,Machine Learning,84.7,2,Tuesday,48.05
Morning,Machine Learning,59.6,5,Monday,59.62
Night,Ai,46.7,6,Wednesday,42.15
Evening,DSA,43.4,8,Saturday,57.0
Evening,DBMS,55.2,4,Monday,55.81
Afternoon,Ai,12.5,7,Wednesday,51.93
Night,Machine Learning,83.5,7,Monday,43.33
Night,Operating Systems,103.0,4,Wednesday,45.42
Evening,Ai,49.0,1,Monday,56.31
Night,DSA,15.1,3,Monday,33.73
Night,Machine Learning,118.5,2,Sunday,42.12
Night,Ai,39.0,3,Saturday,38.44
Afternoon,DBMS,23.9,5,Friday,48.84
Night,DSA,50.7,1,Thursday,40.72
Morning,DBMS,91.2,5,Tuesday,64.15
Afternoon,DBMS,42.3,2,Thursday,46.04
Night,DBMS,73.2,4,Friday,43.53
Night,Ai,55.7,6,Sunday,38.75
Morning,DSA,23.0,9,Saturday,52.29
Afternoon,Ai,46.3,10,Wednesday,46.35
Evening,Ai,89.7,6,Sunday,45.79
Evening,Ai,77.3,10,Thursday,52.18
Afternoon,Machine Learning,23.2,2,Tuesday,48.96
Night,Aptitude,28.0,8,Saturday,37.44
Night,Python,80.5,5,Tuesday,47.63
Evening,Machine Learning,99.5,9,Wednesday,55.65
Evening,DSA,48.4,10,Sunday,50.31
Evening,Python,75.5,9,Sunday,48.05
Morning,Python,28.8,4,Tuesday,53.2
Evening,Python,44.3,1,Friday,61.05
Morning,Aptitude,12.2,9,Thursday,67.72
Afternoon,Ai,94.5,9,Tuesday,57.05
Night,Java,54.1,8,Thursday,46.51
Evening,Operating Systems,99.8,5,Monday,56.55
Night,DSA,87.9,5,Thursday,42.91
Night,Java,101.2,10,Wednesday,43.82
Evening,Aptitude,41.4,6,Friday,51.36
Evening,Aptitude,30.4,1,Saturday,47.77
Afternoon,Operating Systems,116.9,9,Tuesday,40.64
Morning,Python,88.9,5,Saturday,62.5
Morning,Ai,101.7,7,Friday,62.75
Night,Operating Systems,11.4,8,Thursday,43.1
Evening,Java,49.0,5,Tuesday,61.28
Afternoon,Java,91.7,3,Friday,61.17
Afternoon,Operating Systems,18.6,6,Wednesday,42.56
Afternoon,Aptitude,72.4,7,Monday,52.83
Afternoon,DSA,57.2,4,Sunday,45.89
Afternoon,DBMS,11.9,9,Monday,58.05
Morning,Ai,36.0,4,Wednesday,57.4
Morning,Java,41.3,10,Saturday,62.31
Morning,Java,22.3,2,Monday,63.44
Evening,Operating Systems,79.5,9,Wednesday,60.76
Night,Ai,36.7,4,Thursday,41.38
Afternoon,Operating Systems,40.5,4,Saturday,45.07
Evening,Python,108.8,10,Saturday,56.64
Afternoon,Ai,61.4,1,Sunday,52.66
Morning,Python,53.1,2,Wednesday,63.11
Evening,Java,89.6,3,Monday,45.51
Morning,Aptitude,110.1,7,Sunday,62.93
Afternoon,Python,12.8,9,Sunday,55.48
Afternoon,Ai,59.3,5,Thursday,47.25
Night,Machine Learning,77.2,4,Saturday,44.25
Afternoon,Ai,45.0,2,Wednesday,52.46
Morning,Operating Systems,95.0,7,Wednesday,55.54
Afternoon,Python,116.9,6,Sunday,53.44
Night,DSA,113.8,7,Saturday,40.78
Night,Machine Learning,39.3,8,Saturday,33.21
Morning,Aptitude,34.9,9,Thursday,64.49
Evening,DBMS,115.3,10,Saturday,62.57
Afternoon,Operating Systems,60.4,5,Tuesday,38.48
Night,Operating Systems,32.9,5,Monday,46.53
Afternoon,DSA,87.8,4,Saturday,47.33
Afternoon,DBMS,41.3,3,Tuesday,44.23
Evening,Java,39.4,7,Thursday,60.13
Night,DBMS,106.7,5,Thursday,39.54
Afternoon,Aptitude,27.9,7,Friday,50.42
Night,Aptitude,17.1,2,Friday,41.26
Morning,Machine Learning,39.6,9,Thursday,52.87
Morning,Java,76.8,9,Friday,61.86
Afternoon,Operating Systems,23.5,9,Wednesday,46.44
Night,Python,61.9,5,Tuesday,53.4
Afternoon,Aptitude,79.0,10,Thursday,50.11
Night,DSA,103.4,9,Wednesday,48.3
Night,DSA,35.3,1,Monday,47.99
Evening,DSA,99.9,2,Monday,59.94
Evening,Ai,35.8,10,Friday,53.55
Evening,Java,84.4,5,Friday,54.39
Afternoon,Java,57.4,5,Wednesday,45.56
Evening,Aptitude,22.6,6,Monday,55.7
Evening,Aptitude,88.6,8,Saturday,48.0
Morning,DSA,34.0,1,Thursday,64.68
Night,Java,29.4,10,Saturday,37.42
Night,Java,49.4,9,Tuesday,42.82
Evening,Aptitude,81.9,4,Sunday,54.72
Night,Ai,35.7,8,Friday,47.52
Morning,Python,30.2,5,Wednesday,56.28
Morning,Python,11.1,1,Saturday,56.0
Evening,Machine Learning,61.9,9,Friday,51.46
Morning,Java,57.2,8,Wednesday,59.16
Night,Operating Systems,35.7,5,Monday,45.99
Afternoon,Python,15.9,4,Friday,55.77
Night,Machine Learning,57.2,8,Sunday,39.3
Afternoon,DBMS,96.7,9,Saturday,47.47
Evening,Operating Systems,88.7,7,Wednesday,51.07
Afternoon,Java,104.7,4,Wednesday,57.51
Morning,Python,11.1,7,Saturday,61.06
Night,Ai,116.3,6,Sunday,40.57
Afternoon,DBMS,47.6,3,Friday,56.15
Night,Machine Learning,118.9,10,Tuesday,44.85
Evening,Python,37.8,3,Thursday,58.1
Evening,Java,61.9,1,Sunday,52.02
Morning,Python,48.9,5,Monday,67.08
Evening,Aptitude,49.1,8,Saturday,60.07
Afternoon,DBMS,102.7,6,Sunday,52.0
Evening,Python,92.1,8,Saturday,54.16
Morning,DSA,119.1,7,Friday,65.7
Night,Ai,77.5,2,Friday,43.7
Night,Aptitude,61.0,8,Tuesday,40.59
Evening,Aptitude,19.9,4,Monday,59.05
Afternoon,Python,119.6,5,Friday,59.2
Morning,Ai,70.7,8,Tuesday,60.0
Afternoon,Aptitude,87.1,5,Saturday,55.24
Morning,Operating Systems,54.7,5,Thursday,52.75
Evening,DBMS,70.2,6,Wednesday,54.54
Morning,Operating Systems,113.7,7,Thursday,55.73
Morning,Machine Learning,28.3,9,Thursday,53.64
Evening,Operating Systems,42.2,7,Thursday,54.84
Afternoon,Ai,26.7,6,Thursday,58.61
Evening,DSA,97.1,10,Wednesday,60.59
Morning,Aptitude,16.8,4,Saturday,63.98
Evening,Ai,19.0,10,Monday,57.22
Morning,Aptitude,42.8,2,Monday,58.56
Evening,Java,66.6,9,Saturday,53.68
Night,DSA,54.7,10,Tuesday,36.92
Night,Aptitude,14.9,5,Tuesday,52.73
Evening,Operating Systems,115.3,5,Friday,46.08
Afternoon,Java,114.8,3,Thursday,49.36
Morning,Java,40.7,3,Thursday,60.0
Night,Machine Learning,90.5,1,Wednesday,47.23
Afternoon,Java,73.6,5,Thursday,52.2
Morning,Java,36.1,3,Wednesday,62.53
Night,Python,38.8,2,Friday,35.25
Night,DSA,64.0,9,Sunday,40.16
Evening,Operating Systems,56.1,10,Tuesday,51.83
Morning,Ai,42.0,6,Tuesday,60.75
Afternoon,Operating Systems,98.8,3,Friday,49.34
Afternoon,Operating Systems,63.0,7,Friday,51.11
Afternoon,Python,82.0,9,Saturday,43.04
Morning,DBMS,30.8,9,Thursday,60.51
Afternoon,Aptitude,68.7,1,Tuesday,58.75
Afternoon,Aptitude,45.0,2,Monday,60.64
Afternoon,Ai,67.9,8,Friday,56.75
Evening,Java,95.9,1,Tuesday,45.85
Evening,Machine Learning,94.6,3,Tuesday,51.55
Morning,Ai,49.0,7,Wednesday,57.5
Morning,DBMS,86.4,8,Sunday,57.77
Afternoon,Aptitude,113.5,5,Tuesday,56.63
Evening,Machine Learning,78.8,2,Friday,52.77
Night,Ai,26.3,3,Sunday,37.4
Night,Machine Learning,84.8,9,Sunday,45.81
Afternoon,Operating Systems,21.5,10,Thursday,51.86
Afternoon,DSA,105.9,7,Tuesday,52.86
Evening,Operating Systems,66.8,1,Monday,60.05
Evening,Python,52.4,3,Friday,55.3
Evening,Java,16.3,9,Thursday,49.09
Morning,Aptitude,51.9,7,Saturday,58.09
Morning,Machine Learning,109.4,2,Thursday,56.28
Afternoon,Ai,12.3,6,Friday,50.37
Morning,Java,62.2,9,Saturday,64.08
Evening,DSA,112.4,4,Thursday,55.0
Evening,Ai,53.4,10,Monday,64.2
Morning,Aptitude,57.1,2,Tuesday,61.47
Night,Machine Learning,73.6,3,Friday,41.57
Afternoon,Machine Learning,60.9,7,Tuesday,41.7
Night,Operating Systems,28.5,4,Tuesday,46.12
Afternoon,DSA,12.0,7,Thursday,44.42
Night,DSA,77.1,5,Friday,46.67
Morning,Aptitude,111.3,8,Tuesday,59.43
Afternoon,Machine Learning,21.7,8,Wednesday,47.27
Afternoon,Java,33.2,5,Monday,50.43
Afternoon,DSA,50.7,7,Saturday,47.17
Evening,DSA,99.0,6,Thursday,53.83
Evening,Ai,39.6,8,Friday,65.68
Night,Aptitude,107.0,9,Friday,41.14
Morning,Operating Systems,16.0,5,Thursday,65.12
Evening,Ai,113.5,7,Tuesday,61.28
Afternoon,Ai,71.7,1,Thursday,44.46
Evening,DBMS,82.5,8,Sunday,52.28
Morning,Python,50.4,3,Friday,63.78
Evening,DBMS,96.0,1,Wednesday,55.86
Afternoon,DSA,28.3,6,Sunday,46.66
Night,Machine Learning,15.4,8,Tuesday,46.13
Afternoon,Python,53.5,3,Saturday,38.52
Morning,Python,103.9,1,Thursday,61.51
Night,Machine Learning,93.0,3,Friday,40.9
Evening,Python,66.9,5,Saturday,50.4
Evening,Machine Learning,72.9,8,Friday,57.4
Evening,Python,24.3,9,Friday,62.16
Night,Ai,102.5,9,Wednesday,50.68
Afternoon,Java,96.6,4,Tuesday,54.26
Night,Aptitude,82.2,8,Thursday,39.01
Night,Aptitude,61.3,5,Tuesday,45.73
Morning,DBMS,116.1,3,Friday,65.55
Night,Ai,106.7,5,Wednesday,32.41
Evening,Python,80.9,2,Saturday,62.13
Afternoon,Operating Systems,50.9,6,Sunday,40.73
Afternoon,Machine Learning,78.0,1,Wednesday,43.55
Afternoon,Ai,73.3,6,Friday,53.83
Evening,Python,53.4,5,Tuesday,66.75
Evening,Aptitude,43.7,9,Saturday,47.33
Evening,Aptitude,54.8,7,Tuesday,51.07
Evening,Machine Learning,73.1,6,Wednesday,59.28
Evening,Operating Systems,57.1,7,Saturday,52.82
Night,Python,39.0,10,Monday,45.76
Evening,Python,93.7,5,Wednesday,58.05
Evening,Operating Systems,68.5,1,Saturday,62.92
Evening,Operating Systems,17.4,9,Wednesday,58.85
Evening,Operating Systems,50.5,5,Thursday,56.78
Afternoon,Aptitude,107.3,4,Wednesday,52.9
Evening,Machine Learning,93.1,6,Sunday,52.08
Night,Ai,45.6,5,Monday,49.57
Night,Java,113.2,1,Saturday,38.81
Night,Operating Systems,18.4,2,Saturday,41.66
Morning,Machine Learning,115.7,4,Wednesday,57.9
Afternoon,DBMS,37.0,8,Tuesday,45.37
Evening,Python,11.0,5,Thursday,51.51
Morning,Python,57.7,7,Sunday,65.98
Evening,Java,49.5,2,Thursday,58.54
Morning,Java,69.3,8,Wednesday,68.84
Morning,DSA,97.6,5,Thursday,61.52
Night,DBMS,102.7,4,Thursday,46.6
Night,Ai,54.1,9,Wednesday,43.98
Morning,Java,57.3,6,Monday,65.04
Night,Operating Systems,26.3,4,Saturday,35.64
Morning,Operating Systems,15.2,8,Wednesday,61.52
Afternoon,Ai,80.5,3,Tuesday,54.62
Night,Aptitude,17.1,10,Friday,44.58
Night,DBMS,90.7,2,Monday,47.21
Night,Operating Systems,69.3,7,Wednesday,52.92
Afternoon,Java,31.8,4,Monday,48.85
Morning,DSA,69.3,4,Friday,61.1
Evening,Machine Learning,30.1,10,Thursday,58.12
Night,Python,58.3,9,Thursday,45.41
Morning,DBMS,98.0,2,Friday,54.61
Afternoon,Python,60.8,1,Thursday,55.65
Evening,Machine Learning,26.4,7,Monday,53.58
Night,DBMS,89.6,8,Thursday,44.87
Afternoon,Java,30.5,3,Friday,50.85
Afternoon,Machine Learning,91.2,2,Friday,42.09
Evening,Operating Systems,62.7,4,Saturday,50.75
Morning,Ai,59.9,2,Friday,63.57
Night,Operating Systems,103.7,2,Tuesday,44.99
Night,Java,87.9,5,Sunday,39.42
Morning,Ai,13.6,10,Monday,56.3
Morning,Operating Systems,42.6,5,Friday,61.36
Morning,Machine Learning,105.8,8,Saturday,59.21
Evening,Machine Learning,12.0,9,Monday,58.13
Evening,Machine Learning,70.0,2,Saturday,47.22
Night,Python,90.1,1,Tuesday,55.12
Evening,Java,78.4,3,Monday,55.57
Afternoon,Machine Learning,93.7,6,Wednesday,39.8
Night,Operating Systems,89.8,5,Sunday,42.59
Evening,DSA,86.1,8,Sunday,45.98
Morning,Java,100.4,8,Tuesday,62.05
Afternoon,Machine Learning,81.0,2,Tuesday,49.39
Morning,DSA,54.3,9,Thursday,51.38
Night,Ai,61.9,4,Friday,52.19
Morning,Operating Systems,88.8,1,Tuesday,56.77
Evening,Machine Learning,106.4,2,Sunday,40.91
Evening,Python,39.9,6,Monday,63.4
Night,Python,47.6,5,Wednesday,50.05
Morning,Ai,112.4,7,Monday,58.72
Night,DSA,73.6,9,Sunday,41.24
Morning,Aptitude,29.7,6,Monday,59.42
Afternoon,Python,83.0,6,Wednesday,44.07
Evening,Java,119.0,2,Saturday,45.01
Night,Python,100.6,7,Thursday,51.76
Afternoon,Python,92.0,2,Sunday,51.06
Afternoon,Operating Systems,32.9,7,Friday,54.58
Night,Python,106.4,8,Sunday,50.04
Night,DBMS,67.8,1,Tuesday,28.46
Afternoon,Machine Learning,107.8,9,Friday,45.96
Morning,Ai,46.3,8,Thursday,54.22
Afternoon,Python,16.8,9,Saturday,48.36
Night,Aptitude,62.4,5,Wednesday,35.74
Afternoon,Java,39.7,4,Friday,52.99
Morning,Aptitude,88.7,1,Sunday,60.3
Evening,Python,115.3,9,Monday,68.37
Evening,Python,86.0,4,Tuesday,56.5
Afternoon,DBMS,107.6,4,Tuesday,53.39
Morning,Python,59.8,4,Saturday,63.85
Evening,Python,94.9,2,Thursday,65.59
Afternoon,Machine Learning,102.7,4,Thursday,42.34
Afternoon,Aptitude,88.2,2,Wednesday,54.48
Morning,DBMS,65.9,8,Thursday,61.99
Night,Aptitude,78.8,7,Friday,36.91
Afternoon,DBMS,87.1,10,Tuesday,52.34
Night,Aptitude,37.8,2,Wednesday,48.71
Night,Python,99.1,2,Sunday,35.57
Evening,Aptitude,114.5,2,Thursday,54.62
Night,Aptitude,61.2,1,Monday,45.39
Morning,DBMS,87.1,6,Tuesday,60.24
Evening,Ai,91.1,6,Wednesday,58.12
Evening,DSA,82.8,1,Tuesday,51.0
Evening,DBMS,70.2,1,Friday,49.53
Afternoon,DBMS,107.0,6,Saturday,49.44
Afternoon,DBMS,59.4,6,Thursday,57.86
Night,Operating Systems,16.7,4,Saturday,49.49
Evening,Ai,102.9,3,Sunday,63.95
Evening,Operating Systems,84.1,9,Thursday,53.15
Morning,Operating Systems,103.4,6,Thursday,59.16
Night,DBMS,25.2,1,Sunday,31.24
Morning,DSA,13.4,3,Monday,55.92
Night,DBMS,112.8,1,Friday,37.1
Night,Python,26.3,3,Monday,45.27
Afternoon,DSA,99.1,2,Sunday,52.81
Afternoon,Operating Systems,100.6,5,Friday,55.32
Morning,Java,88.0,3,Friday,58.35
Night,Aptitude,24.4,7,Sunday,39.13
Evening,Aptitude,83.4,8,Friday,50.94
Afternoon,Ai,107.8,7,Thursday,54.31
Evening,Java,56.8,2,Sunday,50.43
Morning,Machine Learning,55.5,10,Thursday,59.32
Afternoon,Ai,58.7,10,Thursday,53.35
Afternoon,DSA,19.0,7,Monday,52.71
Night,Operating Systems,108.1,10,Wednesday,31.07
Morning,DSA,105.6,3,Saturday,58.8
Night,DSA,119.8,7,Sunday,41.5
Afternoon,Aptitude,74.4,1,Sunday,37.99
Morning,DBMS,92.6,2,Sunday,63.91
Afternoon,Python,32.3,10,Friday,52.99
Morning,Machine Learning,83.4,1,Sunday,47.26
Afternoon,Operating Systems,81.5,9,Sunday,44.09
Evening,DSA,109.1,2,Monday,52.95
Evening,Machine Learning,101.4,2,Thursday,66.06
Night,DSA,113.2,6,Saturday,36.63
Evening,Java,105.6,7,Thursday,51.56
Afternoon,Aptitude,105.6,2,Wednesday,50.9
Afternoon,Python,17.0,4,Thursday,62.71
Evening,Aptitude,103.1,3,Friday,53.84
Night,Machine Learning,76.8,5,Tuesday,40.77
Evening,Operating Systems,51.8,9,Sunday,52.9
Morning,DSA,16.2,2,Saturday,54.35
Morning,Python,84.5,5,Sunday,57.28
Morning,Java,46.1,8,Thursday,64.81
Evening,Aptitude,61.5,6,Wednesday,52.51
Evening,Java,85.0,4,Saturday,50.24
Evening,Machine Learning,110.3,10,Tuesday,58.0
Morning,Aptitude,100.8,8,Saturday,49.85
Night,DSA,59.6,3,Sunday,39.27
Afternoon,DSA,52.7,4,Sunday,37.68
Evening,Java,36.4,9,Friday,52.51
Night,Operating Systems,51.0,5,Friday,43.25
Afternoon,Python,22.2,6,Friday,50.33
Afternoon,DBMS,116.8,2,Wednesday,48.05
Afternoon,Aptitude,73.1,9,Tuesday,51.4
Night,DSA,24.1,8,Friday,38.41
Night,Machine Learning,48.8,7,Sunday,41.95
Morning,Aptitude,70.2,9,Thursday,57.47
Night,Operating Systems,68.6,5,Tuesday,48.79
Night,Operating Systems,13.9,5,Friday,44.69
Night,DSA,114.6,9,Tuesday,41.04
Afternoon,DSA,40.3,5,Saturday,39.45
Evening,Java,11.8,9,Thursday,56.48
Morning,DSA,18.4,1,Monday,58.04
Evening,Java,73.8,10,Friday,62.31
Evening,Ai,25.2,10,Thursday,62.69
Night,DBMS,14.6,8,Wednesday,42.57
Morning,DSA,51.8,3,Saturday,44.21
Evening,Aptitude,78.5,8,Friday,59.43
Evening,Aptitude,22.3,5,Monday,52.34
Morning,Java,44.5,2,Saturday,55.25
Night,Ai,56.0,9,Thursday,50.97
Evening,Ai,27.5,4,Saturday,53.74
Afternoon,Python,65.7,7,Thursday,56.24
Evening,Machine Learning,19.4,8,Tuesday,58.32
Afternoon,DSA,15.1,7,Friday,48.16
Night,Java,67.2,6,Monday,48.42
Evening,Aptitude,37.3,7,Wednesday,55.53
Morning,Ai,20.5,4,Tuesday,62.7
Morning,Aptitude,56.6,10,Friday,60.78
Evening,Aptitude,110.7,1,Monday,61.8
Night,Ai,89.7,5,Tuesday,38.59
Night,DBMS,99.7,8,Monday,42.83
Morning,Ai,105.9,10,Saturday,56.56
Evening,Ai,117.0,6,Monday,55.6
Night,Machine Learning,94.0,5,Tuesday,36.59
Morning,Java,76.9,2,Tuesday,56.28
Afternoon,Java,50.2,10,Friday,50.18
Evening,Ai,30.0,5,Tuesday,52.28
Afternoon,Operating Systems,85.5,10,Sunday,38.42
Afternoon,Java,119.4,3,Sunday,45.18
Night,Java,61.4,2,Saturday,35.93
Night,Java,89.6,3,Sunday,45.0
Night,Ai,64.5,4,Friday,46.47
Evening,Aptitude,57.5,2,Monday,59.5
Afternoon,DSA,55.1,4,Tuesday,50.04
Evening,Aptitude,65.5,4,Friday,49.63
Night,Machine Learning,50.4,6,Friday,27.27
Afternoon,Operating Systems,92.4,5,Wednesday,55.72
Evening,Ai,106.2,7,Friday,52.87
Evening,DBMS,107.1,7,Friday,43.84
Morning,Python,35.0,3,Wednesday,69.84
Evening,Ai,108.6,9,Thursday,57.89
Night,DSA,47.6,7,Saturday,48.77
Evening,Python,44.0,7,Tuesday,59.14
Afternoon,DBMS,89.9,2,Wednesday,53.32
Evening,Machine Learning,43.5,10,Sunday,47.46
Morning,Machine Learning,15.8,3,Friday,61.56
Afternoon,DBMS,51.1,3,Friday,59.68
Afternoon,Aptitude,89.4,6,Tuesday,54.15
Morning,DBMS,46.0,4,Saturday,55.22
Night,Java,79.3,4,Sunday,35.45
Afternoon,Java,82.6,1,Monday,55.72
Night,Ai,90.7,6,Wednesday,45.29
Afternoon,DSA,108.7,8,Thursday,49.51
Afternoon,Java,57.6,8,Tuesday,40.1
Night,Operating Systems,28.3,8,Tuesday,34.74
Afternoon,Ai,45.1,5,Wednesday,50.43
Night,Ai,57.5,10,Friday,40.5
Morning,Ai,88.5,6,Friday,61.05
Night,Python,11.4,5,Thursday,51.77
Morning,Python,44.7,4,Wednesday,59.16
Afternoon,Machine Learning,95.8,4,Tuesday,49.17
Night,Ai,83.8,4,Sunday,41.42
Afternoon,Aptitude,90.5,4,Wednesday,64.76
Night,Java,99.3,6,Monday,42.36
Morning,Machine Learning,96.2,6,Tuesday,54.51
Morning,DSA,85.0,5,Thursday,56.73
Night,DBMS,58.4,9,Thursday,50.82
Morning,Python,118.2,8,Tuesday,59.52
Afternoon,Ai,72.6,10,Friday,53.7
Afternoon,DSA,32.3,6,Tuesday,49.18
Evening,Machine Learning,42.2,9,Tuesday,53.31
Morning,Machine Learning,86.3,5,Monday,66.0
Afternoon,Python,111.7,10,Tuesday,42.97
Night,Machine Learning,29.7,4,Saturday,40.66
Morning,Aptitude,19.1,6,Sunday,60.49
Afternoon,Machine Learning,107.0,4,Saturday,46.97
Morning,Operating Systems,110.7,8,Wednesday,52.67
Night,Java,40.4,7,Wednesday,39.3
Afternoon,DBMS,51.5,5,Sunday,48.39
Evening,Machine Learning,82.6,10,Thursday,41.32
Evening,Java,46.3,6,Friday,52.35
Morning,Java,106.5,7,Thursday,53.85
Night,Operating Systems,21.8,2,Monday,45.96
Afternoon,DSA,14.2,9,Tuesday,48.21
Night,Machine Learning,32.9,7,Sunday,41.9
Afternoon,Aptitude,41.5,8,Thursday,45.66
Morning,DSA,22.4,5,Tuesday,60.33
Afternoon,Java,17.2,3,Thursday,50.02
Night,Java,93.1,2,Tuesday,40.71
Night,Ai,28.1,2,Thursday,50.47
Morning,Machine Learning,110.5,3,Saturday,58.5
Night,Python,50.5,1,Saturday,40.81
Afternoon,Operating Systems,83.8,1,Saturday,43.06
Morning,Operating Systems,34.8,7,Sunday,61.64
Afternoon,Python,36.4,10,Wednesday,43.94
Night,DBMS,73.2,8,Sunday,35.54
Morning,Java,71.7,6,Sunday,59.4
Afternoon,Ai,94.6,7,Monday,59.08
Night,Aptitude,93.4,1,Thursday,41.98
Night,Operating Systems,83.8,1,Wednesday,42.55
Evening,DSA,59.4,9,Sunday,49.9
Night,Java,108.0,5,Sunday,39.63
Afternoon,Aptitude,78.5,7,Friday,47.86
Morning,Operating Systems,118.9,6,Thursday,56.93
Evening,Ai,100.1,4,Tuesday,55.94
Night,DBMS,14.9,1,Monday,48.47
Night,Ai,45.3,4,Wednesday,45.79
Night,DSA,72.9,10,Wednesday,43.19
Afternoon,Ai,89.4,10,Monday,46.96
Evening,Aptitude,70.5,8,Thursday,49.12
Afternoon,Java,96.5,1,Tuesday,43.51
Evening,DSA,41.1,2,Friday,46.51
Morning,Java,30.2,8,Thursday,63.16
Afternoon,Python,15.9,2,Monday,49.09
Afternoon,Machine Learning,73.1,10,Thursday,49.99
Morning,Python,85.7,9,Sunday,55.43
Evening,Aptitude,45.9,3,Thursday,54.63
Night,Machine Learning,77.5,3,Monday,41.31
Morning,Python,15.7,6,Monday,69.87
Night,Machine Learning,20.9,3,Friday,40.62
Night,Operating Systems,87.2,9,Monday,49.21
Morning,Ai,50.5,8,Monday,53.02
Evening,DSA,83.8,4,Monday,60.77
Night,Machine Learning,101.5,6,Sunday,44.15
Morning,Operating Systems,103.8,8,Sunday,54.06
Afternoon,Ai,28.9,4,Sunday,43.99
Afternoon,Ai,63.5,5,Wednesday,55.96
Afternoon,DBMS,90.7,7,Monday,54.65
Morning,Java,95.1,8,Monday,58.82
Afternoon,Python,96.3,7,Monday,47.7
Night,DBMS,35.1,8,Friday,50.38
Afternoon,Java,31.2,4,Sunday,44.64
Afternoon,Java,74.9,1,Thursday,51.68
Night,Aptitude,91.5,6,Sunday,39.15
Afternoon,Operating Systems,45.1,5,Monday,48.9
Night,DBMS,21.5,4,Monday,54.52
Afternoon,DBMS,88.8,2,Friday,49.62
Night,Java,43.0,1,Thursday,52.19
Afternoon,Ai,28.3,9,Friday,42.39
Night,Operating Systems,26.2,2,Saturday,33.33
Morning,Ai,44.6,9,Tuesday,62.91
Night,DSA,75.2,6,Tuesday,40.15
Afternoon,Machine Learning,49.4,6,Tuesday,47.88
Afternoon,Aptitude,12.3,2,Monday,39.4
Evening,Aptitude,20.7,6,Friday,44.84
Night,Python,42.0,3,Monday,47.07
Morning,Ai,82.6,7,Tuesday,57.58
Night,Machine Learning,20.8,10,Thursday,41.32
Night,Java,71.7,4,Thursday,53.34
Morning,Python,23.2,9,Saturday,61.38
Night,Aptitude,33.3,5,Friday,55.72
Morning,Machine Learning,28.9,10,Saturday,55.38
Morning,DBMS,17.4,3,Sunday,64.48
Night,DSA,83.8,1,Thursday,48.92
Night,Java,61.0,1,Tuesday,42.47
Afternoon,DBMS,101.4,4,Saturday,46.14
Afternoon,DSA,20.9,10,Saturday,44.23
Evening,Java,25.9,10,Saturday,57.37
Evening,Ai,43.7,4,Friday,56.38
Night,Operating Systems,94.2,9,Sunday,37.4
Morning,Python,43.6,8,Friday,55.56
Evening,Python,54.9,4,Tuesday,50.73
Night,Operating Systems,43.2,6,Tuesday,40.52
Evening,Machine Learning,18.8,7,Tuesday,48.26
Morning,Operating Systems,113.3,10,Saturday,50.97
Night,Ai,70.3,8,Tuesday,50.61
Morning,Aptitude,96.7,4,Sunday,49.35
Night,Operating Systems,82.4,1,Friday,47.03
Evening,DSA,66.6,5,Thursday,65.4
Afternoon,Aptitude,19.9,1,Tuesday,50.44
Evening,Operating Systems,80.7,4,Wednesday,55.45
Evening,Python,27.1,7,Friday,58.14
Afternoon,DBMS,55.6,7,Monday,42.62
Afternoon,DSA,79.2,1,Thursday,51.17
Night,Ai,96.0,9,Friday,46.68
Night,DSA,85.4,2,Tuesday,43.8
Morning,Java,83.9,5,Saturday,48.55
Morning,Machine Learning,26.4,6,Sunday,64.47
Evening,DBMS,48.1,1,Wednesday,56.19
Afternoon,DSA,14.7,2,Monday,42.89
Morning,Java,89.1,7,Thursday,54.98
Evening,Operating Systems,114.8,6,Tuesday,51.11
Afternoon,DSA,39.1,6,Friday,56.94
Night,DSA,19.6,6,Friday,43.38
Evening,DSA,62.3,7,Thursday,53.38
Night,Machine Learning,104.2,10,Wednesday,40.35
Morning,DSA,70.7,9,Saturday,61.13
Morning,DSA,15.1,9,Sunday,61.39
Afternoon,Machine Learning,117.2,2,Tuesday,40.43
Evening,Java,101.2,2,Thursday,54.5
Night,Aptitude,24.5,5,Thursday,43.92
Afternoon,DBMS,111.4,10,Friday,45.23
Morning,Java,59.6,7,Thursday,57.09
Morning,Ai,50.9,3,Monday,58.54
Evening,Aptitude,60.7,3,Monday,49.96
Night,Python,101.8,4,Tuesday,48.46
Evening,Machine Learning,82.5,3,Thursday,54.35
Night,Machine Learning,16.5,3,Friday,45.59
Night,DSA,115.3,8,Saturday,38.66
Evening,DSA,26.3,7,Tuesday,43.25
Afternoon,Ai,92.0,7,Wednesday,46.43
Evening,Python,80.0,10,Friday,51.74
Evening,DSA,30.6,2,Wednesday,53.15
Morning,Operating Systems,28.8,9,Tuesday,62.86
Morning,DSA,105.7,6,Monday,68.45
Evening,DSA,56.2,3,Friday,49.47
Evening,Operating Systems,82.0,9,Saturday,52.64
Morning,Python,65.4,9,Friday,62.87
Night,Operating Systems,90.0,6,Tuesday,52.2
Evening,Machine Learning,62.7,10,Friday,54.1
Afternoon,Operating Systems,41.6,6,Friday,48.18
Afternoon,DBMS,50.0,8,Tuesday,49.79
Afternoon,Machine Learning,104.5,8,Sunday,46.74
Evening,DSA,61.5,6,Thursday,57.69
Night,Ai,33.5,7,Tuesday,53.51
Night,Machine Learning,112.8,4,Friday,51.0
Morning,Python,97.6,1,Saturday,55.19
Evening,Python,16.1,4,Saturday,46.48
Night,Operating Systems,119.9,8,Tuesday,38.76
Evening,Machine Learning,86.4,8,Friday,54.2
Morning,DSA,27.6,2,Wednesday,64.63
Morning,Python,36.1,7,Wednesday,60.78
Morning,Aptitude,86.2,1,Monday,55.21
Afternoon,DSA,95.8,2,Sunday,38.67
Evening,Aptitude,36.3,8,Tuesday,62.93
Morning,DBMS,38.3,10,Tuesday,57.57
Evening,Aptitude,43.8,4,Wednesday,47.29
Afternoon,Java,75.8,3,Wednesday,49.87
Afternoon,Python,28.9,2,Wednesday,52.02
Morning,Operating Systems,21.5,6,Saturday,61.42
Morning,DBMS,84.7,4,Saturday,51.03
Night,Machine Learning,95.7,3,Monday,48.82
Evening,DSA,65.1,3,Monday,60.58
Morning,Python,50.0,10,Thursday,62.46
Night,DBMS,57.5,3,Saturday,45.03
Evening,DBMS,52.7,8,Tuesday,59.06
Morning,Java,115.6,9,Monday,57.0
Night,Python,94.5,9,Friday,40.06
Night,Machine Learning,32.9,5,Tuesday,40.06
Evening,Machine Learning,52.3,1,Thursday,44.21
Night,Operating Systems,69.8,10,Wednesday,47.36
Evening,Ai,77.4,5,Thursday,63.0
Evening,Aptitude,61.5,1,Tuesday,50.7
Evening,Machine Learning,99.1,9,Wednesday,50.69
Afternoon,Java,94.4,10,Thursday,48.74
Night,Operating Systems,65.6,8,Thursday,55.32
Evening,Aptitude,104.0,7,Tuesday,52.73
Morning,DBMS,92.6,2,Monday,65.6
Afternoon,Python,95.6,2,Friday,52.18
Afternoon,Machine Learning,115.2,4,Thursday,32.15
Night,Operating Systems,39.3,9,Friday,42.49
Evening,DBMS,39.4,9,Saturday,56.4
Night,Machine Learning,107.8,8,Saturday,37.52
Afternoon,DSA,94.9,5,Tuesday,51.56
Evening,Ai,111.9,7,Sunday,60.66
Morning,DBMS,16.9,9,Tuesday,62.59
Evening,Java,79.1,3,Sunday,48.82
Afternoon,Java,25.9,4,Sunday,50.55
Morning,Machine Learning,65.4,2,Sunday,57.44
Evening,Java,27.1,9,Monday,59.85
Morning,DBMS,24.1,7,Sunday,56.54
Morning,Python,11.3,6,Wednesday,57.96
Afternoon,Python,79.3,5,Friday,54.69
Morning,Ai,49.5,7,Thursday,62.85
Night,Python,21.6,3,Wednesday,44.35
Afternoon,Aptitude,45.5,5,Saturday,39.29
Night,DSA,28.6,2,Saturday,38.72
Morning,Python,113.6,5,Friday,56.12
Night,Java,45.2,7,Friday,43.65
Evening,DSA,46.7,10,Sunday,54.89
Morning,Python,102.4,7,Wednesday,51.98
Evening,Aptitude,81.3,9,Wednesday,56.55
Night,Java,88.1,3,Monday,47.06
Evening,DBMS,80.0,8,Thursday,50.38
Morning,Machine Learning,114.1,5,Thursday,59.74
Evening,Machine Learning,32.8,7,Thursday,58.85
Night,Python,118.8,1,Sunday,46.16
Night,Machine Learning,101.4,1,Saturday,50.29
Night,Python,74.8,4,Saturday,44.42
Morning,Python,82.9,5,Wednesday,67.02
Night,Java,81.4,10,Monday,55.16
Morning,Ai,16.4,3,Tuesday,62.54
Evening,Operating Systems,34.0,6,Monday,63.77
Night,Operating Systems,115.8,3,Saturday,44.28
Evening,Ai,68.8,5,Sunday,59.28
Afternoon,Operating Systems,51.6,1,Wednesday,44.41
Evening,DSA,93.8,3,Monday,54.31
Afternoon,Operating Systems,67.7,7,Wednesday,62.35
Evening,Python,11.4,3,Friday,47.9
Morning,Aptitude,91.0,5,Friday,56.15
Evening,Aptitude,90.5,7,Tuesday,65.87
Morning,DBMS,28.2,2,Saturday,56.46
Morning,Java,115.2,3,Sunday,56.46
Night,Operating Systems,34.6,4,Friday,49.58
Morning,Aptitude,60.4,5,Tuesday,66.27
Afternoon,Operating Systems,22.6,9,Thursday,48.15
Night,Java,76.4,9,Wednesday,36.8
Night,DBMS,51.3,4,Sunday,37.37
Evening,Aptitude,48.8,9,Thursday,52.2
Morning,Python,101.0,4,Thursday,56.12
Morning,DSA,11.1,2,Tuesday,54.7
Afternoon,Ai,97.8,10,Wednesday,50.05
Evening,Ai,72.9,1,Tuesday,50.76
Evening,Ai,118.5,7,Monday,63.83
Night,Operating Systems,74.8,4,Thursday,42.98
Night,Aptitude,16.1,8,Wednesday,37.36
Night,Java,15.6,8,Thursday,50.87
Afternoon,Java,107.1,8,Monday,66.11
Afternoon,Aptitude,102.5,6,Saturday,45.35
Night,DBMS,48.0,9,Monday,46.28
Evening,Python,78.0,4,Saturday,60.52
Afternoon,Machine Learning,63.9,5,Wednesday,46.11
Evening,Aptitude,116.4,4,Wednesday,64.37
Evening,DSA,114.5,5,Sunday,42.98
Morning,DBMS,118.2,2,Monday,59.41
Night,Aptitude,105.3,5,Thursday,40.92
Morning,Aptitude,110.1,10,Friday,54.34
Night,DBMS,33.9,8,Thursday,41.05
Night,DBMS,101.4,9,Friday,47.57
Evening,Operating Systems,88.0,7,Tuesday,59.6
Night,Aptitude,115.9,7,Wednesday,48.54
Evening,Machine Learning,72.8,6,Monday,45.64
Evening,DSA,19.4,2,Tuesday,56.76
Night,Python,75.7,10,Thursday,46.4
Evening,Python,85.5,10,Friday,54.09
Evening,Machine Learning,34.2,9,Saturday,48.91
Evening,Java,53.4,5,Wednesday,63.33
Afternoon,DBMS,75.8,6,Friday,48.62
Evening,DBMS,51.2,1,Thursday,58.82
Afternoon,Java,51.2,5,Sunday,52.16
Afternoon,DBMS,24.6,6,Thursday,54.4
Evening,Java,113.5,10,Monday,52.71
Evening,Aptitude,92.6,2,Tuesday,52.99
Afternoon,Java,10.1,7,Wednesday,51.37
Afternoon,DBMS,94.2,4,Monday,47.23
Evening,DBMS,91.4,5,Friday,50.74
Evening,Aptitude,11.1,3,Sunday,52.5
Night,Java,50.7,5,Tuesday,40.97
Afternoon,Aptitude,76.7,4,Wednesday,47.84
Afternoon,Machine Learning,59.8,10,Friday,46.63
Night,Operating Systems,95.6,6,Wednesday,42.22
Afternoon,Aptitude,56.8,2,Wednesday,48.72
Morning,DSA,26.9,3,Saturday,53.85
Afternoon,DBMS,117.4,10,Saturday,57.22
Night,Operating Systems,36.6,1,Sunday,50.84
Morning,Python,88.9,7,Tuesday,59.87
Evening,Machine Learning,25.7,9,Saturday,47.71
Night,Java,46.2,2,Friday,43.88
Night,Operating Systems,58.6,7,Saturday,43.19
Evening,Aptitude,31.1,3,Sunday,51.49
Night,DBMS,59.5,5,Sunday,42.08
Afternoon,DBMS,27.3,6,Monday,53.95
Evening,DBMS,71.5,8,Monday,50.66
Night,Operating Systems,83.0,4,Monday,42.03
Evening,DBMS,16.9,2,Sunday,44.8
Evening,Aptitude,105.8,3,Wednesday,53.0
Evening,Java,30.4,8,Thursday,55.18
Morning,Operating Systems,34.8,7,Tuesday,60.22
Night,DBMS,82.7,6,Monday,51.27
Morning,Python,61.6,5,Tuesday,57.63
Night,Python,64.9,5,Saturday,35.84
Afternoon,DSA,24.1,1,Wednesday,49.45
Afternoon,DBMS,98.6,6,Tuesday,49.08
Afternoon,DBMS,77.9,9,Monday,54.27
Night,Operating Systems,24.9,8,Monday,45.41
Evening,Operating Systems,51.1,10,Sunday,58.4
Evening,Ai,99.1,1,Wednesday,54.3
Morning,Java,72.5,6,Wednesday,57.42
Morning,DBMS,22.0,3,Friday,63.55
Afternoon,DSA,51.0,6,Wednesday,51.41
Morning,Java,36.7,9,Thursday,56.43
Night,DBMS,66.9,6,Thursday,47.72
Night,Java,102.8,8,Monday,47.21
Morning,Aptitude,58.0,6,Saturday,56.74
Morning,Operating Systems,57.7,6,Wednesday,65.6
Morning,DBMS,109.6,7,Thursday,67.29
Morning,Java,73.4,10,Sunday,54.1
Afternoon,Operating Systems,72.3,4,Thursday,52.44
Afternoon,DBMS,38.8,8,Sunday,47.36
Morning,Machine Learning,76.8,4,Friday,55.76
Night,Operating Systems,73.4,7,Saturday,41.39
Afternoon,Java,53.7,1,Sunday,38.17
Night,DSA,119.0,9,Saturday,46.38
Evening,Machine Learning,107.0,10,Wednesday,56.94
Night,Aptitude,92.5,9,Friday,35.39
Morning,DBMS,69.1,7,Saturday,56.07
Evening,Ai,60.8,8,Saturday,53.68
Afternoon,Aptitude,30.3,2,Sunday,51.27
Afternoon,Operating Systems,43.6,10,Tuesday,48.68
Evening,Machine Learning,95.1,10,Friday,51.77
Night,Aptitude,59.9,7,Saturday,43.84
Afternoon,DSA,107.0,1,Tuesday,45.6
Morning,Ai,26.3,3,Tuesday,68.32
Evening,Operating Systems,65.9,6,Saturday,52.52
Morning,Machine Learning,81.2,5,Sunday,55.97
Evening,Aptitude,66.9,5,Wednesday,61.74
Afternoon,Machine Learning,107.8,9,Tuesday,47.88
Night,Machine Learning,118.9,6,Tuesday,49.79
Evening,Aptitude,22.7,3,Friday,46.98
Evening,Python,24.3,2,Wednesday,62.77
Morning,DBMS,24.3,9,Sunday,62.17
Afternoon,Java,84.9,10,Wednesday,39.73
Morning,Operating Systems,51.0,4,Tuesday,58.38
Afternoon,Operating Systems,90.7,5,Sunday,49.03
Morning,Ai,54.6,9,Friday,64.05
Evening,Ai,79.0,5,Friday,61.55
Morning,Ai,94.7,7,Friday,52.52
Night,Operating Systems,70.3,2,Friday,45.4
Afternoon,Machine Learning,69.3,2,Monday,43.3
Afternoon,Ai,19.7,4,Sunday,43.45
Evening,Aptitude,55.2,8,Saturday,56.01
Afternoon,DBMS,70.0,2,Tuesday,46.02
Night,DSA,60.8,10,Tuesday,44.01
Morning,Operating Systems,109.1,7,Tuesday,57.78
Evening,Aptitude,109.7,1,Wednesday,60.01
Night,DBMS,100.4,9,Sunday,32.83
Afternoon,DBMS,51.3,10,Wednesday,56.21
Afternoon,Python,88.9,6,Friday,59.44
Night,Java,53.5,1,Saturday,44.97
Morning,Aptitude,35.6,10,Sunday,58.13
Morning,Operating Systems,47.7,6,Wednesday,49.8
Evening,Ai,17.8,5,Thursday,58.21
Afternoon,Machine Learning,46.5,5,Sunday,50.04
Night,Ai,60.7,5,Tuesday,45.51
Morning,DBMS,115.1,4,Tuesday,56.73
Evening,DBMS,44.5,7,Monday,62.32
Afternoon,DSA,109.3,9,Monday,44.67
Afternoon,Ai,35.2,4,Thursday,55.65
Evening,Java,31.0,2,Monday,57.64
Evening,Java,67.1,2,Saturday,51.13
Morning,Python,84.0,2,Friday,74.2
Night,Java,14.9,7,Friday,47.41
Afternoon,DBMS,34.3,4,Sunday,49.92
Night,DBMS,60.1,4,Tuesday,47.55
Afternoon,Java,46.4,1,Friday,51.51
Afternoon,Machine Learning,88.4,4,Monday,47.52
Night,Machine Learning,66.2,6,Thursday,46.79
Evening,Java,27.6,2,Saturday,52.49
Morning,DSA,108.4,4,Friday,49.89
Afternoon,Aptitude,42.2,7,Tuesday,45.88
Evening,DSA,90.4,9,Tuesday,59.76
Afternoon,DSA,95.8,2,Saturday,50.42
Morning,Java,115.9,8,Monday,54.81
Afternoon,Machine Learning,64.8,6,Friday,45.28
Morning,Ai,77.7,8,Monday,56.93
Morning,Ai,46.8,2,Tuesday,67.28
Afternoon,Java,84.6,1,Thursday,42.3
Afternoon,Ai,61.0,7,Friday,46.93
Morning,Aptitude,58.1,9,Sunday,57.4
Evening,Machine Learning,104.1,9,Thursday,45.78
Night,Java,15.5,2,Saturday,42.41
Morning,Python,107.0,4,Friday,56.78
Afternoon,Operating Systems,103.7,1,Tuesday,45.81
Afternoon,Operating Systems,65.7,7,Friday,47.4
Evening,Java,63.9,2,Tuesday,54.09
Night,Java,49.8,4,Wednesday,42.18
Morning,Python,119.4,2,Tuesday,62.48
Morning,Ai,22.2,1,Tuesday,66.23
Night,Operating Systems,74.9,7,Saturday,46.33
Morning,Aptitude,85.0,6,Friday,67.57
Night,Java,112.8,2,Thursday,44.63
Afternoon,Machine Learning,95.8,4,Tuesday,47.64
Night,Operating Systems,80.8,3,Friday,46.04
Morning,Aptitude,22.8,3,Tuesday,52.33
Night,Machine Learning,51.1,3,Monday,48.17
Evening,Java,25.3,4,Monday,53.13
Afternoon,Aptitude,106.9,1,Monday,49.78
Afternoon,Python,92.5,1,Monday,54.14
Night,Java,93.3,7,Thursday,41.14
Morning,DSA,81.7,5,Saturday,52.3
Evening,Python,65.8,3,Tuesday,58.95
Afternoon,Operating Systems,26.5,9,Monday,52.18
Afternoon,Machine Learning,46.3,5,Friday,59.44
Morning,Aptitude,25.1,10,Monday,61.22
Morning,Operating Systems,89.7,3,Wednesday,62.67
Evening,Operating Systems,27.6,9,Wednesday,66.63
Night,Java,87.2,1,Saturday,43.73
Morning,DSA,86.1,9,Thursday,61.17
Night,Ai,60.5,5,Sunday,27.43
Evening,Operating Systems,24.9,6,Wednesday,53.07
Night,DSA,44.6,2,Friday,45.02
Afternoon,Machine Learning,45.2,8,Monday,44.19
Night,Machine Learning,87.0,3,Wednesday,44.07
Evening,Aptitude,22.5,1,Wednesday,58.59
Evening,Ai,101.2,7,Thursday,59.62
Evening,DSA,93.7,3,Wednesday,53.45
Night,Python,30.5,4,Monday,39.21
Afternoon,Machine Learning,89.1,5,Saturday,45.43
Morning,Java,83.5,1,Sunday,54.9
Afternoon,Ai,92.3,9,Saturday,43.16
Night,Aptitude,30.8,7,Saturday,40.59
Night,Python,27.3,2,Sunday,42.27
Morning,Machine Learning,36.0,1,Tuesday,56.91
Night,Machine Learning,50.2,2,Monday,40.71
Evening,Aptitude,97.3,3,Wednesday,62.19
Evening,Aptitude,91.2,3,Wednesday,56.33
Evening,DBMS,111.8,8,Sunday,53.35
Evening,Java,16.4,5,Wednesday,57.08
Evening,Operating Systems,11.3,9,Thursday,48.13
Night,Operating Systems,86.9,3,Friday,50.07
Morning,Python,40.7,6,Monday,78.26
Morning,Operating Systems,46.7,4,Saturday,52.19
Evening,Python,70.1,8,Wednesday,53.63
Night,Ai,21.3,1,Sunday,39.26
Afternoon,Machine Learning,80.7,4,Tuesday,49.49
Afternoon,DBMS,45.8,7,Thursday,49.32
Night,DBMS,79.6,9,Friday,42.43
Evening,Java,101.7,1,Wednesday,57.93
Morning,Java,28.8,8,Saturday,58.94
Night,Machine Learning,112.4,2,Monday,49.11
Afternoon,Aptitude,68.4,4,Tuesday,50.72
Afternoon,Java,111.5,4,Saturday,46.8
Afternoon,Java,32.9,8,Thursday,47.83
Evening,DSA,76.5,2,Monday,55.18
Afternoon,DSA,54.4,7,Sunday,40.79
Night,Operating Systems,95.2,3,Monday,50.44
Night,Aptitude,76.6,9,Thursday,48.13
Afternoon,Python,64.4,5,Sunday,50.12
Night,Ai,110.4,8,Monday,42.99
Afternoon,DBMS,51.5,5,Sunday,55.19
Afternoon,Operating Systems,34.2,1,Sunday,44.26
Morning,Java,76.9,9,Tuesday,55.75
Evening,Machine Learning,78.6,10,Tuesday,51.45
Evening,Aptitude,58.3,7,Sunday,56.13
Morning,Java,63.5,4,Monday,67.17
Morning,DBMS,115.6,7,Wednesday,65.3
Evening,Python,90.6,5,Monday,50.45
Afternoon,Python,22.2,10,Wednesday,51.71
Afternoon,DSA,33.3,9,Monday,46.59
Evening,Operating Systems,117.3,2,Saturday,53.99
Afternoon,Java,89.9,4,Friday,48.54
Morning,Machine Learning,110.7,6,Tuesday,61.88
Afternoon,DBMS,43.4,5,Monday,47.72
Afternoon,Java,91.6,1,Tuesday,45.78
Night,Ai,88.5,9,Thursday,51.54
Night,Python,42.4,9,Friday,46.84
Night,Java,70.6,3,Wednesday,49.42
Afternoon,DBMS,79.0,4,Thursday,44.24
Evening,Machine Learning,62.9,4,Friday,48.23
Morning,DBMS,101.0,10,Thursday,53.66
Afternoon,Operating Systems,101.6,8,Tuesday,46.13
Evening,DSA,103.6,6,Saturday,47.61
Afternoon,DBMS,98.4,2,Friday,46.18
Morning,Aptitude,63.7,4,Thursday,59.8
Afternoon,Java,52.0,1,Wednesday,45.0
Morning,DSA,101.5,3,Friday,55.21
Afternoon,Machine Learning,63.9,4,Friday,49.09
Morning,DSA,37.1,8,Thursday,68.81
Afternoon,DBMS,65.8,3,Saturday,49.38
Morning,DBMS,25.6,5,Sunday,58.92
Night,Aptitude,86.1,1,Sunday,40.66
Afternoon,Python,47.0,4,Sunday,39.1
Afternoon,Java,38.7,2,Sunday,46.0
Evening,Aptitude,115.2,4,Monday,49.89
Evening,DBMS,95.5,5,Wednesday,60.11
Morning,Ai,96.6,3,Wednesday,67.86
Afternoon,DSA,78.6,6,Sunday,41.45
Morning,Aptitude,102.3,2,Thursday,59.89
Night,Aptitude,93.5,5,Saturday,35.2
Evening,Java,75.9,4,Tuesday,59.14
Morning,Ai,115.7,5,Tuesday,66.24
Morning,Ai,31.1,9,Sunday,59.85
Evening,Ai,113.8,6,Monday,56.6
Afternoon,Java,54.2,7,Monday,49.78
Morning,Python,68.1,8,Thursday,64.47
Evening,DBMS,23.5,9,Saturday,50.63
Afternoon,DBMS,69.4,5,Tuesday,48.14
Night,Machine Learning,77.2,8,Wednesday,49.27
Evening,Java,119.7,2,Saturday,55.91
Morning,Python,117.3,10,Tuesday,59.15
Night,Machine Learning,116.3,9,Saturday,49.02
Afternoon,Machine Learning,48.3,2,Thursday,44.52
Afternoon,Machine Learning,119.0,5,Tuesday,57.67
Evening,Java,60.1,6,Friday,48.5
Evening,Operating Systems,103.7,4,Sunday,51.27
Evening,Machine Learning,33.8,8,Thursday,55.28
Afternoon,Aptitude,65.6,10,Friday,51.74
Night,DSA,116.3,3,Saturday,41.92
Afternoon,Aptitude,114.2,5,Thursday,56.37
Morning,Aptitude,85.2,2,Wednesday,62.21
Afternoon,DBMS,97.8,3,Thursday,52.57
Morning,Operating Systems,29.4,8,Thursday,56.97
Night,Java,89.4,5,Sunday,46.1
Evening,Machine Learning,78.0,3,Thursday,50.79
Evening,DBMS,20.1,5,Thursday,60.7
Afternoon,Python,22.4,9,Monday,59.21
Evening,Python,21.9,3,Friday,57.39
Night,Java,89.7,10,Thursday,47.62
Evening,DBMS,25.6,7,Thursday,56.42
Afternoon,DSA,61.5,8,Saturday,45.65
Night,Java,49.3,5,Monday,43.9
Morning,DBMS,70.6,3,Tuesday,54.33
Afternoon,DBMS,87.7,6,Saturday,43.69
Morning,Operating Systems,85.3,3,Saturday,57.48
Night,Java,66.7,9,Sunday,49.16
Afternoon,Python,61.1,2,Sunday,50.71
Afternoon,Python,53.8,3,Monday,57.69
Night,Machine Learning,104.8,7,Monday,34.29
Evening,Aptitude,46.4,10,Sunday,58.81
Afternoon,Java,38.5,8,Monday,53.29
Afternoon,DBMS,91.8,5,Saturday,52.2
Morning,Java,49.6,5,Saturday,47.28
Evening,DBMS,103.2,5,Sunday,50.03
Morning,DSA,46.1,4,Thursday,53.76
Morning,Java,87.2,9,Monday,63.55
Evening,Ai,15.0,6,Monday,57.55
Evening,Ai,52.4,8,Sunday,56.67
Night,Python,47.8,8,Saturday,42.1
Evening,DSA,99.8,5,Saturday,55.1
Afternoon,Operating Systems,116.4,9,Monday,50.02
Evening,Machine Learning,60.7,2,Thursday,58.87
Night,DSA,100.7,8,Wednesday,47.44
Night,Python,87.0,3,Wednesday,43.37
Night,Operating Systems,116.4,7,Tuesday,46.44
Evening,DBMS,99.2,9,Thursday,48.08
Evening,Operating Systems,18.5,5,Saturday,57.97
Morning,Aptitude,88.5,8,Monday,63.32
Morning,Java,68.9,4,Sunday,60.52
Afternoon,DSA,11.8,1,Monday,53.59
Morning,Python,37.6,1,Monday,63.11
Afternoon,DSA,111.4,6,Wednesday,41.7
Night,DBMS,111.9,8,Sunday,46.82
Morning,Ai,97.9,10,Saturday,53.32
Evening,DBMS,118.0,2,Sunday,47.9
Morning,Python,98.7,4,Monday,65.76
Afternoon,Aptitude,11.1,3,Monday,47.38
Morning,Machine Learning,41.7,9,Wednesday,58.84
Night,Java,13.4,3,Monday,48.63
Evening,Java,20.4,8,Sunday,55.48
Afternoon,Operating Systems,34.1,7,Tuesday,55.51
Evening,Operating Systems,65.4,1,Saturday,49.25
Evening,DBMS,103.2,8,Sunday,50.48
Afternoon,DSA,104.8,9,Friday,50.76
Evening,Ai,77.8,8,Sunday,45.57
Evening,DSA,112.1,10,Sunday,46.99
Morning,Aptitude,65.0,10,Tuesday,55.56
Evening,Machine Learning,107.8,1,Thursday,42.5
Evening,Java,59.9,7,Sunday,49.31
Evening,DSA,40.5,9,Tuesday,54.06
Evening,Java,110.8,5,Tuesday,55.8
Afternoon,Operating Systems,52.7,2,Sunday,44.7
Night,Java,65.4,8,Sunday,37.7
Morning,Ai,46.2,9,Wednesday,59.4
Evening,Java,82.9,7,Thursday,52.46
Evening,DSA,119.5,5,Sunday,39.2
Afternoon,Ai,12.8,8,Saturday,42.68
Night,Java,109.0,6,Sunday,43.54
Evening,Machine Learning,10.4,4,Saturday,49.95
Afternoon,Operating Systems,50.1,1,Tuesday,50.95
Morning,Java,28.5,6,Friday,63.08
Morning,Ai,93.3,8,Tuesday,61.36
Evening,DSA,15.6,3,Monday,54.44
Evening,Operating Systems,70.9,7,Wednesday,52.98
Night,DBMS,42.4,7,Monday,41.58
Night,DBMS,24.7,9,Thursday,45.31
Evening,Aptitude,94.9,1,Thursday,49.88
Afternoon,DBMS,33.9,5,Wednesday,53.54
Night,DSA,34.6,8,Tuesday,39.24
Evening,Machine Learning,40.3,3,Thursday,60.0
Night,Operating Systems,74.5,5,Friday,44.72
Evening,Ai,82.6,1,Sunday,57.7
Morning,Python,11.9,9,Wednesday,56.63
Evening,DBMS,36.6,4,Monday,63.23
Morning,DBMS,57.4,5,Friday,54.58
Night,Python,46.5,3,Sunday,43.73
Evening,Ai,107.3,2,Sunday,45.48
Night,Ai,96.6,7,Saturday,42.11
Morning,Python,78.8,5,Wednesday,61.3
Evening,Ai,47.2,10,Friday,43.56
Night,DSA,87.1,3,Sunday,41.72
Morning,Ai,102.8,2,Wednesday,62.6
Night,Operating Systems,75.4,10,Monday,40.71
Afternoon,Ai,96.3,6,Tuesday,48.58
Morning,Java,92.4,10,Wednesday,58.89
Morning,Java,72.9,6,Thursday,68.27
Morning,DBMS,44.3,3,Monday,60.99
Evening,Machine Learning,92.0,9,Monday,50.27
Evening,DSA,32.7,1,Friday,48.52
Evening,DSA,95.7,3,Thursday,45.45
Afternoon,Ai,98.5,1,Friday,49.37
Afternoon,Machine Learning,100.4,7,Saturday,45.58
Morning,Machine Learning,62.0,2,Monday,51.95
Afternoon,Aptitude,31.2,4,Wednesday,42.92
Night,Machine Learning,21.0,4,Saturday,42.36
Morning,Ai,91.8,8,Thursday,64.89
Morning,Ai,107.5,4,Monday,58.55
Night,Python,81.6,3,Sunday,46.54
Morning,DBMS,25.9,10,Thursday,59.49
Afternoon,Java,112.8,3,Saturday,60.0
Evening,Aptitude,118.8,5,Wednesday,54.59
Night,Ai,57.7,6,Tuesday,51.88
Afternoon,Python,75.4,7,Friday,54.83
Night,Aptitude,95.5,5,Sunday,39.29
Night,DBMS,91.0,7,Friday,47.95
Morning,Aptitude,116.5,4,Saturday,56.71
Morning,Python,22.6,5,Monday,56.9
Afternoon,Operating Systems,73.9,6,Monday,50.46
Night,Java,86.1,9,Wednesday,42.85
Morning,Ai,107.9,6,Monday,59.75
Morning,Java,106.2,10,Monday,59.65
Night,DBMS,117.6,1,Monday,43.89
Afternoon,DSA,66.3,7,Thursday,44.23
Afternoon,DBMS,101.4,3,Thursday,56.1
Night,DBMS,57.0,6,Tuesday,44.64
Afternoon,DBMS,56.5,2,Thursday,51.11
Morning,Operating Systems,37.9,7,Sunday,56.01
Night,Ai,100.0,1,Sunday,39.97
Morning,Python,118.4,2,Friday,62.99
Evening,Ai,38.2,9,Sunday,59.03
Evening,DSA,16.2,9,Saturday,43.21
Afternoon,Python,99.7,7,Tuesday,46.55
Evening,Aptitude,78.2,2,Monday,53.36
Morning,Aptitude,115.6,5,Friday,56.06
Evening,Aptitude,37.7,4,Tuesday,65.08
Morning,Python,17.8,2,Saturday,57.26
Afternoon,Machine Learning,64.2,2,Tuesday,50.37
Afternoon,Operating Systems,19.4,10,Friday,48.58
Morning,Machine Learning,38.8,8,Tuesday,45.32
Evening,Ai,23.9,5,Friday,52.97
Afternoon,Aptitude,34.7,8,Tuesday,44.15
Night,Operating Systems,21.7,2,Tuesday,46.65
Afternoon,Python,114.9,2,Sunday,47.51
Evening,Aptitude,40.6,3,Tuesday,51.17
Night,Python,58.8,10,Friday,46.43
Evening,Operating Systems,108.8,8,Tuesday,52.86
Morning,Python,84.5,8,Sunday,64.11
Night,Python,78.0,3,Saturday,46.8
Evening,DSA,87.6,1,Saturday,59.66
Night,Ai,101.2,7,Thursday,48.61
Evening,Machine Learning,106.5,4,Thursday,55.45
Night,Java,80.7,3,Thursday,47.99
Evening,Machine Learning,107.9,5,Thursday,56.67
Morning,Machine Learning,68.9,6,Thursday,49.0
Night,DBMS,40.5,1,Saturday,44.59
Night,DSA,106.8,9,Monday,36.02
Night,Java,69.6,6,Tuesday,35.44
Night,Aptitude,109.7,3,Saturday,36.44
Morning,Aptitude,14.4,1,Saturday,58.27
Night,Aptitude,53.7,9,Wednesday,38.5
Afternoon,Machine Learning,114.3,2,Monday,50.54
Morning,Ai,37.5,10,Friday,68.18
Afternoon,Machine Learning,113.6,6,Sunday,43.46
Night,Java,114.9,6,Monday,46.02
Evening,Ai,107.0,3,Wednesday,51.49
Afternoon,DSA,72.0,6,Saturday,39.87
Night,Ai,81.2,2,Monday,44.03
Afternoon,Java,105.7,8,Tuesday,46.1
Night,Python,95.3,1,Thursday,44.69
Night,Machine Learning,79.3,6,Tuesday,39.35
Night,Aptitude,118.0,1,Monday,38.3
Evening,Python,85.4,9,Saturday,53.41
Afternoon,Machine Learning,117.3,9,Saturday,35.36
Morning,Operating Systems,16.3,6,Wednesday,62.53
Morning,DBMS,25.3,6,Friday,51.55
Morning,Machine Learning,59.7,9,Tuesday,55.03
Morning,Operating Systems,52.3,5,Wednesday,65.84
Night,Java,96.1,9,Friday,48.58
Afternoon,DSA,27.7,5,Thursday,48.99
Afternoon,Operating Systems,117.4,4,Tuesday,60.96
Evening,DSA,44.7,2,Saturday,51.47
Afternoon,Machine Learning,57.2,2,Tuesday,53.29
Afternoon,DSA,40.2,1,Saturday,42.87
Afternoon,Operating Systems,73.7,10,Saturday,32.57
Evening,Ai,16.4,3,Thursday,56.14
Morning,DBMS,26.5,1,Thursday,62.22
Afternoon,Python,92.0,6,Monday,54.06
Evening,Python,30.5,7,Friday,49.79
Evening,DBMS,35.9,9,Wednesday,69.89
Night,Aptitude,97.2,7,Sunday,36.48
Evening,Python,20.3,4,Sunday,54.51
Morning,Java,58.1,4,Thursday,61.25
Afternoon,Machine Learning,12.5,8,Monday,52.1
Evening,Aptitude,48.1,4,Friday,51.55
Morning,Machine Learning,86.9,1,Friday,60.61
Evening,Operating Systems,19.9,9,Tuesday,63.09
Evening,Java,107.7,3,Monday,52.71
Evening,Operating Systems,110.0,1,Monday,52.47
Evening,Aptitude,21.5,9,Tuesday,49.95
Evening,Aptitude,119.0,10,Sunday,53.22
Morning,Java,42.7,10,Wednesday,55.56
Afternoon,Java,19.3,5,Sunday,50.46
Afternoon,Aptitude,10.6,9,Thursday,47.58
Afternoon,Aptitude,54.9,3,Saturday,45.8
Afternoon,DSA,79.3,6,Tuesday,44.02
Morning,Ai,46.5,7,Thursday,70.75
Night,Aptitude,102.0,5,Saturday,42.51
Night,Java,88.8,8,Monday,39.23
Morning,Ai,48.5,10,Sunday,58.39
Morning,Aptitude,90.8,6,Tuesday,51.53
Evening,Operating Systems,113.5,6,Saturday,48.71
Evening,Machine Learning,20.2,7,Wednesday,55.13
Evening,Ai,43.7,8,Thursday,57.6
Afternoon,Operating Systems,61.0,2,Sunday,51.48
Evening,Python,64.8,7,Thursday,63.52
Night,Java,69.6,9,Thursday,44.12
Afternoon,DSA,43.1,1,Monday,53.47
Evening,DSA,83.4,1,Sunday,55.02
Afternoon,Machine Learning,81.0,7,Saturday,49.22
Night,Aptitude,73.6,5,Thursday,37.59
Evening,Operating Systems,22.5,1,Friday,56.3
Night,Python,62.5,1,Sunday,42.55
Night,Operating Systems,49.2,2,Thursday,51.52
Night,Java,64.0,10,Monday,45.54
Evening,Java,111.4,9,Tuesday,53.01
Morning,Aptitude,62.9,3,Thursday,58.45
Evening,Aptitude,11.5,9,Thursday,53.16
Night,Java,58.3,6,Tuesday,45.79
Evening,DBMS,100.3,10,Saturday,53.61
Night,Java,95.8,6,Saturday,40.99
Morning,Operating Systems,66.5,7,Friday,58.38
Afternoon,Machine Learning,37.5,10,Monday,43.22
Morning,Operating Systems,61.2,8,Tuesday,67.21
Morning,DSA,72.0,3,Monday,57.62
Afternoon,Python,120.0,8,Saturday,50.2
Evening,Ai,80.9,6,Tuesday,57.08
Afternoon,Machine Learning,86.4,6,Wednesday,49.37
Evening,DBMS,64.1,3,Friday,52.7
Evening,Python,49.0,6,Wednesday,59.97
Night,Python,99.4,8,Saturday,51.15
Night,Ai,64.4,7,Sunday,45.37
Afternoon,DSA,119.4,10,Tuesday,51.17
Morning,DSA,60.3,10,Saturday,59.24
Afternoon,DSA,17.5,7,Tuesday,49.33
Evening,Machine Learning,85.1,3,Monday,51.62
Night,Operating Systems,15.1,10,Tuesday,54.57
Afternoon,Python,37.6,3,Saturday,56.67
Afternoon,Operating Systems,48.9,5,Monday,47.59
Night,Operating Systems,91.3,5,Monday,50.67
Night,DSA,64.4,9,Tuesday,46.33
Night,Operating Systems,13.2,9,Monday,45.65
Evening,Python,77.9,10,Saturday,61.54
Night,Python,55.3,5,Sunday,44.58
Morning,Aptitude,111.4,5,Friday,61.27
Afternoon,DBMS,65.0,6,Wednesday,52.44
Night,Machine Learning,88.0,8,Tuesday,36.83
Night,Operating Systems,34.1,6,Monday,46.37
Evening,Machine Learning,93.7,6,Monday,46.08
Evening,Machine Learning,89.3,9,Saturday,52.93
Afternoon,Machine Learning,109.4,1,Monday,50.72
Morning,Ai,13.7,4,Monday,65.88
Afternoon,Java,59.2,10,Friday,53.13
Night,Aptitude,84.7,10,Sunday,54.88
Morning,Machine Learning,20.5,2,Tuesday,50.94
Morning,Java,55.2,9,Tuesday,59.9
Morning,Java,113.6,3,Saturday,62.25
Morning,Aptitude,58.0,10,Friday,65.71
Afternoon,Python,118.4,2,Friday,49.13
Evening,Ai,16.3,8,Friday,60.93
Evening,Operating Systems,89.0,4,Tuesday,47.68
Night,Aptitude,73.9,2,Sunday,37.97
Evening,DBMS,65.1,4,Thursday,57.06
Evening,Java,116.8,7,Saturday,53.4
Evening,Machine Learning,24.3,7,Saturday,56.27
Evening,Java,108.6,1,Wednesday,59.46
Night,Ai,86.0,1,Friday,42.81
Afternoon,DBMS,38.5,3,Friday,56.29
Morning,Python,109.2,2,Tuesday,64.75
Evening,Python,57.2,3,Sunday,58.14
Afternoon,DSA,99.6,4,Saturday,50.01
Evening,Machine Learning,52.8,7,Tuesday,51.79
Evening,DSA,103.6,2,Sunday,55.95
Morning,Ai,80.0,7,Wednesday,61.72
Morning,DBMS,25.5,5,Monday,64.54
Morning,Java,81.5,8,Tuesday,67.45
Evening,Operating Systems,31.0,8,Sunday,51.52
Evening,DSA,55.3,5,Sunday,56.2
Evening,Python,28.7,10,Wednesday,55.29
Morning,Machine Learning,12.4,8,Sunday,52.68
Night,Java,33.3,9,Tuesday,44.96
Afternoon,DBMS,69.0,7,Tuesday,49.95
Night,Aptitude,63.0,6,Tuesday,47.32
Evening,Ai,65.2,7,Thursday,49.36
Evening,Ai,37.2,7,Sunday,54.82
Night,Python,85.4,3,Thursday,46.27
Evening,Aptitude,87.5,6,Friday,45.54
Afternoon,Ai,49.4,6,Thursday,52.0
Evening,Operating Systems,106.9,9,Wednesday,62.07
Afternoon,Java,80.8,1,Tuesday,55.32
Night,Machine Learning,88.4,7,Thursday,43.0
Night,Java,40.5,1,Saturday,39.86
Evening,Operating Systems,10.1,10,Tuesday,59.35
Afternoon,Ai,105.2,4,Monday,47.86
Evening,Operating Systems,100.5,7,Friday,54.78
Morning,Java,23.6,6,Thursday,72.85
Morning,Ai,51.2,6,Saturday,64.44
Morning,Machine Learning,82.7,5,Sunday,54.1
Morning,Machine Learning,81.7,7,Saturday,58.43
Evening,Aptitude,104.6,9,Tuesday,62.97
Morning,Operating Systems,25.4,6,Monday,62.34
Afternoon,DBMS,57.3,10,Friday,44.55
Night,Aptitude,20.7,7,Friday,46.72
Night,Machine Learning,52.9,9,Monday,41.86
Morning,Python,11.7,7,Thursday,60.97
Morning,Ai,108.8,6,Thursday,56.66
Morning,Aptitude,68.0,3,Tuesday,54.5
Evening,DSA,103.5,1,Wednesday,51.17
Night,DBMS,16.6,10,Tuesday,48.82
Morning,Ai,35.0,9,Tuesday,64.97
Afternoon,Aptitude,38.5,7,Sunday,57.67
Morning,Machine Learning,52.5,3,Tuesday,55.61
Night,Java,98.3,10,Sunday,38.12
Morning,Machine Learning,52.5,9,Monday,62.46
Night,DBMS,32.5,3,Friday,37.65
Morning,DSA,17.1,3,Friday,49.08
Afternoon,Aptitude,18.7,7,Wednesday,54.26
Morning,Java,93.6,2,Thursday,55.43
Afternoon,Aptitude,58.9,10,Tuesday,46.62
Afternoon,Operating Systems,89.9,7,Monday,53.23
Morning,Python,85.1,7,Monday,62.41
Afternoon,Machine Learning,24.9,1,Tuesday,46.7
Evening,Aptitude,25.7,10,Monday,48.55
Morning,Aptitude,93.1,2,Monday,57.34
Morning,Ai,89.3,5,Sunday,54.57
Afternoon,Ai,51.6,4,Tuesday,48.01
Afternoon,Aptitude,18.5,3,Wednesday,53.07
Morning,DSA,11.3,10,Monday,60.67
Evening,Python,41.7,8,Friday,55.97
Afternoon,Aptitude,11.0,7,Saturday,47.69
Afternoon,DBMS,35.3,9,Friday,58.99
Night,Machine Learning,56.1,3,Sunday,41.87
Evening,Operating Systems,23.4,10,Sunday,59.31
Evening,Ai,21.5,1,Saturday,49.21
Morning,DBMS,108.6,9,Saturday,56.04
Evening,Machine Learning,74.4,9,Friday,51.41
Morning,Java,112.8,1,Tuesday,61.98
Night,Ai,48.0,8,Saturday,44.44
Evening,DSA,84.5,10,Friday,56.77
Afternoon,Ai,32.5,1,Thursday,38.32
Night,Python,78.0,6,Monday,42.57
Morning,Python,24.3,9,Sunday,60.31
Night,Machine Learning,10.2,3,Wednesday,52.34
Morning,DBMS,112.5,6,Saturday,54.48
Night,Operating Systems,71.0,3,Friday,56.15
Morning,DSA,112.0,5,Tuesday,52.34
Evening,Machine Learning,46.7,7,Sunday,51.22
Afternoon,Java,46.1,10,Saturday,46.2
Morning,DSA,54.1,4,Wednesday,56.53
Night,Python,87.7,4,Sunday,48.51
Morning,Aptitude,72.2,7,Tuesday,59.62
Morning,Aptitude,111.8,5,Wednesday,52.47
Morning,Operating Systems,12.8,1,Wednesday,50.2
Night,DSA,87.9,10,Monday,38.69
Afternoon,Machine Learning,46.3,2,Saturday,48.16
Evening,Operating Systems,29.8,6,Saturday,50.99
Afternoon,Ai,66.1,9,Saturday,52.18
Morning,Ai,65.6,7,Wednesday,59.26
Night,Java,25.1,4,Thursday,46.39
Afternoon,DBMS,32.2,2,Thursday,57.55
Morning,Aptitude,54.9,4,Sunday,56.07
Evening,Machine Learning,55.0,5,Thursday,62.8
Evening,DSA,44.9,2,Sunday,54.4
Evening,Operating Systems,26.3,1,Tuesday,50.29
Morning,Machine Learning,10.5,4,Monday,51.97
Night,Operating Systems,116.7,6,Tuesday,37.8
Afternoon,Operating Systems,113.8,1,Saturday,47.18
Evening,Operating Systems,63.2,1,Saturday,43.85
Morning,DSA,119.5,9,Friday,67.85
Morning,Machine Learning,84.1,5,Saturday,66.19
Afternoon,Python,17.6,2,Thursday,43.99
Evening,Python,22.9,2,Monday,58.26
Morning,DSA,110.8,4,Thursday,49.19
Afternoon,Ai,79.3,2,Monday,53.55
Night,DSA,102.8,4,Tuesday,48.72
Night,Aptitude,108.8,6,Saturday,41.99
Night,Operating Systems,59.3,7,Tuesday,46.5
Evening,Machine Learning,15.3,6,Thursday,49.7
Afternoon,Machine Learning,30.7,4,Wednesday,48.22
Afternoon,DBMS,17.3,10,Monday,53.57
Morning,DBMS,30.8,3,Saturday,56.06
Morning,Java,55.2,4,Friday,66.12
Morning,Python,23.0,5,Sunday,55.56
Afternoon,DBMS,28.3,4,Wednesday,48.41
Morning,DBMS,59.0,3,Tuesday,49.68
Afternoon,Python,47.4,1,Monday,63.61
Afternoon,Aptitude,61.4,3,Wednesday,40.05
Night,Ai,57.2,5,Sunday,47.57
Morning,Python,80.9,6,Friday,64.13
Night,Ai,113.1,4,Wednesday,44.97
Evening,Java,21.9,1,Friday,50.55
Evening,DBMS,20.9,10,Tuesday,52.69
Evening,Machine Learning,103.8,7,Monday,51.04
Afternoon,DBMS,65.7,9,Tuesday,47.38
Afternoon,Operating Systems,94.3,6,Monday,39.37
Afternoon,Java,33.7,6,Wednesday,52.91
Morning,Ai,101.2,9,Tuesday,63.27
Night,Ai,111.6,4,Monday,43.26
Afternoon,Operating Systems,79.9,5,Saturday,46.78
Night,Operating Systems,21.6,5,Friday,47.89
Night,Aptitude,108.5,5,Monday,38.09
Night,DSA,97.2,8,Saturday,32.91
Morning,Operating Systems,92.6,1,Tuesday,60.05
Morning,Ai,14.0,10,Tuesday,58.36
Evening,Machine Learning,97.9,10,Wednesday,50.87
Evening,Ai,25.2,3,Friday,58.02
Night,Ai,34.5,8,Monday,43.02
Evening,Aptitude,73.5,9,Tuesday,57.21
Night,DSA,39.1,2,Monday,52.87
Morning,DSA,82.7,4,Thursday,69.5
Morning,Operating Systems,76.9,8,Friday,64.33
Morning,Java,21.9,5,Friday,48.09
Afternoon,DBMS,82.2,1,Saturday,50.16
Night,Ai,111.6,6,Thursday,52.77
Morning,Python,27.7,9,Friday,63.33
Night,DBMS,75.7,9,Thursday,41.67
Evening,DBMS,47.6,1,Monday,52.95
Evening,DSA,60.6,4,Sunday,57.15
Morning,DSA,41.6,1,Thursday,56.34
Night,Aptitude,49.0,7,Wednesday,40.24
Morning,Aptitude,13.2,3,Saturday,53.73
Evening,DSA,118.0,2,Thursday,54.29
Morning,Machine Learning,78.7,8,Monday,56.89
Night,Machine Learning,65.1,9,Friday,34.95
Evening,Python,52.2,7,Wednesday,54.86
Afternoon,DSA,69.3,6,Thursday,58.48
Evening,Operating Systems,51.8,10,Saturday,52.93
Afternoon,Aptitude,49.6,6,Saturday,50.06
Morning,DSA,61.0,9,Monday,51.9
Morning,Machine Learning,40.4,5,Wednesday,61.32
Night,DSA,29.8,5,Wednesday,51.53
Afternoon,Machine Learning,71.2,2,Wednesday,49.59
Morning,DSA,102.7,6,Thursday,52.97
Afternoon,Ai,26.8,6,Monday,53.2
Morning,Operating Systems,13.6,6,Monday,64.06
Evening,Java,37.1,4,Monday,51.5
Morning,Python,117.8,7,Sunday,64.34
Night,Ai,101.2,9,Tuesday,47.26
Evening,Operating Systems,75.5,1,Friday,45.04
Night,Machine Learning,112.2,3,Monday,40.06
Evening,Aptitude,59.0,10,Tuesday,53.32
Afternoon,Aptitude,118.2,9,Tuesday,49.71
Night,DBMS,42.6,5,Wednesday,44.98
Morning,Operating Systems,36.4,6,Friday,63.95
Afternoon,DSA,80.2,8,Wednesday,53.12
Morning,Python,51.6,9,Friday,70.08
Evening,DSA,78.9,8,Sunday,52.69
Evening,DSA,43.5,3,Wednesday,61.38
Morning,Operating Systems,78.0,10,Saturday,61.66
Morning,Java,40.3,1,Thursday,66.13
Afternoon,Python,15.6,5,Friday,59.98
Morning,DBMS,110.3,7,Saturday,55.31
Night,Ai,107.2,2,Tuesday,44.6
Night,DSA,116.8,1,Tuesday,33.5
Morning,Python,88.8,4,Friday,67.53
Night,DBMS,85.1,3,Wednesday,50.12
Morning,Ai,71.5,4,Sunday,57.72
Afternoon,DSA,23.9,1,Thursday,52.98
Night,Python,30.8,2,Thursday,52.34
Night,Ai,41.8,1,Monday,45.1
Morning,Operating Systems,107.9,3,Friday,62.15
Night,Java,29.0,4,Thursday,44.93
Evening,Aptitude,111.5,1,Wednesday,54.5
Afternoon,Aptitude,67.5,6,Wednesday,46.6
Afternoon,DSA,88.7,2,Tuesday,41.98
Night,DSA,22.1,10,Thursday,37.58
Night,Ai,39.6,5,Thursday,44.64
Evening,Python,115.4,8,Wednesday,51.4
Evening,Aptitude,39.3,4,Tuesday,50.28
Night,DSA,42.6,5,Thursday,39.91
Night,DBMS,31.7,9,Sunday,40.59
Evening,DSA,24.2,2,Sunday,56.65
Morning,Aptitude,35.7,2,Wednesday,49.32
Evening,Machine Learning,80.7,6,Tuesday,53.24
Morning,Java,60.1,6,Tuesday,55.38
Afternoon,Aptitude,70.9,3,Wednesday,49.77
Afternoon,DBMS,23.5,9,Tuesday,46.89
Evening,Python,98.2,1,Saturday,53.07
Morning,DBMS,96.3,3,Saturday,49.28
Evening,Machine Learning,12.4,8,Tuesday,55.05
Evening,Machine Learning,52.2,8,Monday,53.31
Morning,DSA,17.6,4,Tuesday,59.77
Evening,DSA,97.1,8,Sunday,55.84
Afternoon,Aptitude,91.1,10,Thursday,42.95
Night,Operating Systems,109.2,8,Tuesday,39.55
Night,Java,36.0,1,Thursday,53.3
Evening,DBMS,60.2,3,Wednesday,57.72
Morning,Aptitude,30.3,1,Tuesday,50.38
Morning,Operating Systems,50.8,2,Wednesday,59.1
Afternoon,Aptitude,67.4,4,Friday,55.33
Morning,Java,15.9,3,Sunday,67.42
Morning,Java,88.6,6,Saturday,64.79
Afternoon,Machine Learning,69.8,5,Tuesday,45.72
Evening,DSA,101.2,5,Wednesday,53.37
Night,DSA,39.9,10,Friday,34.92
Afternoon,Java,109.4,7,Thursday,50.52
Evening,Aptitude,119.9,7,Thursday,56.02
Afternoon,Java,111.1,9,Saturday,51.54
Evening,DSA,95.6,8,Saturday,39.99
Afternoon,Python,99.4,3,Sunday,44.38
Evening,Aptitude,73.1,2,Sunday,50.87
Afternoon,Machine Learning,30.9,1,Thursday,52.38
Evening,Ai,84.5,10,Thursday,52.99
Afternoon,Aptitude,88.4,6,Thursday,61.79
Night,Aptitude,118.4,4,Monday,39.6
Night,DSA,69.5,3,Sunday,38.54
Morning,Machine Learning,39.9,2,Saturday,49.55
Evening,Aptitude,85.2,2,Wednesday,53.97
Afternoon,DSA,117.7,4,Friday,51.37
Evening,Java,29.5,1,Friday,55.91
Night,DBMS,45.9,6,Tuesday,40.68
Evening,Machine Learning,69.6,10,Wednesday,59.11
Afternoon,Operating Systems,28.7,5,Saturday,53.91
Evening,Python,12.4,10,Monday,53.5
Afternoon,Operating Systems,47.1,9,Monday,65.44
Night,Ai,105.2,2,Wednesday,39.47
Night,Java,14.8,9,Thursday,45.2
Night,Machine Learning,57.2,9,Thursday,43.2
Morning,Aptitude,93.8,10,Wednesday,54.38
Night,DSA,114.9,9,Saturday,42.0
Evening,Ai,118.4,10,Friday,54.4
Morning,Machine Learning,56.4,10,Thursday,60.1
Night,Python,114.5,4,Tuesday,47.0
Evening,Machine Learning,13.9,5,Saturday,54.0
Evening,Ai,92.1,8,Saturday,55.01
Evening,DSA,80.7,8,Monday,49.05
Afternoon,Operating Systems,37.4,1,Sunday,45.5
Morning,DBMS,65.8,10,Thursday,55.92
Evening,Operating Systems,24.3,1,Friday,63.34
Afternoon,DSA,105.9,10,Saturday,50.78
Night,Ai,49.4,6,Thursday,46.65
Evening,DSA,78.9,7,Thursday,56.67
Afternoon,Java,27.5,2,Monday,49.43
Evening,Python,32.7,2,Tuesday,57.77
Morning,Machine Learning,119.1,5,Saturday,51.26
Morning,Java,92.8,9,Sunday,53.68
Night,Machine Learning,115.8,5,Tuesday,46.08
Evening,Operating Systems,42.5,8,Friday,49.62
Afternoon,Ai,28.1,8,Sunday,43.48
Night,DBMS,65.3,5,Wednesday,43.87
Evening,DBMS,64.4,8,Wednesday,47.45
Night,Python,29.2,8,Sunday,49.0
Afternoon,DSA,90.7,5,Wednesday,52.29
Night,Python,49.8,5,Friday,49.14
Night,Machine Learning,30.5,4,Saturday,38.05
Night,Aptitude,46.5,1,Thursday,50.87
Evening,Aptitude,72.0,9,Tuesday,57.04
Afternoon,Aptitude,89.9,2,Tuesday,54.94
Morning,DSA,63.0,1,Thursday,64.23
Evening,Python,67.8,6,Saturday,51.61
Morning,Java,25.3,5,Sunday,52.57
Morning,Ai,110.6,1,Tuesday,54.98
Evening,Operating Systems,112.2,7,Saturday,52.3
Evening,Machine Learning,85.2,7,Sunday,36.38
Afternoon,Aptitude,11.9,3,Sunday,41.64
Afternoon,Ai,69.1,8,Sunday,43.53
Night,DBMS,79.2,6,Tuesday,41.9
Morning,Java,119.4,4,Wednesday,62.98
Afternoon,Python,119.6,10,Wednesday,44.83
Night,Machine Learning,104.3,10,Monday,34.53
Afternoon,Machine Learning,17.0,10,Monday,39.63
Evening,DBMS,114.9,3,Tuesday,57.63
Afternoon,Java,77.4,1,Wednesday,47.09
Morning,DBMS,98.1,2,Saturday,53.91
Afternoon,DBMS,54.8,2,Monday,58.72
Morning,Aptitude,45.2,5,Monday,62.19
Evening,Java,61.0,4,Wednesday,51.35
Morning,Aptitude,26.2,2,Saturday,50.06
Afternoon,Python,49.3,9,Monday,61.41
Night,DBMS,104.3,7,Thursday,46.19
Evening,Operating Systems,14.2,8,Sunday,49.82
Afternoon,Machine Learning,26.6,8,Saturday,45.98
Evening,Java,23.8,2,Thursday,52.92
Evening,DBMS,54.3,5,Wednesday,57.54
Afternoon,Java,119.7,3,Wednesday,41.52
Afternoon,Machine Learning,29.1,10,Monday,45.99
Night,DSA,26.0,9,Tuesday,38.72
Evening,Ai,110.7,9,Friday,54.61
Evening,DSA,107.0,6,Thursday,49.22
Afternoon,DBMS,13.5,4,Thursday,47.01
Morning,Machine Learning,92.7,8,Saturday,52.25
Afternoon,Ai,82.1,5,Saturday,48.29
Evening,DSA,94.5,3,Wednesday,52.09
Afternoon,DBMS,64.4,8,Sunday,41.93
Night,Machine Learning,119.1,6,Tuesday,45.06
Morning,DBMS,14.8,5,Wednesday,70.43
Afternoon,Aptitude,35.8,1,Monday,48.21
Night,Machine Learning,53.6,3,Tuesday,49.51
Evening,DSA,59.5,7,Monday,46.27
Afternoon,DBMS,111.4,3,Thursday,46.19
Evening,Java,71.6,1,Wednesday,61.48
Night,DSA,15.0,8,Saturday,42.09
Evening,DBMS,54.9,7,Wednesday,51.41
Night,Java,55.8,5,Friday,49.18
Night,Java,116.2,10,Tuesday,39.82
Night,Python,75.9,5,Sunday,44.33
Afternoon,Java,79.9,6,Thursday,54.68
Evening,DSA,88.5,7,Friday,55.82
Evening,DSA,94.7,3,Friday,66.55
Morning,Operating Systems,79.9,4,Wednesday,57.18
Morning,Ai,36.1,1,Tuesday,63.47
Morning,Aptitude,106.1,7,Wednesday,64.4
Morning,DSA,90.5,10,Tuesday,57.9
Evening,Machine Learning,91.6,2,Friday,48.33
Night,Ai,119.6,7,Monday,50.8
Night,Java,98.3,6,Thursday,42.47
Afternoon,DBMS,101.2,4,Friday,53.22
Night,Python,114.7,2,Wednesday,49.14
Evening,Machine Learning,26.6,7,Sunday,50.63
Evening,Ai,64.8,7,Sunday,58.74
Evening,Machine Learning,73.9,5,Thursday,54.68
Afternoon,Machine Learning,46.2,9,Friday,51.14
Morning,Machine Learning,102.3,3,Tuesday,60.02
Night,Ai,93.9,9,Sunday,42.38
Evening,Python,89.3,5,Wednesday,55.09
Evening,Java,119.7,2,Sunday,51.9
Morning,Operating Systems,38.5,9,Friday,63.09
Evening,Aptitude,90.9,1,Tuesday,57.35
Night,Java,70.7,1,Tuesday,47.99
Afternoon,DSA,44.4,7,Tuesday,67.88
Evening,Ai,27.7,3,Sunday,49.49
Night,Machine Learning,108.5,8,Thursday,35.08
Evening,Java,75.5,7,Wednesday,52.95
Morning,DSA,100.7,7,Tuesday,57.22
Evening,Ai,70.0,1,Friday,57.2
Evening,DSA,34.2,1,Tuesday,52.74
Afternoon,Machine Learning,47.1,2,Wednesday,51.66
Morning,Operating Systems,52.0,2,Saturday,53.16
Morning,Ai,117.0,5,Saturday,59.89
Afternoon,DSA,10.6,9,Thursday,41.73
Evening,DBMS,118.4,7,Tuesday,54.97
Night,DSA,117.9,2,Friday,39.94
Morning,Aptitude,119.6,5,Wednesday,58.2
Morning,Machine Learning,62.4,5,Sunday,44.74
Evening,Python,116.0,8,Tuesday,61.28
Evening,DSA,53.5,9,Sunday,49.09
Morning,Operating Systems,12.9,8,Thursday,59.44
Evening,DBMS,34.7,2,Monday,57.08
Night,DBMS,114.0,4,Saturday,38.35
Morning,Python,11.5,2,Friday,59.54
Night,Java,70.1,6,Saturday,33.17
Night,Aptitude,18.3,4,Tuesday,43.38
Evening,Python,41.5,7,Tuesday,64.71
Night,Aptitude,19.7,2,Monday,46.37
Evening,DSA,104.5,9,Wednesday,46.48
Afternoon,Machine Learning,75.0,5,Sunday,47.12
Evening,Operating Systems,109.2,1,Sunday,58.4
Night,DBMS,85.7,3,Sunday,36.95
Afternoon,Python,116.8,4,Monday,50.92
Evening,Operating Systems,66.1,3,Sunday,51.08
Night,Aptitude,80.3,6,Wednesday,45.61
Morning,Machine Learning,73.4,6,Tuesday,58.57
Morning,DBMS,63.3,10,Monday,63.16
Evening,DBMS,103.1,7,Saturday,51.37
Evening,Aptitude,80.9,9,Sunday,58.17
Morning,Machine Learning,98.1,10,Saturday,45.39
Night,DBMS,96.5,9,Sunday,36.25
Night,Machine Learning,31.0,7,Tuesday,50.43
Night,DBMS,81.5,1,Monday,42.61
Evening,DSA,32.0,3,Tuesday,56.78
Afternoon,Aptitude,74.2,5,Saturday,46.35
Afternoon,Machine Learning,84.5,10,Saturday,49.73
Afternoon,Operating Systems,119.7,6,Tuesday,52.07
Afternoon,Java,13.4,6,Sunday,60.19
Afternoon,DSA,20.0,5,Tuesday,48.88
Evening,Ai,18.5,6,Thursday,52.91
Evening,Operating Systems,53.8,9,Monday,61.39
Afternoon,Aptitude,100.4,1,Thursday,53.4
Evening,DBMS,102.8,1,Tuesday,50.95
Evening,Ai,91.1,9,Friday,59.37
Afternoon,Operating Systems,108.7,8,Saturday,48.01
Night,DSA,45.5,9,Wednesday,44.44
Evening,Ai,19.7,7,Monday,57.18
Night,Ai,16.4,10,Monday,49.06
Evening,Machine Learning,103.7,6,Saturday,50.95
Evening,Python,90.3,9,Wednesday,55.68
Afternoon,Operating Systems,86.8,2,Thursday,60.44
Evening,Python,47.4,4,Wednesday,56.8
Morning,Aptitude,51.8,2,Friday,66.68
Morning,Operating Systems,115.4,6,Tuesday,57.19
Afternoon,Operating Systems,17.0,1,Wednesday,45.77
Night,Machine Learning,95.1,7,Sunday,44.85
Night,DBMS,44.1,7,Wednesday,43.73
Night,DSA,14.3,7,Tuesday,34.3
Morning,DSA,91.7,4,Saturday,54.97
Night,DSA,46.4,8,Monday,46.54
Night,Java,89.4,5,Saturday,38.52
Afternoon,Aptitude,87.8,2,Sunday,42.9
Night,Ai,68.8,5,Friday,45.97
Morning,DBMS,95.5,10,Saturday,51.29
Morning,Python,73.9,9,Wednesday,63.54
Morning,DSA,41.5,10,Wednesday,64.18
Afternoon,Java,90.8,1,Monday,56.5
Afternoon,Python,74.8,2,Friday,48.74
Evening,DBMS,11.4,10,Tuesday,63.9
Night,Aptitude,109.2,8,Tuesday,47.94
Afternoon,DBMS,70.0,5,Thursday,46.64
Morning,Machine Learning,105.5,9,Friday,55.89
Morning,Ai,107.1,6,Friday,56.51
Afternoon,DSA,58.9,8,Wednesday,38.73
Afternoon,Aptitude,65.8,1,Thursday,57.1
Afternoon,Machine Learning,55.7,9,Tuesday,49.08
Evening,DSA,59.4,9,Sunday,54.25
Morning,DBMS,108.5,3,Friday,60.5
Evening,DBMS,96.7,1,Friday,47.44
Evening,Java,23.9,8,Monday,56.73
Night,Operating Systems,77.1,8,Tuesday,49.78
Morning,Operating Systems,119.5,9,Monday,64.75
Morning,DBMS,75.5,6,Thursday,65.46
Afternoon,DBMS,96.4,9,Friday,50.25
Afternoon,Python,94.6,10,Thursday,40.16
Night,Java,48.5,9,Saturday,45.39
Evening,Ai,50.9,4,Monday,55.36
Afternoon,Python,89.6,5,Tuesday,61.97
Afternoon,Ai,65.0,6,Friday,59.48
Morning,Machine Learning,72.8,6,Saturday,60.5
Morning,Operating Systems,88.4,10,Saturday,50.12
Afternoon,Operating Systems,95.5,2,Tuesday,44.46
Morning,Java,39.9,4,Thursday,62.61
Night,DBMS,26.1,9,Saturday,36.17
Afternoon,DBMS,42.1,7,Wednesday,54.42
Morning,Machine Learning,65.8,9,Tuesday,62.63
Night,Aptitude,47.6,6,Saturday,49.8
Morning,Aptitude,72.5,7,Tuesday,65.47
Morning,Java,15.9,9,Tuesday,58.06
Morning,Aptitude,66.1,4,Friday,59.68
Afternoon,Operating Systems,50.5,9,Thursday,45.76
Evening,Python,68.8,3,Thursday,58.34
Morning,Aptitude,56.5,8,Friday,49.12
Night,DSA,41.3,3,Tuesday,42.54
Afternoon,Java,109.5,3,Tuesday,53.5
Afternoon,Machine Learning,30.3,3,Wednesday,51.08
Night,Aptitude,85.0,9,Saturday,46.34
Morning,DSA,111.7,10,Tuesday,53.7
Evening,Aptitude,69.3,3,Saturday,45.58
Morning,Python,106.4,6,Monday,64.98
Night,Python,23.7,4,Saturday,39.23
Afternoon,Aptitude,64.3,2,Tuesday,44.14
Evening,Java,60.3,3,Wednesday,56.07
Afternoon,Java,10.9,5,Monday,49.87
Night,DSA,58.8,10,Wednesday,55.94
Morning,Machine Learning,50.6,4,Saturday,56.86
Evening,DSA,83.7,5,Wednesday,54.87
Afternoon,Machine Learning,113.2,1,Saturday,42.21
Afternoon,Aptitude,19.4,4,Thursday,54.13
Afternoon,Machine Learning,46.0,10,Saturday,44.85
Morning,DBMS,58.8,3,Friday,57.41
Evening,Operating Systems,60.1,2,Wednesday,53.96
Morning,Ai,95.2,7,Tuesday,58.33
Morning,Operating Systems,58.8,10,Thursday,59.6
Morning,Python,13.0,9,Sunday,70.27
Night,DBMS,88.1,1,Monday,48.21
Night,Operating Systems,107.3,7,Saturday,41.08
Night,Aptitude,66.5,1,Friday,44.72
Evening,Machine Learning,73.9,5,Thursday,46.03
Morning,Machine Learning,27.9,1,Wednesday,48.97
Morning,DSA,34.3,3,Sunday,59.73
Night,DSA,35.9,8,Sunday,44.63
Morning,Java,57.4,4,Thursday,62.03
Morning,Machine Learning,112.1,1,Tuesday,65.43
Afternoon,Java,67.4,1,Tuesday,51.1
Morning,Aptitude,31.1,8,Tuesday,64.08
Afternoon,Machine Learning,39.3,8,Friday,47.63
Morning,DSA,52.2,4,Sunday,43.51
Evening,Operating Systems,78.6,4,Thursday,60.83
Night,Java,58.4,10,Thursday,40.15
Afternoon,Java,53.2,2,Sunday,48.29
Night,Python,72.1,2,Wednesday,43.48
Afternoon,DSA,36.6,6,Monday,50.33
Afternoon,Aptitude,18.7,8,Tuesday,58.35
Afternoon,Java,12.7,7,Monday,52.99
Evening,Operating Systems,37.6,7,Sunday,56.07
Morning,Operating Systems,20.1,3,Sunday,56.12
Afternoon,Operating Systems,47.0,2,Monday,48.57
Evening,DBMS,95.0,10,Tuesday,53.49
Afternoon,DBMS,88.8,7,Tuesday,53.82
Morning,Ai,77.2,4,Wednesday,60.15
Afternoon,Operating Systems,103.8,1,Friday,53.46
Evening,Java,41.0,1,Tuesday,54.11
Morning,Aptitude,107.4,4,Monday,65.08
Evening,Machine Learning,53.9,5,Sunday,53.48
Morning,Aptitude,54.1,5,Wednesday,60.56
Morning,DBMS,54.6,1,Thursday,63.41
Night,DSA,20.8,3,Sunday,46.17
Night,Java,117.3,6,Wednesday,54.27
Night,Ai,25.2,10,Tuesday,41.49
Morning,DBMS,47.5,7,Sunday,61.41
Afternoon,Machine Learning,45.1,1,Saturday,48.43
Evening,Python,18.2,8,Tuesday,61.63
Evening,Ai,26.7,4,Friday,52.67
Evening,DBMS,14.9,9,Wednesday,55.52
Night,Aptitude,42.2,6,Tuesday,42.65
Morning,Ai,105.3,1,Monday,61.76
Night,Java,47.3,2,Monday,40.68
Afternoon,Aptitude,23.6,3,Wednesday,56.82
Morning,Operating Systems,81.0,2,Sunday,57.69
Evening,Operating Systems,119.6,10,Friday,63.63
Night,Operating Systems,35.6,7,Saturday,38.7
Night,Ai,40.8,1,Wednesday,46.01
Afternoon,Python,116.9,9,Friday,52.51
Afternoon,Machine Learning,29.7,2,Monday,51.33
Night,Java,66.2,4,Tuesday,48.79
Afternoon,Ai,36.4,8,Thursday,43.35
Evening,DSA,112.6,3,Tuesday,59.94
Afternoon,Java,118.0,9,Monday,54.46
Afternoon,Aptitude,99.6,7,Saturday,39.52
Night,Aptitude,44.6,10,Sunday,49.2
Night,Ai,54.4,3,Monday,38.69
Morning,Ai,36.7,3,Tuesday,61.39
Morning,Machine Learning,108.0,5,Tuesday,56.52
Night,Python,110.6,5,Saturday,43.1
Afternoon,Ai,56.1,10,Saturday,45.29
Afternoon,Operating Systems,82.2,5,Monday,52.62
Morning,Machine Learning,28.2,9,Tuesday,53.57
Morning,DSA,57.8,9,Sunday,60.7
Morning,Operating Systems,79.5,6,Thursday,62.68
Evening,DSA,52.4,7,Thursday,53.19
Evening,DBMS,49.3,10,Wednesday,59.39
Morning,DSA,10.1,8,Thursday,56.46
Afternoon,Operating Systems,98.5,9,Monday,49.79
Morning,DBMS,107.8,6,Monday,52.5
Evening,Operating Systems,116.6,8,Wednesday,52.21
Afternoon,Aptitude,89.1,2,Sunday,42.62
Evening,Operating Systems,70.4,10,Friday,46.21
Afternoon,DBMS,39.6,8,Sunday,46.22
Evening,DSA,119.9,2,Wednesday,53.43
Afternoon,Aptitude,74.9,8,Friday,51.48
Afternoon,Python,84.9,2,Friday,54.89
Afternoon,Python,85.1,3,Tuesday,50.87
Afternoon,Java,103.0,7,Saturday,49.49
Night,Python,11.1,9,Thursday,51.48
Evening,Python,34.2,3,Sunday,59.49
Evening,Machine Learning,83.2,5,Friday,55.89
Night,Python,108.5,9,Tuesday,49.44
Afternoon,DBMS,85.4,7,Wednesday,45.08
Afternoon,Ai,55.5,2,Wednesday,54.05
Evening,Python,49.8,5,Sunday,49.04
Night,Operating Systems,91.2,5,Sunday,43.61
Afternoon,Ai,91.5,9,Friday,53.32
Afternoon,Python,76.8,2,Sunday,51.16
Afternoon,Ai,42.1,1,Tuesday,36.84
Morning,DSA,111.8,4,Monday,63.03
Night,DBMS,70.7,4,Sunday,49.54
Afternoon,DBMS,97.0,1,Saturday,39.08
Morning,Java,33.6,10,Saturday,57.89
Night,Ai,47.8,7,Thursday,44.06
Afternoon,Java,106.2,2,Friday,50.23
Evening,Aptitude,15.5,9,Monday,61.42
Morning,Machine Learning,66.4,7,Thursday,59.2
Morning,Operating Systems,63.0,7,Monday,55.11
Afternoon,Ai,92.6,1,Saturday,43.68
Afternoon,DBMS,41.0,9,Tuesday,46.13
Morning,Java,34.1,10,Sunday,47.65
Evening,DSA,111.9,9,Friday,51.25
Evening,Python,72.9,2,Monday,60.38
Night,DBMS,21.5,10,Monday,46.67
Afternoon,DSA,31.2,9,Monday,49.86
Evening,Python,119.9,2,Saturday,52.56
Night,Machine Learning,31.5,2,Friday,42.63
Evening,DBMS,77.2,8,Tuesday,57.7
Afternoon,Java,56.2,3,Tuesday,54.24
Night,DBMS,107.4,3,Monday,46.5
Night,Ai,93.1,7,Tuesday,39.57
Night,Ai,75.7,10,Thursday,42.85
Evening,DSA,11.2,6,Tuesday,56.18
Afternoon,Java,106.8,7,Monday,46.68
Night,Aptitude,58.9,6,Thursday,41.91
Morning,Ai,112.5,9,Friday,63.5
Afternoon,Operating Systems,64.5,2,Wednesday,53.96
Morning,Machine Learning,86.4,8,Saturday,50.2
Morning,Operating Systems,17.6,6,Tuesday,53.23
Night,DBMS,92.0,4,Sunday,35.96
Night,Operating Systems,47.2,6,Thursday,48.34
Evening,Python,48.6,6,Wednesday,52.78
Evening,Machine Learning,23.1,10,Friday,50.32
Evening,Operating Systems,26.2,3,Wednesday,48.83
Afternoon,Python,30.4,8,Friday,52.07
Evening,DSA,46.1,5,Monday,52.82
Morning,Operating Systems,108.1,10,Monday,62.22
Evening,Machine Learning,50.5,4,Saturday,51.71
Night,Python,89.7,2,Saturday,34.27
Evening,Operating Systems,19.1,10,Friday,56.76
Afternoon,DSA,75.0,1,Wednesday,48.57
Afternoon,Operating Systems,63.0,7,Saturday,53.16
Morning,Python,117.6,10,Tuesday,57.88
Afternoon,Operating Systems,103.1,3,Wednesday,52.75
Evening,Machine Learning,60.0,3,Saturday,50.45
Night,DBMS,95.3,3,Wednesday,40.72
Afternoon,Java,31.2,10,Sunday,52.33
Morning,Java,71.9,3,Tuesday,62.01
Evening,Python,18.2,2,Wednesday,55.29
Morning,Python,48.3,6,Wednesday,57.67
Afternoon,Python,34.8,10,Thursday,57.77
Afternoon,Python,89.1,3,Friday,56.3
Morning,Operating Systems,63.9,1,Monday,60.06
Evening,Machine Learning,92.6,10,Saturday,49.92
Afternoon,Java,66.7,9,Sunday,41.39
Night,DSA,19.5,6,Saturday,47.86
Afternoon,Java,90.9,6,Saturday,41.42
Evening,Machine Learning,101.7,10,Friday,57.52
Afternoon,Python,109.4,9,Wednesday,62.1
Morning,Aptitude,72.9,2,Tuesday,56.16
Afternoon,Operating Systems,92.9,10,Tuesday,47.51
Afternoon,Aptitude,92.7,9,Monday,46.06
Evening,Operating Systems,27.1,3,Monday,61.21
Morning,Python,28.1,3,Monday,62.65
Evening,Operating Systems,17.8,3,Tuesday,47.6
Afternoon,Python,45.2,1,Wednesday,46.6
Night,Machine Learning,62.1,10,Monday,46.32
Afternoon,Ai,119.8,7,Monday,46.33
Evening,DBMS,57.4,10,Sunday,43.17
Night,Operating Systems,89.9,7,Tuesday,47.81
Evening,Python,86.3,2,Saturday,55.85
Evening,Aptitude,32.5,6,Wednesday,51.21
Morning,Python,16.4,4,Monday,60.25
Night,Aptitude,70.1,7,Wednesday,43.35
Afternoon,Java,87.0,7,Thursday,49.03
Evening,Operating Systems,119.8,4,Saturday,58.83
Afternoon,DSA,49.4,3,Saturday,49.7
Morning,Aptitude,108.6,7,Monday,62.92
Morning,Python,52.0,9,Monday,61.54
Night,Operating Systems,85.8,4,Sunday,38.19
Morning,Python,75.8,6,Tuesday,69.2
Morning,DSA,15.8,7,Saturday,55.92
Afternoon,DBMS,18.6,10,Sunday,42.22
Morning,Ai,12.3,3,Thursday,75.08
Morning,Ai,50.8,5,Thursday,61.14
Evening,DSA,92.0,1,Thursday,48.31
Morning,Machine Learning,29.0,6,Friday,62.4
Evening,Operating Systems,76.6,5,Tuesday,59.82
Morning,DSA,41.8,7,Tuesday,56.99
Morning,DBMS,97.7,9,Monday,55.53
Night,Python,97.8,4,Tuesday,45.7
Night,Operating Systems,95.3,9,Monday,48.41
Evening,Java,67.7,6,Sunday,55.98
Morning,Aptitude,41.3,5,Monday,56.95
Afternoon,DSA,99.0,2,Friday,56.06
Night,Java,30.5,1,Sunday,34.39
Afternoon,Java,41.9,8,Tuesday,47.0
Night,DBMS,30.2,6,Tuesday,44.4
Night,Java,84.2,7,Friday,43.45
Morning,DSA,85.5,6,Friday,56.43
Night,Machine Learning,81.8,10,Sunday,46.34
Afternoon,Ai,55.7,7,Sunday,46.3
Night,Ai,21.0,9,Tuesday,46.88
Evening,Operating Systems,110.2,5,Tuesday,56.64
Morning,Python,65.9,1,Sunday,60.82
Morning,DBMS,54.8,1,Monday,59.16
Evening,DSA,74.8,9,Wednesday,44.99
Evening,Operating Systems,31.2,5,Saturday,56.51
Evening,DSA,24.6,2,Monday,53.59
Night,Operating Systems,54.6,3,Thursday,42.66
Morning,Ai,35.0,1,Thursday,57.67
Evening,Java,36.9,6,Wednesday,56.52
Night,Machine Learning,108.2,6,Saturday,37.5
Evening,DSA,68.4,3,Friday,52.91
Afternoon,Machine Learning,63.2,3,Thursday,51.47
Afternoon,Aptitude,85.8,7,Friday,51.02
Morning,Aptitude,114.7,1,Friday,55.61
Night,Java,22.3,5,Monday,47.75
Afternoon,Ai,101.7,3,Friday,48.49
Afternoon,DBMS,74.2,5,Wednesday,54.21
Night,Machine Learning,26.1,4,Monday,41.08
Evening,Operating Systems,42.7,6,Wednesday,55.75
Night,DBMS,63.1,9,Friday,47.99
Evening,DSA,86.0,2,Thursday,49.67
Afternoon,DSA,36.7,10,Saturday,49.58
Afternoon,Operating Systems,68.8,8,Friday,58.5
Afternoon,Python,85.3,2,Wednesday,54.37
Morning,Java,59.4,4,Tuesday,61.02
Morning,Python,104.9,9,Tuesday,66.47
Morning,Java,105.6,4,Thursday,64.15
Night,DSA,61.8,7,Sunday,41.7
Afternoon,Java,117.0,5,Saturday,42.29
Afternoon,Ai,18.3,2,Wednesday,46.74
Night,Ai,10.4,8,Thursday,43.18
Morning,Operating Systems,51.9,10,Monday,53.64
Night,Python,76.1,10,Friday,53.94
Morning,Machine Learning,79.2,2,Sunday,50.33
Afternoon,DSA,62.4,3,Monday,48.75
Evening,Aptitude,23.7,10,Tuesday,50.52
Morning,Machine Learning,28.8,7,Friday,60.94
Afternoon,Operating Systems,103.7,5,Monday,54.95
Afternoon,Aptitude,105.5,10,Tuesday,43.45
Evening,Machine Learning,84.1,3,Saturday,53.31
Afternoon,Python,83.1,2,Monday,46.03
Afternoon,Java,75.7,6,Friday,48.01
Morning,Ai,32.3,10,Monday,73.25
Morning,Python,57.1,1,Sunday,60.41
Evening,Aptitude,86.5,8,Sunday,56.51
Evening,Java,69.1,5,Friday,56.57
Afternoon,Java,12.0,5,Monday,49.22
Morning,Java,114.9,2,Thursday,56.93
Evening,DBMS,102.9,7,Saturday,59.4
Evening,Ai,38.7,5,Monday,64.61
Night,DSA,77.8,8,Monday,44.27
Evening,Aptitude,111.6,5,Sunday,58.06
Afternoon,Operating Systems,20.6,9,Sunday,51.37
Morning,DSA,65.3,5,Thursday,58.06
Evening,Machine Learning,60.2,3,Sunday,50.29
Night,Ai,55.1,2,Tuesday,42.82
Morning,Operating Systems,101.9,5,Friday,70.21
Evening,Operating Systems,51.9,10,Wednesday,59.05
Night,Python,17.0,10,Tuesday,47.16
Evening,Machine Learning,17.2,5,Friday,50.58
Morning,Python,14.7,6,Monday,64.59
Morning,Python,55.0,2,Tuesday,55.5
Morning,Java,89.0,5,Monday,56.22
Afternoon,Ai,32.4,1,Tuesday,49.0
Evening,DBMS,81.1,3,Tuesday,52.89
Afternoon,Python,85.6,3,Wednesday,50.95
Morning,DSA,38.1,3,Thursday,62.4
Night,Operating Systems,76.1,3,Tuesday,54.7
Evening,Ai,85.3,8,Sunday,55.57
Afternoon,Python,61.3,1,Monday,51.23
Evening,Aptitude,47.0,6,Wednesday,60.03
Night,DSA,78.1,6,Tuesday,44.24
Afternoon,Machine Learning,117.6,1,Sunday,35.67
Morning,Operating Systems,57.0,1,Thursday,65.99
Afternoon,Ai,53.1,3,Monday,44.07
Evening,Aptitude,61.1,8,Wednesday,55.66
Evening,Ai,18.4,6,Friday,51.01
Evening,Ai,70.8,4,Saturday,46.3
Evening,Aptitude,46.2,5,Thursday,52.77
Morning,Machine Learning,23.4,10,Sunday,42.32
Afternoon,Aptitude,61.3,3,Friday,46.53
Morning,DSA,10.4,6,Friday,61.09
Morning,Java,54.2,6,Wednesday,61.83
Morning,Ai,21.6,6,Wednesday,50.64
Evening,Machine Learning,12.7,9,Wednesday,57.85
Evening,Ai,100.7,10,Sunday,63.86
Evening,Aptitude,110.8,8,Sunday,60.64
Afternoon,Machine Learning,32.8,6,Friday,45.36
Night,Machine Learning,69.3,2,Saturday,36.7
Evening,Python,40.6,4,Monday,52.52
Afternoon,Python,64.3,6,Wednesday,61.13
Evening,Java,58.0,9,Thursday,52.41
Evening,Python,39.6,2,Wednesday,53.45
Morning,Aptitude,87.0,6,Saturday,61.19
Morning,Operating Systems,23.9,10,Wednesday,65.68
Morning,DSA,15.8,10,Saturday,60.87
Afternoon,Aptitude,94.4,10,Wednesday,44.73
Night,Ai,83.3,7,Friday,47.47
Night,Python,64.8,8,Saturday,51.31
Afternoon,Machine Learning,61.5,9,Monday,48.01
Evening,Aptitude,64.7,5,Wednesday,56.47
Afternoon,Machine Learning,58.1,9,Friday,49.02
Evening,Java,53.2,9,Thursday,53.65
Afternoon,Ai,65.0,7,Monday,52.27
Afternoon,Machine Learning,68.1,2,Friday,52.45
Afternoon,Machine Learning,86.1,8,Saturday,51.51
Night,Java,88.2,5,Tuesday,44.72
Morning,DBMS,51.5,8,Thursday,60.34
Afternoon,Operating Systems,55.5,2,Thursday,47.48
Night,DSA,51.1,7,Tuesday,51.89
Morning,DSA,69.0,5,Friday,56.84
Morning,Python,59.9,4,Friday,61.51
Afternoon,DBMS,107.9,10,Sunday,47.4
Evening,Aptitude,86.6,6,Saturday,53.04
Evening,Java,108.9,5,Thursday,47.51
Evening,Aptitude,88.0,6,Sunday,54.73
Afternoon,DSA,116.8,9,Friday,51.22
Evening,Operating Systems,79.9,1,Tuesday,55.79
Night,Machine Learning,116.0,1,Sunday,41.8
Night,Ai,27.4,6,Friday,44.73
Night,Python,15.8,2,Thursday,39.81
Night,Operating Systems,73.7,8,Friday,50.47
Morning,DSA,118.2,7,Monday,51.74
Night,DBMS,55.9,6,Tuesday,40.65
Evening,Python,33.3,4,Tuesday,63.0
Afternoon,Java,67.4,9,Wednesday,43.24
Evening,DSA,81.4,7,Friday,53.21
Night,Aptitude,44.7,7,Saturday,51.07
Morning,Python,88.6,5,Tuesday,62.36
Night,Java,117.3,1,Friday,38.11
Afternoon,DSA,108.7,2,Monday,52.76
Evening,Aptitude,42.1,8,Sunday,54.25
Afternoon,Ai,45.9,5,Thursday,50.61
Afternoon,Aptitude,50.9,2,Thursday,39.8
Afternoon,Machine Learning,53.4,5,Wednesday,54.53
Evening,Java,21.0,8,Wednesday,63.85
Night,Java,93.8,4,Saturday,41.88
Afternoon,DBMS,50.2,3,Tuesday,46.69
Evening,Java,106.8,5,Saturday,54.67
Morning,Machine Learning,112.0,7,Tuesday,60.73
Evening,DSA,12.7,2,Tuesday,57.16
Morning,Ai,118.7,1,Monday,60.05
Evening,Operating Systems,88.1,5,Wednesday,57.73
Night,Ai,67.2,7,Wednesday,48.75
Afternoon,Ai,52.8,8,Thursday,62.82
Night,Java,67.0,8,Wednesday,47.21
Evening,Ai,45.7,10,Wednesday,55.89
Afternoon,Java,78.5,9,Monday,42.41
Morning,Machine Learning,20.2,1,Saturday,47.84
Evening,Operating Systems,78.3,7,Tuesday,55.63
Afternoon,Aptitude,40.3,10,Saturday,46.6
Morning,Java,11.9,8,Sunday,52.22
Morning,DSA,70.8,6,Sunday,51.05
Night,DBMS,73.6,10,Monday,48.02
Evening,Operating Systems,56.9,4,Friday,52.11
Morning,DSA,18.0,7,Thursday,55.16
Afternoon,Java,108.3,3,Thursday,44.75
Morning,Operating Systems,77.3,2,Thursday,55.92
Morning,Java,22.7,6,Saturday,55.12
Night,Machine Learning,66.2,2,Tuesday,42.89
Night,DSA,64.7,6,Tuesday,45.17
Afternoon,Machine Learning,16.6,10,Tuesday,45.9
Night,Python,76.8,3,Thursday,38.08
Morning,DSA,98.9,2,Thursday,53.4
Morning,Operating Systems,92.4,8,Saturday,54.43
Night,Python,32.3,4,Saturday,49.16
Morning,Machine Learning,104.9,4,Sunday,54.49
Morning,Machine Learning,47.7,7,Thursday,60.13
Afternoon,Operating Systems,114.1,8,Friday,57.0
Night,Python,17.9,9,Friday,46.17
Morning,Ai,63.5,10,Sunday,56.95
Night,Aptitude,75.7,8,Saturday,42.19
Afternoon,DBMS,37.2,4,Thursday,50.32
Night,Operating Systems,94.9,2,Tuesday,39.79
Morning,Machine Learning,79.0,10,Tuesday,60.5
Night,DSA,12.0,5,Friday,44.5
Morning,Python,76.9,7,Friday,57.86
Morning,Java,64.1,2,Thursday,59.13
Morning,Aptitude,31.6,4,Thursday,50.71
Afternoon,DBMS,119.5,6,Tuesday,42.33
Night,DSA,108.7,8,Saturday,45.42
Afternoon,Python,42.2,10,Wednesday,50.92
Night,Aptitude,69.5,6,Saturday,48.65
Afternoon,Operating Systems,44.8,6,Sunday,47.31
Evening,Java,95.3,6,Tuesday,56.1
Morning,Aptitude,112.3,4,Saturday,56.89
Morning,Operating Systems,49.5,3,Tuesday,54.95
Afternoon,Java,98.6,1,Thursday,52.06
Evening,Java,64.8,2,Wednesday,51.65
Morning,Ai,53.6,2,Wednesday,61.59
Night,Python,113.2,10,Sunday,39.83
Afternoon,Java,66.1,7,Thursday,53.72
Morning,Aptitude,61.4,6,Monday,62.17
Morning,Java,84.0,8,Thursday,66.11
Afternoon,DBMS,38.7,9,Friday,53.62
Afternoon,Aptitude,45.7,5,Saturday,46.72
Night,Python,112.5,3,Wednesday,54.68
Night,DSA,84.6,4,Sunday,42.92
Morning,DSA,100.9,8,Thursday,47.44
Morning,Aptitude,39.8,3,Tuesday,56.96
Afternoon,Aptitude,69.8,2,Tuesday,49.26
Morning,Operating Systems,116.9,7,Saturday,63.54
Morning,Python,45.1,4,Tuesday,59.83
Afternoon,Operating Systems,27.7,8,Sunday,43.55
Morning,DBMS,66.2,1,Thursday,49.75
Morning,Ai,52.7,8,Monday,66.46
Evening,DSA,27.6,5,Sunday,58.2
Night,Java,107.7,2,Friday,39.3
Afternoon,Java,119.0,1,Tuesday,42.9
Evening,Machine Learning,72.5,6,Thursday,58.2
Night,Machine Learning,95.2,9,Monday,49.47
Night,Python,104.5,9,Wednesday,43.39
Night,Java,87.1,9,Sunday,40.84
Evening,Python,14.9,4,Sunday,56.78
Evening,Machine Learning,27.3,6,Sunday,44.89
Night,Python,17.8,10,Sunday,39.47
Morning,DSA,11.1,6,Wednesday,57.29
Morning,DBMS,43.7,5,Saturday,52.02
Evening,DBMS,53.2,2,Friday,69.56
Evening,Java,36.5,7,Thursday,61.23
Evening,Operating Systems,17.1,1,Thursday,53.48
Night,DSA,68.3,6,Tuesday,44.65
Morning,Ai,40.1,5,Monday,51.98
Evening,Python,97.6,5,Friday,59.01
Evening,Python,10.9,8,Monday,60.71
Afternoon,Java,102.7,9,Sunday,43.66
Night,Ai,115.0,7,Sunday,39.75
Afternoon,Operating Systems,88.8,10,Sunday,42.45
Morning,Operating Systems,90.7,8,Friday,66.92
Afternoon,Python,112.7,2,Thursday,58.67
Afternoon,Python,33.0,2,Thursday,53.96
Afternoon,Ai,119.4,8,Friday,50.67
Night,Java,95.1,6,Monday,38.76
Morning,DSA,89.9,8,Saturday,52.41
Afternoon,Ai,49.7,9,Wednesday,48.55
Night,Operating Systems,70.0,9,Wednesday,41.65
Morning,Ai,81.9,6,Sunday,59.82
Evening,Ai,78.2,8,Tuesday,46.81
Afternoon,Ai,87.5,2,Tuesday,43.55
Morning,DSA,19.1,8,Saturday,52.85
Afternoon,Aptitude,49.1,3,Monday,42.13
Evening,Python,57.7,1,Saturday,59.0
Morning,Machine Learning,38.7,7,Thursday,63.7
Night,Java,29.0,1,Monday,36.53
Morning,Ai,25.3,1,Friday,61.45
Night,Java,50.3,1,Sunday,39.98
Morning,Machine Learning,64.3,4,Wednesday,57.95
Night,Aptitude,16.9,4,Tuesday,47.67
Evening,Python,114.1,10,Monday,46.7
Evening,Operating Systems,94.2,6,Monday,60.35
Evening,Machine Learning,90.4,10,Friday,55.61
Morning,Java,29.0,3,Sunday,62.43
Evening,Java,76.4,10,Sunday,42.73
Afternoon,Java,68.3,6,Thursday,49.83
Evening,Operating Systems,118.1,7,Sunday,54.68
Night,Machine Learning,92.2,1,Thursday,45.18
Night,Java,73.3,6,Sunday,46.27
Night,Operating Systems,103.6,10,Sunday,44.28
Morning,Ai,27.1,1,Wednesday,50.26
Afternoon,Java,11.7,7,Saturday,52.76
Evening,Machine Learning,85.9,10,Saturday,47.6
Afternoon,Operating Systems,20.8,5,Tuesday,51.01
Afternoon,Aptitude,22.7,10,Thursday,57.77
Night,DSA,91.9,4,Thursday,43.95
Night,Operating Systems,39.8,1,Thursday,43.25
Night,DSA,79.1,9,Saturday,35.18
Morning,DSA,110.9,7,Monday,52.34
Afternoon,Python,44.8,2,Sunday,42.96
Afternoon,Ai,33.9,4,Sunday,46.82
Morning,Aptitude,21.7,4,Thursday,70.95
Morning,DSA,24.4,8,Saturday,54.46
Morning,DBMS,16.8,2,Friday,59.85
Afternoon,Ai,19.6,5,Saturday,50.46
Afternoon,DSA,57.5,10,Wednesday,45.49
Night,Operating Systems,45.3,8,Thursday,51.87
Night,DSA,87.7,6,Tuesday,41.56
Afternoon,Operating Systems,105.7,4,Monday,56.13
Night,Java,96.3,5,Sunday,45.0
Morning,Operating Systems,68.4,2,Friday,60.43
Evening,DBMS,21.3,5,Saturday,48.96
Night,DSA,88.1,3,Wednesday,48.72
Afternoon,DSA,49.9,3,Monday,48.44
Night,Machine Learning,19.4,7,Friday,40.46
Night,Ai,102.7,3,Monday,52.95
Night,Machine Learning,47.2,4,Wednesday,32.44
Evening,Python,34.0,7,Wednesday,64.57
Morning,Operating Systems,105.9,3,Thursday,70.15
Afternoon,DBMS,109.2,10,Tuesday,45.55
Evening,Machine Learning,47.3,10,Thursday,49.72
Afternoon,DSA,49.0,2,Saturday,40.42
Afternoon,Python,73.8,10,Sunday,53.36
Afternoon,DBMS,90.7,7,Monday,46.8
Evening,Aptitude,16.9,5,Thursday,54.38
Morning,DSA,75.3,1,Wednesday,62.18
Afternoon,DSA,114.8,10,Wednesday,40.97
Morning,Java,38.8,8,Wednesday,52.32
Morning,Aptitude,110.0,3,Thursday,61.67
Night,Operating Systems,114.5,7,Sunday,40.07
Evening,Operating Systems,39.6,6,Saturday,47.04
Evening,Machine Learning,93.0,10,Saturday,50.0
Night,Machine Learning,36.3,6,Friday,42.39
Night,DSA,91.1,8,Thursday,39.45
Morning,Ai,97.7,4,Thursday,60.79
Afternoon,DSA,37.2,4,Thursday,44.03
Evening,Machine Learning,88.7,3,Thursday,56.59
Afternoon,Aptitude,99.3,1,Wednesday,49.02
Afternoon,Machine Learning,49.4,10,Sunday,54.2
Night,DSA,28.4,3,Tuesday,37.48
Afternoon,DBMS,20.1,1,Thursday,47.05
Morning,DSA,73.3,6,Thursday,63.67
Night,DBMS,117.6,8,Tuesday,39.74
Afternoon,DBMS,100.5,3,Thursday,50.16
Night,DSA,57.9,4,Sunday,31.11
Morning,Ai,69.0,5,Tuesday,54.65
Morning,Ai,40.7,7,Wednesday,55.33
Afternoon,Python,27.9,6,Friday,51.15
Night,Machine Learning,63.0,2,Thursday,47.96
Afternoon,Ai,61.0,7,Friday,48.64
Afternoon,Operating Systems,67.4,8,Thursday,48.38
Night,DSA,114.8,1,Monday,39.98
Afternoon,DBMS,76.4,6,Sunday,41.28
Morning,DSA,76.6,9,Saturday,61.09
Night,Machine Learning,24.1,7,Monday,43.88
Night,Aptitude,119.6,5,Wednesday,43.38
Night,Ai,95.0,10,Friday,53.01
Night,Ai,106.5,10,Friday,31.13
Afternoon,Ai,55.6,9,Tuesday,55.11
Afternoon,DBMS,65.2,2,Sunday,39.14
Morning,Operating Systems,67.4,7,Tuesday,60.66
Evening,Java,31.4,9,Thursday,59.82
Evening,Operating Systems,85.8,2,Tuesday,46.07
Morning,Ai,109.3,10,Tuesday,66.18
Evening,Operating Systems,28.0,6,Friday,54.31
Morning,Aptitude,19.5,9,Monday,55.98
Afternoon,Ai,91.2,3,Friday,51.11
Night,Python,40.1,8,Sunday,46.61
Night,DBMS,78.6,5,Tuesday,56.86
Afternoon,Aptitude,86.5,7,Thursday,49.04
Night,Java,45.4,3,Monday,49.23
Night,DBMS,99.7,8,Tuesday,45.6
Evening,Java,70.5,2,Tuesday,56.78
Afternoon,Ai,105.6,8,Saturday,45.74
Evening,Aptitude,94.0,2,Thursday,51.21
Evening,Ai,105.5,7,Thursday,56.92
Night,Java,12.2,2,Tuesday,40.02
Night,Java,36.8,7,Tuesday,34.98
Afternoon,Aptitude,19.9,1,Friday,50.54
Night,Ai,58.6,6,Wednesday,40.88
Night,Python,107.9,10,Thursday,45.55
Afternoon,DBMS,61.4,7,Sunday,38.66
Night,Aptitude,103.5,4,Thursday,49.77
Evening,Python,46.0,1,Sunday,40.53
Afternoon,DSA,47.4,6,Sunday,48.13
Night,Ai,108.5,4,Saturday,44.63
Morning,Machine Learning,56.8,3,Friday,59.0
Afternoon,Aptitude,96.9,4,Monday,55.14
Afternoon,Operating Systems,36.0,6,Saturday,41.11
Morning,Python,114.4,5,Saturday,68.81
Night,Python,73.2,2,Monday,42.51
Night,Aptitude,93.5,2,Monday,48.3
Afternoon,Java,19.8,3,Thursday,59.11
Afternoon,Python,64.2,6,Wednesday,50.94
Night,DSA,109.1,1,Wednesday,40.4
Night,Python,106.5,7,Sunday,47.97
Evening,Machine Learning,15.1,8,Friday,50.13
Afternoon,Machine Learning,43.4,7,Sunday,40.68
Afternoon,Java,58.8,3,Monday,53.46
Morning,Ai,28.9,6,Monday,63.77
